player,player_id,season,club,value_high,actual_log,pred_log,actual,pred,residual_log,residual_pct,lower_log,upper_log,lower,upper,sigma_log,z
Ashley Barnes,4422,2025-26,Burnley,122000.0,11.711784520403112,14.696911811828613,122000.00000000003,2414279.3569690236,-2.985127291425501,18.78917505712314,14.580699920654297,16.284908294677734,2149400.3525428465,11815327.769645434,0.6649012422548622,-4.489579958223746
Randal Kolo Muani,5743,2025-26,PSG,32000000.0,17.281246492014,18.05613136291504,31999999.999999955,69450952.95441775,-0.7748848709010403,1.1703422798255578,17.5908260345459,18.258821487426758,43611263.47837377,85056089.70135999,0.26062012909401094,-2.9732349285327984
Samuel Chukwueze,7208,2025-26,AC Milan,22000000.0,16.906553056777135,17.77055549621582,22000000.000000007,52198038.58035977,-0.8640024394386856,1.3726381172890798,17.375520706176758,18.126123428344727,35163552.99051352,74486124.29427972,0.2928495658257457,-2.950328565461467
Freddie Woodman,852,2025-26,Liverpool,742000.0,13.517105869857504,14.851949691772461,742000.0,2819159.4667722154,-1.3348438219149568,2.7994062894504252,15.073467254638672,16.258047103881836,3518224.336379433,11502178.577826083,0.46216684844257505,-2.8882292756677748
Tyrell Malacia,10803,2025-26,Manchester United,3000000.0,14.914123179965662,17.13442611694336,3000000.000000001,27630369.798297152,-2.2203029369776974,8.210123266099048,15.690346717834473,17.792837142944336,6519749.835995338,53374151.061129645,0.8202919999648329,-2.7067226512911073
Tosin Adarabioyo,5590,2025-26,Chelsea,10000000.0,16.118095750958314,17.338401794433594,9999999.999999996,33882247.5779181,-1.2203060434752793,2.388224757791811,16.328710556030273,17.702669143676758,12344367.881327057,48772106.6894004,0.536053446079546,-2.2764633870000264
Axel Disasi,6885,2025-26,Chelsea,23000000.0,16.951004817371683,17.87287139892578,22999999.999999974,57821508.37456517,-0.9218665815540987,1.5139786249810974,17.020021438598633,18.213375091552734,24643442.48271106,81277117.65542617,0.46558997033049887,-1.9799966500560828
Lutsharel Geertruida,13064,2025-26,RB Leipzig,37000000.0,17.426428497635523,18.012283325195312,36999999.99999993,66471464.624989465,-0.585854827559789,0.7965260709456645,17.67816162109375,18.46717643737793,47591350.95575447,104759355.75191422,0.30783614228246253,-1.9031385438238233
Angus Gunn,5544,2025-26,Nottingham Forest,2000000.0,14.508658238524095,15.44171142578125,2000000.0000000016,5084520.210381334,-0.9330531872571548,1.5422601051906646,15.111332893371582,16.571748733520508,3653998.552207783,15740517.367139744,0.5697849635788403,-1.637553194448329
James Rowswell,14176,2025-26,Tottenham Hotspur,182000.0,12.111767460549332,13.333017349243164,182000.00000000003,617241.5572664315,-1.2212498886938317,2.3914371278375355,12.628137588500977,14.584226608276367,305020.5132966743,2156994.0020320346,0.7631731184016974,-1.6002265531200546
Max Weiss,13731,2025-26,Burnley,8000000.0,15.894952224644102,16.62321662902832,8000000.000000002,16571858.9149719,-0.7282644043842179,1.071482364371487,15.930802345275879,17.114225387573242,8292003.914985547,27077815.940775916,0.46171551726322163,-1.5773011240794796
Gabriel Jesus,5543,2025-26,Arsenal,43000000.0,17.57671069691365,18.21006965637207,43000000.000000015,81008904.93213071,-0.6333589594584197,0.8839280216774577,17.588825225830078,18.649272918701172,43524092.91518914,125682935.77241972,0.41373637114084266,-1.5308273664990741
Lewis Miley,11386,2025-26,Newcastle United,52000000.0,17.76675429577647,18.27382469177246,51999999.99999991,86341824.56470457,-0.5070703959959921,0.6604197031673984,17.604145050048828,18.45428466796875,44196008.052827835,103417490.37525047,0.33168413948730907,-1.5287749265906447
Josh Dasilva,10405,2025-26,Brentford,5000000.0,15.424948670398354,16.409748077392578,4999999.999999999,13386375.617059529,-0.9847994069942239,1.6772751234119063,15.50878620147705,17.229101181030273,5437261.098799706,30374109.675704733,0.6711852754684651,-1.4672541889523225
Jørgen Strand Larsen,11070,2025-26,Crystal Palace,39000000.0,17.479072229734946,17.97160530090332,39000000.00000001,63821793.77695303,-0.4925330711683742,0.6364562506911029,17.470605850219727,18.354249954223633,38671205.006029196,93572766.55815452,0.34475600015758506,-1.4286424919167222
Alysson Edward,14446,2025-26,Aston Villa,10000000.0,16.118095750958314,16.681697845458984,9999999.999999996,17569900.349922474,-0.5636020945006699,0.7569900349922482,16.24086570739746,17.283369064331055,11306243.112517402,32067994.45231139,0.4067353427231063,-1.3856727835042206
George Hemmings,14193,2025-26,Aston Villa,147000.0,11.898194668458823,12.789288520812988,146999.99999999988,358357.270595177,-0.8910938523541656,1.4378045618719544,12.573047637939453,14.264992713928223,288671.36473242036,1567499.2546231686,0.6601166852595566,-1.3499035431952295
Christian Nørgaard,7083,2025-26,Arsenal,27000000.0,17.11134746100564,17.66286849975586,26999999.999999993,46869067.69564881,-0.5515210387502201,0.7358913961351417,16.982723236083984,18.05478286743164,23741216.630617812,69357361.77451669,0.4182667985438166,-1.3185867027225784
Joe Willock,6630,2025-26,Newcastle United,24000000.0,16.993564429978885,17.502763748168945,24000000.0,39935001.30965353,-0.5091993181900598,0.6639583879022304,16.975383758544922,17.980247497558594,23567606.380667638,64375744.50611245,0.3920501498239132,-1.29881169135827
Ryan Yates,11003,2025-26,Nottingham Forest,18000000.0,16.705882371415992,17.172075271606445,17999999.999999985,28690460.443597715,-0.46619290019045323,0.5939144690887633,16.600563049316406,17.525896072387695,16200667.249425713,40869558.294922605,0.3610210382237482,-1.2913178203801055
Lucas Paquetá,7365,2025-26,Flamengo,26000000.0,17.073607134447293,17.67038917541504,25999999.999999985,47222883.55926616,-0.5967820409677458,0.8162647522794686,17.106775283813477,18.323871612548828,26876832.996486668,90772923.66069317,0.4748532358219935,-1.2567715579208125
João Palhinha,10715,2025-26,FC Bayern,56000000.0,17.840862266556567,18.184232711791992,56000000.00000003,78942689.60468525,-0.3433704452354256,0.4096908857979501,17.77750587463379,18.478689193725586,52562098.41936823,105972394.00995108,0.27356845971354876,-1.2551536298993162
Lorenzo Lucca,11936,2025-26,Napoli,39000000.0,17.479072229734946,17.90435028076172,39000000.00000001,59670616.066380925,-0.42527805102677263,0.5300157965738695,17.37239646911621,18.25859260559082,35053865.14658995,85036624.13490486,0.3457516821328116,-1.2300100708213273
Mohamadou Kanté,14219,2025-26,West Ham United,7000000.0,15.76142084987672,16.46558952331543,6999999.999999995,14155155.368137809,-0.7041686734387103,1.0221650525911168,15.68652629852295,17.182994842529297,6494889.173311112,29005464.697779622,0.5838510179104786,-1.2060759540316155
Viktor Gyokeres,7254,2025-26,Arsenal,77000000.0,18.15931599280497,18.565134048461914,76999999.99999994,115540773.13729131,-0.40581805565694395,0.5005295212635247,17.895204544067383,18.76168441772461,59127372.2832117,140635839.7493161,0.33805933192510107,-1.200434412935701
Neco Williams,8204,2025-26,Nottingham Forest,46000000.0,17.6441519761925,18.006816864013672,46000000.00000004,66109092.28799348,-0.3626648878211718,0.4371541801737702,17.510723114013672,18.305381774902344,40254126.93710009,89109968.28498603,0.3100381026447161,-1.1697429597444113
Sam Byram,902,2025-26,Leeds United,3000000.0,14.914123179965662,15.470354080200195,3000000.000000001,5232260.125596,-0.5562309002345334,0.7440867085319994,15.436349868774414,16.66298484802246,5057332.210195346,17244172.012908295,0.47857476463971244,-1.1622654208549485
Cristhian Mosquera,10024,2025-26,Arsenal,71000000.0,18.078190449090098,18.39432144165039,71000000.00000009,97398506.16530523,-0.31613099256029287,0.3718099459902127,17.87682342529297,18.581130981445312,58050472.64260957,117403933.85455887,0.2747873887684225,-1.1504567002771469
Romaine Mundle,11461,2025-26,Sunderland,15000000.0,16.52356082573315,17.03116226196289,15000000.00000001,24919525.775671013,-0.5076014362297414,0.6613017183780665,16.200008392333984,17.343246459960938,10853609.985810531,34046794.00395535,0.4460372469380645,-1.1380247719541359
Noah Sadiki,13716,2025-26,Sunderland,65000000.0,17.989897843244528,18.358112335205078,65000000.00000007,93934879.09407255,-0.36821449196055056,0.44515198606265316,17.63918113708496,18.493715286254883,45771908.76815332,107576768.57661092,0.3333986770589996,-1.1044269737620758
Eliezer Mayenda,13718,2025-26,Sunderland,21000000.0,16.860033043306743,17.28535270690918,20999999.99999998,32131669.026404776,-0.425319663602437,0.5300794774478478,16.655895233154297,17.65552520751953,17122349.814021375,46526155.022290304,0.3900081832020734,-1.0905403576674897
John Victor,14017,2025-26,Nottingham Forest,11000000.0,16.213405921671733,16.70030975341797,11000000.000000013,17899971.838685643,-0.4869038317462362,0.6272701671532384,16.053211212158203,17.202190399169922,9371756.582750667,29567618.927871566,0.44827715930385814,-1.086166943018829
Lyle Foster,7498,2025-26,Burnley,17000000.0,16.648723960844016,16.942157745361328,16999999.999999974,22797414.799216315,-0.29343378451731184,0.34102439995390293,16.461240768432617,17.182254791259766,14093731.71776658,28984007.106904637,0.28130545933718876,-1.0431144322925685
Sven Botman,8635,2025-26,Newcastle United,72000000.0,18.09217669086922,18.367063522338867,72000000.00000012,94779482.24522431,-0.2748868314696473,0.3163816978503355,17.98430633544922,18.665035247802734,64637566.207690306,127679686.96794854,0.2655881207730934,-1.0350117718725014
Ben Winterburn,13242,2025-26,Bournemouth,336000.0,12.724869415131389,13.228543281555176,336000.00000000006,556009.9579352667,-0.503673866423787,0.6547915414740076,13.17984390258789,14.463643074035645,529581.3217084344,1911965.9254434835,0.5008775199749342,-1.0055828946944807
Kai Havertz,5220,2025-26,Arsenal,76000000.0,18.1462439114085,18.476346969604492,76000000.00000007,105724473.36638577,-0.3301030581959914,0.3911114916629693,17.963760375976562,18.879364013671875,63323075.35025544,158198954.9426195,0.3572250937128136,-0.9240757830449992
Altay Bayindir,12054,2025-26,Manchester United,10000000.0,16.118095750958314,16.48829460144043,9999999.999999996,14480225.70816384,-0.3701988504821152,0.44802257081638464,16.125566482543945,17.152746200561523,10074987.078732317,28141225.674971465,0.4007567859301542,-0.9237494247861227
Harvey Barnes,6681,2025-26,Newcastle United,46000000.0,17.6441519761925,17.96087074279785,46000000.00000004,63140359.006599955,-0.3167187666053515,0.3726165001434762,17.583133697509766,18.465036392211914,43277077.915294856,104535405.71397084,0.3440765848785254,-0.920489160043156
Angel Gomes,5598,2025-26,Marseille,26000000.0,17.073607134447293,17.54108428955078,25999999.999999985,41495031.92779336,-0.467477155103488,0.5959627664535917,16.63496208190918,17.939191818237305,16767650.494261319,61786274.485212564,0.5088485569537377,-0.9186960417104789
Kaden Rodney,11033,2025-26,Crystal Palace,131000.0,11.782960235741939,12.424532890319824,130999.99999999997,248830.91076384005,-0.6415726545778853,0.8994726012506878,12.233392715454102,14.048908233642578,205538.33698556054,1262882.5975718207,0.7083280083447687,-0.9057564391349167
Callum Olusesi,13224,2025-26,Tottenham Hotspur,7000000.0,15.76142084987672,16.32106590270996,6999999.999999995,12250359.250295198,-0.5596450528332415,0.7500513214707437,15.281219482421875,16.883928298950195,4330611.229257281,21507843.756644104,0.625300931110109,-0.895001150629494
Morgan Rogers,12412,2025-26,Aston Villa,97000000.0,18.390221546776935,18.642349243164062,97000000.0,124815753.4065174,-0.2521276963871273,0.2867603443970866,18.099632263183594,18.82560920715332,72538807.27657464,149919523.85913715,0.28324175567466214,-0.8901501679601465
Rayan Ait Nouri,6674,2025-26,Manchester City,54000000.0,17.804494623047066,18.058551788330078,53999999.99999998,69619257.41049215,-0.2540571652830117,0.28924550760170703,17.615123748779297,18.35383415222168,44683896.008254,93533866.90191346,0.2882097473537446,-0.881500947194494
Zach Abbott,13306,2025-26,Nottingham Forest,8000000.0,15.894952224644102,16.367443084716797,8000000.000000002,12831876.783845184,-0.4724908600726945,0.6039845979806476,15.827898979187012,17.21018409729004,7481163.197277128,29804920.75166146,0.5393020631668789,-0.8761154320421899
Murillo,12123,2025-26,Nottingham Forest,79000000.0,18.184958423089522,18.38320541381836,78999999.99999993,96321816.98911366,-0.1982469907288369,0.2192635061913133,17.970287322998047,18.56865882873535,63737733.46854489,115948747.56646612,0.23345616859947121,-0.8491829190813077
Enes Ünal,6219,2025-26,Bournemouth,23000000.0,16.951004817371683,17.273439407348633,22999999.999999974,31751145.95916592,-0.3224345899769503,0.3804846069202589,16.865877151489258,17.911378860473633,21123085.59011126,60091493.10616082,0.4079051574204577,-0.790464607057158
Quilindschy Hartman,13727,2025-26,Burnley,55000000.0,17.822843761378564,18.042619705200195,55000000.000000075,68518866.63276264,-0.2197759438216309,0.24579757514113723,17.53989028930664,18.26144790649414,41445516.41499673,85279776.25851057,0.28151754406285356,-0.7806829395064707
Adrien Truffert,8640,2025-26,Bournemouth,67000000.0,18.020203192280615,18.221525192260742,67000000.00000012,81942241.08751832,-0.20132199998012723,0.2230185236943011,17.735382080078125,18.408205032348633,50393968.85141078,98760177.7466146,0.26250359028930115,-0.766930462772922
Arthur Masuaku,1760,2025-26,Sunderland,5000000.0,15.424948670398354,15.781106948852539,4999999.999999999,7139168.056148382,-0.3561582784541848,0.42783361122967667,15.619832992553711,16.856903076171875,6075852.265496348,20934373.44509474,0.48264604721554527,-0.7379285099482599
Jonah Kusi-Asare,13262,2025-26,FC Bayern,7000000.0,15.76142084987672,16.22934913635254,6999999.999999995,11176780.860449728,-0.46792828647581963,0.5966829800642479,15.222573280334473,16.854393005371094,4083941.0977352792,20881892.575970523,0.6366586262871605,-0.7349751768929363
Ferdi Kadioglu,13066,2025-26,Brighton & Hove Al..,53000000.0,17.78580249038432,17.992542266845703,52999999.99999999,65172115.008917086,-0.20673977646138297,0.2296625473380584,17.54751205444336,18.282533645629883,41762611.2910027,87097055.4013444,0.28677054784695233,-0.7209240210111072
Kepa,5061,2025-26,Arsenal,40000000.0,17.50439003707821,17.79742431640625,39999999.999999985,53619549.96838398,-0.29303427932804027,0.3404887492096001,17.296709060668945,18.366525650024414,32498647.46259497,94728516.69291705,0.41739166999159955,-0.7020606792031521
Mikkel Damsgaard,8859,2025-26,Brentford,56000000.0,17.840862266556567,18.020116806030273,56000000.00000003,66994212.37113023,-0.17925453947370684,0.19632522091303914,17.653173446655273,18.324810028076172,46416865.19153763,90858146.36355689,0.2620407246774993,-0.6840713011090941
Myles Lewis-Skelly,12272,2025-26,Arsenal,82000000.0,18.22222981742365,18.393434524536133,82000000.00000001,97312160.05897702,-0.1712047071124836,0.18673365925581714,17.93238639831543,18.586660385131836,61367220.47172157,118054905.68920372,0.25526666412407095,-0.6706896401845502
Borna Sosa,7075,2025-26,Crystal Palace,9000000.0,16.012735246411598,16.310583114624023,8999999.999999996,12122612.06299194,-0.2978478682124255,0.34695689588799383,15.800969123840332,16.947996139526367,7282385.073640321,22930904.40186862,0.4475155146837951,-0.6655587536956756
Joël Piroe,13835,2025-26,Leeds United,13000000.0,16.380459992348886,16.709823608398438,13000000.000000013,18071082.25361652,-0.32936361604955167,0.3900832502781924,16.219484329223633,17.523683547973633,11067066.110233732,40779233.35710271,0.5088366504428231,-0.6472875249118116
Igor Jesus,13778,2025-26,Nottingham Forest,51000000.0,17.747336210296442,17.951581954956055,50999999.99999997,62556577.108803876,-0.20424574465961243,0.2265995511530179,17.2351016998291,18.046527862548828,30556918.02175095,68787173.0992635,0.31657998623531136,-0.6451631610969817
Nilson Angulo,14424,2025-26,Sunderland,14000000.0,16.454567959008102,16.58673095703125,14000000.00000001,15978120.800872099,-0.1321629980231478,0.14129434291943485,16.394996643066406,16.9241943359375,13190356.696188716,22391551.74128641,0.20646782914092066,-0.6401142423643272
Chris Rigg,13719,2025-26,Sunderland,24000000.0,16.993564429978885,17.39749526977539,24000000.0,35944809.188445665,-0.4039308397965051,0.4977003828519027,16.382564544677734,18.02040672302246,13027387.992002001,67013637.94773106,0.6390083018004473,-0.6321214273091661
Malick Thiaw,8378,2025-26,Newcastle United,69000000.0,18.049617077054286,18.184595108032227,68999999.99999994,78971303.32339326,-0.13497803097794048,0.1445116423680192,17.752145767211914,18.31268310546875,51245878.21616832,89762970.6195214,0.21869507169319807,-0.6171974061093514
Joe Worrall,10756,2025-26,Burnley,5000000.0,15.424948670398354,15.716837882995605,4999999.999999999,6694773.689512802,-0.2918892125972512,0.3389547379025607,15.424880027770996,16.639907836914062,4999656.798573824,16850784.601564463,0.47404619762906886,-0.6157400144904197
Jaidon Anthony,10746,2025-26,Burnley,20000000.0,16.811242881518265,17.129283905029297,20000000.000000015,27488653.256908275,-0.31804102351103225,0.3744326628454127,16.554853439331055,17.887651443481445,15476810.652806472,58682459.63557308,0.5199945394835904,-0.6116237755628754
Beto,9983,2025-26,Everton,23000000.0,16.951004817371683,17.170520782470703,22999999.999999974,28645896.079368144,-0.2195159650990206,0.24547374258122506,16.661712646484375,17.582595825195312,17222247.89838137,43253806.63174653,0.35928492010102514,-0.6109801798452777
Tyler Fredricson,13467,2025-26,Manchester United,3000000.0,14.914123179965662,15.285431861877441,3000000.000000001,4348891.886743639,-0.37130868191177946,0.44963062891454575,14.81299877166748,16.388477325439453,2711461.653152265,13104644.261622284,0.6146769746681646,-0.6040712393891632
Oliver Sonne,13726,2025-26,Burnley,5000000.0,15.424948670398354,15.839864730834961,4999999.999999999,7571218.666284251,-0.41491606043660667,0.5142437332568505,14.993071556091309,16.770341873168945,3246445.4499456366,19198482.95433913,0.6934065456196156,-0.5983734405994757
Alex Murphy,12199,2025-26,Newcastle United,315000.0,12.660331092405906,13.107511520385742,315000.0000000002,492627.9439165787,-0.4471804279798359,0.5638982346558046,12.738893508911133,14.657281875610352,340745.3060693369,2320472.63450576,0.7484641124806752,-0.5974640874867354
Jota Silva,12766,2025-26,Nottingham Forest,16000000.0,16.588099342704055,16.91798210144043,16000000.000000026,22252881.33739948,-0.3298827587363746,0.3908050835874652,16.01121711730957,17.446395874023438,8986347.202540344,37746218.16309268,0.5599386511310004,-0.5891408961857805
John McGinn,7723,2025-26,Aston Villa,54000000.0,17.804494623047066,17.936098098754883,53999999.99999998,61595420.45763295,-0.1316034757078164,0.1406559344006107,17.687599182128906,18.271991729736328,48042623.35049436,86183708.23120163,0.22800224244369002,-0.5772025498403537
Habib Diarra,9767,2025-26,Sunderland,47000000.0,17.665658180950928,17.8740234375,46999999.99999998,57888159.36867077,-0.20836525654907234,0.23166296529086802,17.2582950592041,18.192672729492188,31273918.30750815,79611786.93548447,0.3645498303960384,-0.5715686558479789
Pau Torres,6221,2025-26,Aston Villa,67000000.0,18.020203192280615,18.1890926361084,67000000.00000012,79327278.88679625,-0.16888944382778348,0.18398923711635984,17.779396057128906,18.545696258544922,52661544.33545394,113316602.35397582,0.29897397737740067,-0.5648968024216738
Evann Guessand,8006,2025-26,Aston Villa,69000000.0,18.049617077054286,18.19862174987793,68999999.99999994,80086810.64677246,-0.1490046728236436,0.16067841517061635,17.671384811401367,18.349348068237305,47269923.77609204,93115205.89147635,0.2645090932214652,-0.5633253322557294
Mikel Merino,5304,2025-26,Arsenal,66000000.0,18.005165315142214,18.171634674072266,65999999.999999985,77954404.9056089,-0.16646935893005121,0.18112734705468067,17.782018661499023,18.545392990112305,52799835.99728138,113282242.21572313,0.2978324406434713,-0.5589362883720516
Dean Henderson,7702,2025-26,Crystal Palace,52000000.0,17.76675429577647,17.900426864624023,51999999.99999991,59436962.065099455,-0.13367256884755463,0.14301850125191456,17.55862045288086,18.178016662597656,42229113.27603269,78453499.94500807,0.24165901046264168,-0.5531453952064378
Brian Brobbey,9789,2025-26,Sunderland,52000000.0,17.76675429577647,17.985612869262695,51999999.99999991,64722072.568055406,-0.2188585734862265,0.24465524169337532,17.192522048950195,18.2119197845459,29283126.326420706,81158920.5225703,0.3977206256469522,-0.5502821814438722
Sander Berge,8285,2025-26,Fulham,48000000.0,17.6867115897055,17.873964309692383,48000000.00000006,57884736.66985051,-0.18725271998688342,0.20593201395521754,17.53976821899414,18.41623878479004,41440457.45651476,99556788.17470968,0.3419572259357413,-0.5475910604739521
Leandro Trossard,7698,2025-26,Arsenal,72000000.0,18.09217669086922,18.260921478271484,72000000.00000012,85234894.39151709,-0.1687447874022645,0.18381797765995758,17.862728118896484,18.655855178833008,57237973.097256646,126512942.21881314,0.30944054462819376,-0.5453221639233433
Mamadou Sarr,11253,2025-26,Chelsea,34000000.0,17.341871111992198,17.592994689941406,33999999.99999994,43705943.909896694,-0.25112357794920825,0.2854689385263756,16.81085777282715,17.99869155883789,19992299.308689333,65574112.11203607,0.4634363801688355,-0.5418728194314846
Ben White,7298,2025-26,Arsenal,72000000.0,18.09217669086922,18.246564865112305,72000000.00000012,84019952.06701198,-0.15438817424308482,0.16694377870849783,17.851232528686523,18.599212646484375,56583756.31109716,119546101.08986174,0.29182635004402935,-0.5290412405178335
Daniel Muñoz,12408,2025-26,Crystal Palace,54000000.0,17.804494623047066,17.921812057495117,53999999.99999998,60721721.43487697,-0.11731743444805076,0.12447632286809251,17.616016387939453,18.187349319458008,44723800.41201902,79189106.7927893,0.22290699992920865,-0.5263066412688193
Lisandro Martínez,10802,2025-26,Manchester United,62000000.0,17.9426449591384,18.096864700317383,62000000.000000045,72338329.11035529,-0.1542197411789843,0.16674724371540703,17.734344482421875,18.49774169921875,50341707.304321975,108010790.26515862,0.29784137052665716,-0.5177915375096672
Daniel James,5595,2025-26,Leeds United,17000000.0,16.648723960844016,16.925861358642578,16999999.999999974,22428910.098071117,-0.27713739779856184,0.31934765282771477,16.168682098388672,17.556228637695312,10518876.92421328,42128229.734722495,0.541354820064235,-0.511933001290499
Frank Onyeka,9681,2025-26,Brentford,18000000.0,16.705882371415992,16.89162254333496,17999999.999999985,21673968.653601095,-0.18574017191896885,0.20410936964450627,16.462339401245117,17.40769386291504,14109224.063622408,36313271.38738612,0.3688324535406039,-0.5035895570901034
Callum Hudson-Odoi,6456,2025-26,Nottingham Forest,67000000.0,18.020203192280615,18.16426658630371,67000000.00000012,77382140.83585174,-0.14406339402309598,0.15495732590823294,17.795658111572266,18.529613494873047,53524930.44159732,111508734.92216668,0.2863545641218764,-0.5030944572679507
Chemsdine Talbi,13717,2025-26,Sunderland,57000000.0,17.858561843342684,18.095054626464844,57000000.000000045,72207509.82249005,-0.23649278312215927,0.26679841793842096,17.060340881347656,18.2729549407959,25657355.23747002,86266761.32549618,0.4731044670314237,-0.4998743398177455
Dan Burn,7382,2025-26,Newcastle United,25000000.0,17.034386422832473,17.18596076965332,24999999.999999963,29091620.497992583,-0.1515743468208477,0.16366481991970505,16.96946144104004,17.756641387939453,23428444.0155308,51476778.88500317,0.30712026331372716,-0.49353417838800373
Piero Hincapié,9911,2025-26,Bayer Leverkusen,90000000.0,18.31532023940565,18.44156837463379,90000000.00000004,102110729.40586454,-0.12624813522813838,0.13456366006516096,17.99713706970215,18.654136657714844,65472257.052419804,126295713.76347649,0.2563300643801238,-0.4925217630379835
Antoine Semenyo,11363,2025-26,Manchester City,133000000.0,18.705859693704824,18.859830856323242,132999999.99999984,155138814.24630287,-0.1539711626184186,0.16645724997220349,18.089399337768555,18.90190887451172,71800308.00992228,161806036.18177876,0.31700266737277677,-0.485709359780741
Igor Julio,7943,2025-26,Brighton & Hove Al..,34000000.0,17.341871111992198,17.52874183654785,33999999.99999994,40986029.06757876,-0.18687072455565357,0.20547144316408336,17.071866989135742,18.061399459838867,25954795.5627113,69817792.73666255,0.3860686164032324,-0.48403500470101657
Adam Wharton,12409,2025-26,Crystal Palace,89000000.0,18.30414693893237,18.422054290771484,89000000.00000004,100137448.05665953,-0.11790735183911494,0.12513986580516273,17.975772857666016,18.60057830810547,64088329.745494135,119709472.14283472,0.24376943952223992,-0.48368389438068937
Dan Ndoye,8662,2025-26,Nottingham Forest,63000000.0,17.958645300228824,18.075546264648438,63000000.000000075,70812510.88913213,-0.11690096441961373,0.12400810935130227,17.67633056640625,18.329078674316406,47504288.32021989,91246816.61041473,0.25467133857834506,-0.4590267796611563
Josh Cullen,1018,2025-26,Burnley,19000000.0,16.759949589762293,16.96535301208496,19000000.000000015,23332387.36972217,-0.20540342232266795,0.2280203878801132,16.298030853271484,17.49165916442871,11971396.887193887,39493992.8716896,0.4656971289287295,-0.44106654210037655
Lewis Hall,10216,2025-26,Newcastle United,80000000.0,18.197537205138154,18.310270309448242,79999999.99999988,89546651.95016426,-0.1127331043100881,0.1193331493770549,17.842998504638672,18.507957458496094,56119757.204141416,109119857.84646048,0.25943543125801644,-0.4345324143407829
Sandro Tonali,7958,2025-26,Newcastle United,135000000.0,18.72078534381011,18.821125030517578,134999999.99999994,149248763.25699425,-0.10033968670746773,0.10554639449625418,18.263145446777344,18.85828399658203,85424665.0582434,154899021.76917788,0.23219482259946453,-0.43213576247801805
James Hill,10747,2025-26,Bournemouth,28000000.0,17.147715103853763,17.31922721862793,27999999.99999999,33238758.86121832,-0.17151211477416695,0.18709853075779756,16.802518844604492,17.83342170715332,19826278.132804066,55584874.962403655,0.4022093802617253,-0.426424949767608
Tyrone Mings,1024,2025-26,Aston Villa,33000000.0,17.312018149733785,17.44916343688965,33000000.000000015,37850827.887812436,-0.13714528715586383,0.1469947844791642,17.16958999633789,18.001989364624023,28619245.28062575,65790719.770361856,0.3247627358613136,-0.4222937917804407
Maxence Lacroix,8853,2025-26,Crystal Palace,60000000.0,17.909855136853043,18.012279510498047,60000000.0000001,66471211.05695494,-0.1024243736450039,0.10785351761591393,17.648672103881836,18.274709701538086,46208396.51283168,86418271.74677284,0.24425016490041357,-0.4193420859583234
Cody Gakpo,11296,2025-26,Liverpool,90000000.0,18.31532023940565,18.42285919189453,90000000.00000004,100218081.24838428,-0.10753895248888057,0.11353423609315813,18.02443504333496,18.698089599609375,67284134.80893147,131970581.99411912,0.2628280427117218,-0.40916087712464055
Thiago,13222,2025-26,Brentford,95000000.0,18.36938746009113,18.48870277404785,94999999.99999987,107038887.89884646,-0.11931531395672224,0.12672513577733277,17.760787963867188,18.514209747314453,51690674.42187552,109804243.98022294,0.29394942977147426,-0.4059042198159112
Douglas Luiz,6122,2025-26,Juventus,46000000.0,17.6441519761925,17.766681671142578,46000000.00000004,51996223.65609443,-0.12252969495007804,0.130352688175965,17.398061752319336,18.172645568847656,35965177.06444127,78033248.4518078,0.30220585093376,-0.4054511008687754
Bruno Guimarães,8327,2025-26,Newcastle United,122000000.0,18.619531610894253,18.71805191040039,122000000.0000001,134631490.36467695,-0.09852029950613783,0.10353680626784292,18.17656135559082,18.805381774902344,78339409.0541447,146917500.79159158,0.24533588986443114,-0.40157312311940435
Ollie Watkins,8865,2025-26,Aston Villa,74000000.0,18.119575664681957,18.217540740966797,73999999.99999997,81616395.80342503,-0.09796507628484008,0.10292426761385219,17.71810531616211,18.346111297607422,49530801.966942206,92814300.56807859,0.24501813485439994,-0.39982785904012796
Brennan Johnson,10760,2025-26,Crystal Palace,70000000.0,18.064005814299346,18.173601150512695,69999999.99999991,78107851.23309547,-0.10959533621334927,0.11582644618707953,17.650842666625977,18.354040145874023,46308803.66953523,93553136.269596,0.27435428943390694,-0.39946645791281216
Luca Netz,8401,2025-26,Nottingham Forest,19000000.0,16.759949589762293,16.925691604614258,19000000.000000015,22425103.02320367,-0.16574201485196483,0.18026858016861333,16.2545166015625,17.34860610961914,11461641.70601492,34229762.783445254,0.42686181111023397,-0.388280259648627
Jenson Seelt,13714,2025-26,Sunderland,20000000.0,16.811242881518265,16.969619750976562,20000000.000000015,23432153.26477181,-0.15837686945829788,0.1716076632385897,16.18988800048828,17.2409725189209,10744321.14543766,30736839.792641357,0.41008330476088223,-0.38620657710180795
Liam Delap,8868,2025-26,Chelsea,100000000.0,18.420680753952364,18.519868850708008,99999999.99999991,110427399.14229554,-0.09918809675564333,0.10427399142295637,17.91010284423828,18.59819793701172,60014864.284282595,119424858.05128491,0.26846205484508506,-0.3694678445819072
Issa Diop,3203,2025-26,Fulham,13000000.0,16.380459992348886,16.518749237060547,13000000.000000013,14927999.522349909,-0.13828924471166104,0.14830765556537645,16.298337936401367,17.263967514038086,11975073.666035643,31451822.301416095,0.3767428417294365,-0.3670653543856197
Leon Bailey,5221,2025-26,Aston Villa,38000000.0,17.453096744006448,17.575441360473633,37999999.99999996,42945453.158280745,-0.12234461646718486,0.13014350416528386,17.16264533996582,18.02635955810547,28421182.98289405,67413748.80413583,0.3369803043734729,-0.3630616237190859
Alex Scott,12149,2025-26,Bournemouth,83000000.0,18.234351177809064,18.32927703857422,82999999.99999991,91264918.51299366,-0.09492586076515508,0.09957733148185255,17.854888916015625,18.53156280517578,56791027.14466735,111726312.04371099,0.2640060431353269,-0.35955942385946454
Bashir Humphreys,11243,2025-26,Burnley,27000000.0,17.11134746100564,17.258899688720703,26999999.999999993,31292833.159884073,-0.14755222771506382,0.15899382073644747,16.576093673706055,17.63093376159668,15809057.772086028,45395963.05516695,0.41154854976030003,-0.35852933463379544
Riccardo Calafiori,8129,2025-26,Arsenal,102000000.0,18.440483381052466,18.53095817565918,101999999.99999997,111658779.43522526,-0.09047479460671326,0.09469391603162054,18.064054489135742,18.715417861938477,70003407.32152106,134277331.1329817,0.25413108064559886,-0.35601625104992896
Christantus Uche,12726,2025-26,Getafe,38000000.0,17.453096744006448,17.602947235107422,37999999.99999996,44143101.10552556,-0.14985049110097393,0.16166055540856852,16.823036193847656,17.907316207885742,20237262.56423264,59847857.48067577,0.42303461200814874,-0.35422749545157173
Luke O'Nien,14099,2025-26,Sunderland,7000000.0,15.76142084987672,16.06214714050293,6999999.999999995,9455877.225233296,-0.30072629062621026,0.35083960360475747,14.751509666442871,16.942899703979492,2549758.6720617837,22814335.814910866,0.8549764104157548,-0.35173636016457366
Nordi Mukiele,5659,2025-26,Sunderland,54000000.0,17.804494623047066,17.901395797729492,53999999.99999998,59494580.41595774,-0.09690117468242576,0.10175148918440308,17.50318717956543,18.209739685058594,39951914.62401157,80982178.72672004,0.2756632614775717,-0.35152009071876184
Jacob Ramsey,8941,2025-26,Newcastle United,85000000.0,18.258161826219297,18.351045608520508,85000000.00000004,93273406.9444937,-0.09288378230121097,0.09733419934698408,17.919099807739258,18.59697914123535,60557252.09980834,119279392.20206828,0.2644763503164503,-0.351198820575352
Donyell Malen,9749,2025-26,Aston Villa,65000000.0,17.989897843244528,18.06992530822754,65000000.00000007,70415593.41870601,-0.0800274649830115,0.08331682182624527,17.742630004882812,18.333332061767578,50760547.41767513,91635751.23786905,0.23046391357526652,-0.3472451011592996
Aaron Ramsdale,5603,2025-26,Southampton,38000000.0,17.453096744006448,17.618711471557617,37999999.99999996,44844497.367683955,-0.16561472755116924,0.18011835178115784,16.91379737854004,18.14756965637207,22159953.76476464,76100823.43687165,0.4813593998798452,-0.34405628640992414
Ethan Nwaneri,11132,2025-26,Arsenal,84000000.0,18.24632736871235,18.365365982055664,84000000.00000007,94618726.73747277,-0.11903861334331367,0.12641341354134153,17.591848373413086,18.48424530029297,43655871.76760585,106562826.66429839,0.3481709363192551,-0.3418970423026961
Reece James,8067,2025-26,Chelsea,169000000.0,18.945409278804508,19.032224655151367,169000000.00000012,184327504.60414958,-0.0868153763468591,0.09069529351567722,18.322099685668945,18.975677490234375,90612223.09239589,174193530.69985756,0.2549950468438335,-0.3404590693874434
Rodri,2496,2025-26,Manchester City,133000000.0,18.705859693704824,18.808452606201172,132999999.99999984,147369353.0804336,-0.10259291249634828,0.10804024872506608,18.143835067749023,18.922937393188477,75817148.19858906,165244604.74841434,0.3039687587060408,-0.33751137101416023
Jorge Cuenca,8489,2025-26,Fulham,40000000.0,17.50439003707821,17.623193740844727,39999999.999999985,45045953.63875787,-0.11880370376651683,0.12614884096894716,17.114580154418945,18.039520263671875,27087423.9566825,68306825.18373325,0.3608677418957238,-0.3292167461198189
Simon Adingra,11710,2025-26,Sunderland,54000000.0,17.804494623047066,17.94348907470703,53999999.99999998,62052357.26078002,-0.13899445165996482,0.14911772705148235,17.20328140258789,18.286394119262695,29599894.90567365,87433941.14194569,0.4225791879656684,-0.32891930227112165
Omar Marmoush,8393,2025-26,Manchester City,127000000.0,18.65969765229688,18.74396324157715,126999999.99999999,138165560.02075234,-0.0842655892802675,0.08791779543899493,18.266403198242188,18.92915153503418,85703411.18550424,166274655.29320642,0.25857295337364605,-0.3258870975515412
Tammy Abraham,702,2025-26,Aston Villa,49000000.0,17.707330876483063,17.809206008911133,48999999.999999955,54255015.10693858,-0.10187513242807,0.10724520626405362,17.45954132080078,18.262285232543945,38245684.74139479,85351213.14133833,0.3131925838801311,-0.3252795170496786
Lucas Bergvall,12912,2025-26,Tottenham Hotspur,98000000.0,18.400478046838927,18.496112823486328,97999999.99999994,107834997.31972685,-0.09563477664740105,0.10035711550741755,17.869342803955078,18.627370834350586,57617839.231667645,122960143.74318343,0.2957465687626342,-0.3233673244207861
Daichi Kamada,6145,2025-26,Crystal Palace,44000000.0,17.599700214609808,17.7075252532959,43999999.99999999,49009525.389750734,-0.10782503868609083,0.11385284976706232,17.2354679107666,18.10009002685547,30568110.34896425,72572020.50913043,0.33733452307317985,-0.31963831541398374
Reiss Nelson,6492,2025-26,Arsenal,44000000.0,17.599700214609808,17.697975158691406,43999999.99999999,48543707.61847619,-0.09827494408159865,0.10326608223809541,17.37367820739746,18.161773681640625,35098823.83521695,77189474.78245914,0.30747745864116266,-0.3196167436660424
Filip Jorgensen,9272,2025-26,Chelsea,87000000.0,18.28141868811311,18.372482299804688,86999999.99999994,95294465.2021506,-0.0910636116915775,0.09533868048449039,17.730274200439453,18.460552215576172,50137218.80129796,104067699.90701476,0.284919829556677,-0.3196113511413669
Evanilson,12963,2025-26,Bournemouth,69000000.0,18.049617077054286,18.1279239654541,68999999.99999994,74620360.13905029,-0.07830688839981548,0.08145449476884571,17.738494873046875,18.367990493774414,50551079.24563707,94867380.85232344,0.24559932141841484,-0.31884000308945515
Diego Coppola,10169,2025-26,Brighton & Hove Al..,56000000.0,17.840862266556567,17.978389739990234,56000000.00000003,64256260.99773976,-0.13752747343366778,0.14743323210249515,17.11605453491211,18.257043838500977,27127390.583416145,84905024.1436378,0.445159885915051,-0.3089395019296772
Chadi Riad,11167,2025-26,Crystal Palace,29000000.0,17.182806422433504,17.33435821533203,28999999.999999948,33745518.64907328,-0.15155179289852683,0.1636385741059773,16.827329635620117,18.092870712280273,20324336.867446978,72049986.88626826,0.49375407774185803,-0.30693780513496915
Boubacar Kamara,5789,2025-26,Aston Villa,92000000.0,18.33729914588288,18.4173641204834,92000000.0000001,99668886.04512173,-0.08006497460051776,0.08335745701219148,18.042152404785156,18.716264724731445,68486855.21753618,134391093.7733789,0.2630066403754395,-0.3044218749999078
Emiliano Buendía,2203,2025-26,Aston Villa,57000000.0,17.858561843342684,17.935100555419922,57000000.000000045,61534006.99188317,-0.07653871207723739,0.07954398231373903,17.543624877929688,18.198301315307617,41600587.75641118,80061152.174845,0.2554236812367562,-0.29965393853317956
Ezra Mayers,13247,2025-26,West Ham United,12000000.0,16.300417291085605,16.46828269958496,12000000.000000007,14193329.080554726,-0.16786540849935605,0.18277742337955974,15.71639633178711,17.15493392944336,6691818.256193634,28202858.44264954,0.5612491114885295,-0.2990925153612235
Martín Zubimendi,7526,2025-26,Arsenal,101000000.0,18.430631084706523,18.511049270629883,100999999.99999991,109457758.04286881,-0.08041818592336014,0.08374017864226638,18.012065887451172,18.719703674316406,66457012.790698305,134854053.56440163,0.27608668677196924,-0.29127875329164515
Conor Bradley,10120,2025-26,Liverpool,89000000.0,18.30414693893237,18.373302459716797,89000000.00000004,95372653.96243596,-0.06915552078442744,0.07160285351051587,17.982051849365234,18.59103012084961,64492005.85546558,118571903.18016875,0.23759442529919825,-0.2910654182956573
Elliot Anderson,9154,2025-26,Nottingham Forest,92000000.0,18.33729914588288,18.40491485595703,92000000.0000001,98435773.30463713,-0.06761571007415057,0.06995405765909807,17.94584846496582,18.562456130981445,62198935.840435036,115231778.39439018,0.24057105302782764,-0.28106336661513986
Zian Flemming,13729,2025-26,Burnley,23000000.0,16.951004817371683,17.081941604614258,22999999.999999974,26217601.770797376,-0.1309367872425753,0.13989572916510457,16.403959274291992,17.616804122924805,13309108.376783328,44759044.79486338,0.4731945100202148,-0.2767081706780193
Michael Keane,1653,2025-26,Everton,27000000.0,17.11134746100564,17.229951858520508,26999999.999999993,30399959.241205353,-0.11860439751486851,0.12592441634093932,16.64312171936035,17.751781463623047,16905028.165143594,51227212.55864467,0.43254642591498393,-0.27420038730866764
Harrison Armstrong,12757,2025-26,Everton,25000000.0,17.034386422832473,17.13500213623047,24999999.999999963,27646290.009521123,-0.10061571339799613,0.10585160038084657,16.389244079589844,17.342702865600586,13114696.155939404,34028291.38761772,0.3719943763453405,-0.27047643673137056
Alex Iwobi,500,2025-26,Fulham,59000000.0,17.893048018819147,17.956554412841797,59000000.00000009,62868411.70861578,-0.06350639402264946,0.06556630014602856,17.59490966796875,18.197891235351562,43789720.02316994,80028327.43151402,0.23525479590449555,-0.26994728748667307
David Brooks,6820,2025-26,Bournemouth,42000000.0,17.553180200057167,17.65264129638672,42000000.00000003,46392171.014817476,-0.09946109632955213,0.10457550035279627,17.197612762451172,18.15412712097168,29432578.424199436,76601491.66212502,0.3731865157506566,-0.26651846230158743
Nicolò Savona,12905,2025-26,Nottingham Forest,61000000.0,17.926384438531027,18.01715660095215,60999999.999999955,66796189.0000019,-0.0907721624211213,0.09501949180331064,17.368362426757812,18.256175994873047,34912741.207085475,84831371.82255907,0.34638272721128105,-0.26205741594543636
Sebastiaan Bornauw,7791,2025-26,Leeds United,20000000.0,16.811242881518265,16.896394729614258,20000000.000000015,21777648.066170853,-0.08515184809599319,0.08888240330854182,16.537084579467773,17.370243072509766,15204234.213423677,34978461.486318134,0.3250589103203122,-0.26195820324409747
Victor Lindelöf,6080,2025-26,Aston Villa,46000000.0,17.6441519761925,17.72100257873535,46000000.00000004,49674513.793521225,-0.07685060254285148,0.0798807346417649,17.349393844604492,18.12057113647461,34256737.38894316,74073701.59149313,0.300876786652927,-0.2554221726367399
Ryan Sessegnon,6837,2025-26,Fulham,56000000.0,17.840862266556567,17.901411056518555,56000000.00000003,59495488.23815205,-0.06054878996198809,0.062419432824143174,17.539644241333008,18.14946174621582,41435320.08386535,76244949.34047127,0.23792185434934748,-0.25449024061943704
Oleksandr Zinchenko,2958,2025-26,Ajax,63000000.0,17.958645300228824,18.03663444519043,63000000.000000075,68109988.23677702,-0.07798914496160592,0.0811109243932848,17.714763641357422,18.5013427734375,49365562.372872055,108400446.31001942,0.3068858538800976,-0.2541307915485632
Pedro Lima,13156,2025-26,Wolverhampton,12000000.0,16.300417291085605,16.411327362060547,12000000.000000007,13407533.218951143,-0.11091007097494199,0.11729443491259459,16.042753219604492,17.187786102294922,9274257.52257561,29144770.878114484,0.4467374986112246,-0.2482667591588545
Max Alleyne,13298,2025-26,Manchester City,36000000.0,17.399029524198163,17.52684211730957,36000000.000000045,40908241.028869756,-0.12781259311140758,0.13634002857971403,16.709915161132812,18.060382843017578,18072736.786438853,69746850.85958728,0.5268884093030961,-0.24258000528131285
Souza,14410,2025-26,Tottenham Hotspur,20000000.0,16.811242881518265,16.928789138793945,20000000.000000015,22494673.2418381,-0.11754625727568069,0.12473366209190423,16.13241195678711,17.387205123901367,10144191.7492733,35576828.38330371,0.48956075342915134,-0.24010555677170278
James Trafford,9077,2025-26,Manchester City,54000000.0,17.804494623047066,17.902711868286133,53999999.99999998,59572931.028997526,-0.09821724523906639,0.10320242646291759,17.117876052856445,18.183317184448242,27176848.64466654,78870448.48725262,0.4156845739892306,-0.23627830182991338
Oscar Bobb,11903,2025-26,Fulham,69000000.0,18.049617077054286,18.143753051757812,68999999.99999994,75810930.23493646,-0.09413597470352641,0.0987091338396598,17.396053314208984,18.41767120361328,35893015.720225155,99699497.378779,0.39858682431598336,-0.23617432629659443
James Tarkowski,1665,2025-26,Everton,30000000.0,17.216707972959764,17.303075790405273,30000000.00000005,32706217.644618794,-0.08636781744550959,0.09020725482062472,16.997743606567383,17.93682861328125,24100510.12078657,61640433.24701196,0.36638640970460273,-0.2357287692934441
Tijjani Reijnders,11965,2025-26,Manchester City,92000000.0,18.33729914588288,18.414745330810547,92000000.0000001,99408215.66245082,-0.0774461849276662,0.0805240832875077,17.97128677368164,18.815139770507812,63801468.035302974,148358138.56571496,0.32923139823891845,-0.23523328984395536
Seamus Coleman,585,2025-26,Everton,2000000.0,14.508658238524095,14.740550994873047,2000000.0000000016,2521969.2389767654,-0.23189275634895168,0.2609846194883817,14.453787803649902,17.02359390258789,1893215.5213387427,24731637.74051632,1.0026164015988406,-0.23128761506310855
Mathys Tel,9780,2025-26,Tottenham Hotspur,77000000.0,18.15931599280497,18.231006622314453,76999999.99999994,82722865.59463838,-0.07169062950948302,0.07432292980049925,17.629257202148438,18.423921585083008,45319917.78773666,100324608.83339788,0.3100403351155126,-0.23123000909792282
Eddie Nketiah,6482,2025-26,Crystal Palace,44000000.0,17.599700214609808,17.676462173461914,43999999.99999999,47510540.631283835,-0.07676195885210646,0.07978501434736006,17.30256462097168,18.156429290771484,32689503.497603707,76778044.45442772,0.3331374779758124,-0.23042126427360357
Enzo Le Fée,8651,2025-26,Sunderland,44000000.0,17.599700214609808,17.692602157592773,43999999.99999999,48283581.673033476,-0.09290194298296583,0.09735412893257918,16.956701278686523,17.990917205810547,23131392.496771812,65066292.35004035,0.40350198085288264,-0.2302391249396072
Harrison Reed,910,2025-26,Fulham,15000000.0,16.52356082573315,16.652833938598633,15000000.00000001,17070013.4041502,-0.1292731128654836,0.13800089361001258,16.113784790039062,17.562715530395508,9956983.175042227,42402399.340138055,0.565304022611855,-0.22867891912073687
Djiamgone Jocelin Ta Bi,14460,2025-26,Sunderland,9000000.0,16.012735246411598,16.14564323425293,8999999.999999996,10279304.262646362,-0.13290798784133173,0.1421449180718185,15.531859397888184,17.073440551757812,5564174.63523216,25995669.210634187,0.6014518176698642,-0.22097861197966265
Anthony Gordon,8150,2025-26,Newcastle United,119000000.0,18.594634059479166,18.648605346679688,119000000.0000001,125599061.35947308,-0.0539712872005218,0.05545429713842832,18.142314910888672,18.776748657226562,75701981.79677837,142770449.50590053,0.24752594371577022,-0.21804295093404877
Joseph Gomez,987,2025-26,Liverpool,68000000.0,18.035018277846262,18.1143798828125,67999999.99999996,73616509.26629573,-0.07936160496623756,0.0825957245043497,17.775875091552734,18.731796264648438,52476450.892180845,136494688.16939124,0.3729550829447556,-0.21279132151684094
Andrey Santos,11808,2025-26,Chelsea,57000000.0,17.858561843342684,17.939348220825195,57000000.000000045,61795938.77433479,-0.08078637748251083,0.08413927674271474,17.23032569885254,18.237720489501953,30411326.09699785,83280124.52228941,0.393037646072886,-0.2055436121442921
Taiwo Awoniyi,7814,2025-26,Nottingham Forest,34000000.0,17.341871111992198,17.41681671142578,33999999.99999994,36646067.58684692,-0.07494559943358325,0.07782551726020535,16.928789138793945,17.865259170532227,22494673.2418381,57383028.859596066,0.365366170550615,-0.2051246269479152
Justin Devenny,13038,2025-26,Crystal Palace,11000000.0,16.213405921671733,16.272789001464844,11000000.000000013,11672998.542769106,-0.05938307979311119,0.061181685706281116,16.073951721191406,16.818323135375977,9568161.332245478,20142107.56941397,0.2904184051283876,-0.20447423009178511
Robin Roefs,13712,2025-26,Sunderland,46000000.0,17.6441519761925,17.754762649536133,46000000.00000004,51380158.27260129,-0.11061067334363273,0.11695996244785326,16.650903701782227,18.053852081298828,17037096.01329093,69292834.93803866,0.5473638872914056,-0.2020788654709802
Noni Madueke,11357,2025-26,Arsenal,103000000.0,18.450239555902648,18.501108169555664,103000000.00000004,108375018.12717956,-0.05086861365301587,0.052184642011451614,18.02963638305664,18.679298400878906,67635014.18752275,129513851.29068723,0.2534672926621145,-0.20069103638088115
Emil Krafth,1545,2025-26,Newcastle United,16000000.0,16.588099342704055,16.66969871520996,16000000.000000026,17360336.620797075,-0.08159937250590588,0.08502103879981544,16.24491310119629,17.29804229736328,11352096.665924879,32542004.749582242,0.4108810409921549,-0.1985961004890072
Ibrahima Konaté,6326,2025-26,Liverpool,97000000.0,18.390221546776935,18.44757080078125,97000000.0,102725484.68982787,-0.05734925400431479,0.05902561535905025,18.018749237060547,18.767345428466797,66902655.7830165,141434238.49427837,0.29206671273311613,-0.19635669353638127
Kiernan Dewsbury-Hall,9739,2025-26,Everton,77000000.0,18.15931599280497,18.218679428100586,76999999.99999994,81709384.27671291,-0.05936343529561583,0.06116083476250614,17.71758460998535,18.50751304626465,49505017.68549743,109071374.42060722,0.3081925934529659,-0.19261798160206417
Caoimhin Kelleher,7904,2025-26,Brentford,61000000.0,17.926384438531027,17.9881649017334,60999999.999999955,64887456.34399524,-0.061780463202371294,0.06372879252451297,17.46673583984375,18.288841247558594,38521836.25327021,87648165.2257862,0.32074652089846034,-0.1926146011788833
William Osula,9556,2025-26,Newcastle United,26000000.0,17.073607134447293,17.14202308654785,25999999.999999985,27841076.23722796,-0.06841595210055829,0.07081062450876836,16.650192260742188,17.562118530273438,17024979.433899537,42377092.65675708,0.3557903591476142,-0.19229287793088606
Rodrigo Muniz,10717,2025-26,Fulham,48000000.0,17.6867115897055,17.758317947387695,48000000.00000006,51563155.15392677,-0.07160635768219592,0.07423239904013966,17.114439010620117,18.071048736572266,27083601.00442299,70494744.74548408,0.3732237235972644,-0.19185907313722747
Michael Kayode,11281,2025-26,Brentford,93000000.0,18.34811006187022,18.395296096801758,93000000.0000001,97493482.39906853,-0.0471860349315385,0.048317015043746504,17.93954086303711,18.581573486328125,61807844.427589096,117455897.16515483,0.2504906649334851,-0.1883744248276406
Hugo Bueno,10140,2025-26,Wolverhampton,23000000.0,16.951004817371683,17.03267478942871,22999999.999999974,24957245.76342208,-0.08166997205702842,0.08509764188791773,16.227994918823242,17.344289779663086,11161655.310487196,34082334.23266456,0.4355252861144098,-0.18752062087061971
Giorgi Mamardashvili,9693,2025-26,Liverpool,91000000.0,18.326370075470134,18.384138107299805,90999999.9999999,96411697.62990123,-0.05776803182967072,0.05946920472419056,17.858192443847656,18.65431022644043,56978948.11693091,126317636.65224385,0.3106073826978165,-0.18598409132429425
Mike Trésor,12094,2025-26,Burnley,13000000.0,16.380459992348886,16.456422805786133,13000000.000000013,14025991.954842115,-0.07596281343724698,0.07892245806477698,15.947338104248047,17.02627944946289,8430258.431088055,24798144.979832154,0.4209517167550403,-0.1804549320354742
Andrew Robertson,1688,2025-26,Liverpool,75000000.0,18.132998684833918,18.18387222290039,75000000.00000003,78914236.77042258,-0.050873538066472435,0.052189823605633956,17.822921752929688,18.57949447631836,55004289.702667944,117211958.84013739,0.2951787770233982,-0.1723482242845657
Gabriel,5613,2025-26,Arsenal,134000000.0,18.71335036537787,18.754695892333984,133999999.99999978,139656428.9103227,-0.04134552695611404,0.042212156047186034,18.163822174072266,18.789306640625,77347758.90596542,144574663.38636193,0.24403435939008794,-0.1694250230149902
Ian Maatsen,11807,2025-26,Aston Villa,88000000.0,18.292847383806116,18.33281707763672,87999999.99999991,91588572.42885885,-0.03996969383060289,0.04077923214612431,17.968656539916992,18.581825256347656,63633875.75726509,117485472.76189798,0.23922933807914792,-0.16707689011528806
Djed Spence,10764,2025-26,Tottenham Hotspur,59000000.0,17.893048018819147,17.936389923095703,59000000.00000009,61613398.1239301,-0.04334190427655571,0.04429488345644073,17.556676864624023,18.22803497314453,42147116.97476532,82477407.14561778,0.26193207776540434,-0.16547001286102214
Kevin,14030,2025-26,Fulham,79000000.0,18.184958423089522,18.232181549072266,78999999.99999993,82820116.02396171,-0.04722312598274314,0.04835589903749096,17.808496475219727,18.55959701538086,54216532.99887346,114902787.95120683,0.2930437907850387,-0.16114699395689808
Emile Smith-Rowe,7230,2025-26,Fulham,67000000.0,18.020203192280615,18.06479835510254,67000000.00000012,70055499.8470576,-0.044595162821924106,0.045604475329215986,17.626676559448242,18.35044288635254,45203114.0493244,93217205.93234286,0.2823792777902918,-0.1579264709892862
Bart Verbruggen,11711,2025-26,Brighton & Hove Al..,85000000.0,18.258161826219297,18.30123519897461,85000000.00000004,88741232.05615307,-0.04307337275531253,0.04401449477827091,17.756488800048828,18.468257904052734,51468924.750982456,104872710.7889148,0.27769853068702205,-0.15510839271907434
Reinildo,7432,2025-26,Sunderland,51000000.0,17.747336210296442,17.79075813293457,50999999.99999997,53263300.93392096,-0.04342192263812805,0.04437844968472526,17.438331604003906,18.17216682434082,37443046.531492576,77995899.40332143,0.28630768223515046,-0.151661744802449
Mateo Kovacic,2254,2025-26,Manchester City,78000000.0,18.17221939747438,18.2214412689209,78000000.00000003,81935364.50944479,-0.04922187144651957,0.05045339114672765,17.77254295349121,18.61065673828125,52301883.112988785,120922055.91575393,0.326992230030057,-0.1505291775342647
Tom Cairney,6835,2025-26,Fulham,7000000.0,15.76142084987672,15.83084774017334,6999999.999999995,7503255.919464639,-0.06942689029662041,0.07189370278066348,15.788209915161133,16.99181365966797,7190057.853726338,23958018.271692507,0.46958906968391245,-0.14784605259946257
Amine Adli,8211,2025-26,Bournemouth,56000000.0,17.840862266556567,17.887889862060547,56000000.00000003,58696452.2924444,-0.04702759550398028,0.04815093379364945,17.495573043823242,18.326385498046875,39648870.48896214,91001403.46532126,0.3241435972937587,-0.14508259887472344
James Garner,7438,2025-26,Everton,93000000.0,18.34811006187022,18.381284713745117,93000000.0000001,96136989.22242016,-0.033174651874897876,0.033731066907742455,17.966859817504883,18.5591983795166,63519645.99504268,114856992.70704745,0.23110240022305753,-0.14354957734267607
João Pedro,8272,2025-26,Chelsea,126000000.0,18.65179247285226,18.687456130981445,126000000.0000001,130574711.56489103,-0.03566365812918448,0.036307234641991405,18.033935546875,18.676599502563477,67926414.13690665,129164777.8416759,0.25073698087802915,-0.14223533363246904
El Hadji Malick Diouf,13723,2025-26,West Ham United,67000000.0,18.020203192280615,18.074684143066406,67000000.00000012,70751488.20262179,-0.05448095078579129,0.055992361233159135,17.281829833984375,18.266002655029297,32018672.389300022,85669090.13942166,0.38397753542387025,-0.14188577653546874
Pape Sarr,9021,2025-26,Tottenham Hotspur,83000000.0,18.234351177809064,18.272415161132812,82999999.99999991,86220208.84676355,-0.03806398332374883,0.03879769694895957,17.810962677001953,18.51088523864746,54350406.92385036,109439804.94214316,0.2730765719813928,-0.13938941391992601
Will Hughes,6104,2025-26,Crystal Palace,29000000.0,17.182806422433504,17.25127601623535,28999999.999999948,31055173.910321005,-0.06846959380184714,0.07086806587314001,16.521995544433594,17.84211540222168,14976539.14515021,56070219.586644605,0.5150481283555406,-0.1329382440830504
Hjalmar Ekdal,11704,2025-26,Burnley,17000000.0,16.648723960844016,16.712562561035156,16999999.999999974,18120645.94005221,-0.06383860019113996,0.0659203494148376,16.09332275390625,17.349435806274414,9755313.329375735,34258174.88905178,0.49007571002620426,-0.1302627306048825
Tom Edozie,13220,2025-26,Wolverhampton,195000.0,12.180759965737863,12.290388107299805,195000.00000000006,217593.41065367364,-0.10962814156194156,0.11586364437781319,11.809083938598633,14.05080795288086,134467.32367794175,1265284.0021128315,0.8746143397769212,-0.12534455082214097
Tyrick Mitchell,8214,2025-26,Crystal Palace,58000000.0,17.87595358575207,17.904611587524414,57999999.99999995,59686210.43952342,-0.028658001772342345,0.0290725937848875,17.61211585998535,18.220537185668945,44549693.74909052,81861321.59326862,0.2373771314750083,-0.12072772804300037
Keane Lewis-Potter,10809,2025-26,Brentford,80000000.0,18.197537205138154,18.233919143676758,79999999.99999988,82964148.91159107,-0.03638193853860372,0.0370518613948899,17.58119010925293,18.367015838623047,43193046.78034102,94774962.91502973,0.30659191189189544,-0.11866568271191714
Omari Hutchinson,10348,2025-26,Nottingham Forest,72000000.0,18.09217669086922,18.135591506958008,72000000.00000012,75194713.98217595,-0.043414816088787944,0.044371027530219743,17.442785263061523,18.394651412963867,37610176.9940715,97430650.1816552,0.3713730053069891,-0.1169035322125792
Hugo Ekitike,8995,2025-26,Liverpool,143000000.0,18.778355195217188,18.810022354125977,142999999.9999999,147600867.48026583,-0.031667158908788906,0.03217389846339803,18.13541603088379,18.87896728515625,75181520.26641345,158136205.3537536,0.29009841764755995,-0.10916005390715809
Arnaud Kalimuendo Muinga,8056,2025-26,Nottingham Forest,62000000.0,17.9426449591384,17.979169845581055,62000000.000000045,64306407.22410209,-0.03652488644265617,0.037200116517774856,17.2862491607666,18.253684997558594,32160486.500783507,84620320.07447806,0.3774475583441895,-0.09676810893382333
Nico O'Reilly,11592,2025-26,Manchester City,103000000.0,18.450239555902648,18.472841262817383,103000000.00000004,105354483.27635169,-0.02260170691473462,0.02285906093545286,18.013463973999023,18.61378288269043,66549990.42793654,121300667.21638766,0.2342159528272039,-0.096499434141488
Ezri Konsa Ngoyo,7726,2025-26,Aston Villa,69000000.0,18.049617077054286,18.07164192199707,68999999.99999994,70536573.60609433,-0.022024844942784227,0.022269182697020166,17.70477294921875,18.291259765625,48874821.728201225,87860400.44319342,0.22881932675519878,-0.09625430358139021
Tawanda Chirewa,12234,2025-26,Wolverhampton,5000000.0,15.424948670398354,15.479276657104492,4999999.999999999,5279154.275087608,-0.05432798670613792,0.0558308550175218,15.281142234802246,16.850526809692383,4330276.712691505,20801314.954059888,0.6122993932699219,-0.08872781404535598
Maxime Estève,9487,2025-26,Burnley,52000000.0,17.76675429577647,17.80326271057129,51999999.99999991,53933517.68368138,-0.036508414794820254,0.037183032378489786,17.075145721435547,18.146629333496094,26040034.05327234,76029297.72467498,0.41804206315030507,-0.08733191707958303
Joachim Andersen,6314,2025-26,Fulham,60000000.0,17.909855136853043,17.931808471679688,60000000.0000001,61331764.96619893,-0.02195333482664452,0.022196082769980495,17.491605758666992,18.2276554107666,39491883.72118446,82446107.76486601,0.2871716484333851,-0.07644673471913789
Nathan Patterson,10292,2025-26,Everton,22000000.0,16.906553056777135,16.938976287841797,22000000.000000007,22725001.041022792,-0.03242323106466216,0.03295459277376294,16.54520034790039,17.669771194458008,15328130.341712987,47193709.73123599,0.43875418304304054,-0.07389839759426643
Tim Iroegbunam,9554,2025-26,Everton,61000000.0,17.926384438531027,17.954416275024414,60999999.999999955,62734133.981183894,-0.02803183649338692,0.028428425921048196,17.095565795898438,18.15520668029785,26577239.73120183,76684232.1715356,0.41342159275854007,-0.06780448090856973
Sean Neave,13532,2025-26,Newcastle United,707000.0,13.468787359304866,13.512006759643555,706999.9999999994,738226.0851032406,-0.043219400338688985,0.044167022776861624,12.67992877960205,14.458413124084473,321234.17928375193,1901992.5370092746,0.6938802015069337,-0.06228654491773549
Youri Tielemans,5956,2025-26,Aston Villa,92000000.0,18.33729914588288,18.35516357421875,92000000.0000001,93658295.57415442,-0.01786442833586932,0.01802495189298169,17.90662384033203,18.665407180786133,59806435.106713265,127727184.087539,0.29604125490776856,-0.06034438795172305
Alexis Mac Allister,8379,2025-26,Liverpool,110000000.0,18.5159909328476,18.53076171875,110000000.00000012,111636845.45095012,-0.014770785902399552,0.0148804131904545,18.033374786376953,18.749267578125,67888334.36433792,138900383.80915245,0.2793073979743463,-0.0528836185848404
Jéremy Doku,8981,2025-26,Manchester City,214000000.0,19.181486577659022,19.197956085205078,213999999.99999994,217553657.8027906,-0.016469507546055695,0.016605877583133984,18.415029525756836,19.215166091918945,99436470.99006638,221330161.34577334,0.31217532135387205,-0.052757237422321364
Adam Smith,825,2025-26,Bournemouth,10000000.0,16.118095750958314,16.139739990234375,9999999.999999996,10218801.771524752,-0.021644239276060517,0.021880177152475536,16.104747772216797,17.210311889648438,9867407.091549668,29808729.836284757,0.4313386592140926,-0.0501792241750293
Calvin Bassey,11728,2025-26,Fulham,60000000.0,17.909855136853043,17.923242568969727,60000000.0000001,60808646.714559734,-0.013387432116683584,0.013477445242660596,17.48102378845215,18.21150016784668,39076185.107598126,81124872.0279669,0.28499722187762133,-0.046973903915569354
Dan Ballard,13715,2025-26,Sunderland,44000000.0,17.599700214609808,17.618568420410156,43999999.99999999,44838082.7695539,-0.018868205800348647,0.019047335671679714,16.986221313476562,18.024179458618164,23824410.672047563,67266940.20956783,0.40496201675377536,-0.046592532187582615
Iyenoma Destiny Udogie,8831,2025-26,Tottenham Hotspur,100000000.0,18.420680753952364,18.432008743286133,99999999.99999991,101139239.4080784,-0.011327989333768329,0.011392394080784927,17.969175338745117,18.606948852539062,63666897.50303666,120474520.96197844,0.24882896250397774,-0.04552520421969465
Wilson Isidor,7148,2025-26,Sunderland,29000000.0,17.182806422433504,17.197656631469727,28999999.999999948,29433869.630894087,-0.01485020903622214,0.014961021754970352,16.61334800720215,17.500734329223633,16409121.812715316,39854038.64075962,0.3462160360584778,-0.04289289775622599
Gabriel Martinelli,7752,2025-26,Arsenal,113000000.0,18.542898385526172,18.555082321166992,112999999.99999999,114385206.23549244,-0.01218393564082021,0.01225846226099516,18.06780242919922,18.80144691467285,70266268.18582974,146340536.83746752,0.2862332665419347,-0.042566455632560785
Jaydee Canvot,13091,2025-26,Crystal Palace,34000000.0,17.341871111992198,17.360015869140625,33999999.99999994,34622552.71482899,-0.018144757148427004,0.018310373965560327,16.531484603881836,17.7292537689209,15119328.823365409,50086083.2965376,0.46731269362844313,-0.038827871349999675
Lucas Pires,11824,2025-26,Burnley,20000000.0,16.811242881518265,16.82595443725586,20000000.000000015,20296406.08084489,-0.01471155573759475,0.01482030404224376,16.34222412109375,17.38334083557129,12512316.550163014,35439614.544362895,0.4061943406334279,-0.03621802242407721
Richarlison,6026,2025-26,Tottenham Hotspur,59000000.0,17.893048018819147,17.903972625732422,59000000.00000009,59648085.41241973,-0.01092460691327446,0.010984498515587094,17.577720642089844,18.37949562072754,43043449.58074033,95965144.97299299,0.3128145521585952,-0.034923589193305
Andrés García,13392,2025-26,Aston Villa,28000000.0,17.147715103853763,17.167484283447266,27999999.99999999,28559044.76955298,-0.019769179593502884,0.019965884626892538,16.399553298950195,17.90013885498047,13250597.761864882,59419846.11145127,0.5854572806485402,-0.033767074468018535
Radu Dragusin,9105,2025-26,Tottenham Hotspur,84000000.0,18.24632736871235,18.25602912902832,84000000.00000007,84818913.90617377,-0.00970176031596992,0.009748975073496315,17.72508430480957,18.47223472595215,49877685.920182765,105290601.27307378,0.2915026417785409,-0.033281895000253546
Dilane Bakwa,8920,2025-26,Nottingham Forest,52000000.0,17.76675429577647,17.78019142150879,51999999.99999991,52703446.11418554,-0.013437125732320254,0.01352780988818524,17.009658813476562,18.154756546020508,24389390.313303407,76649721.73740064,0.4467627999469179,-0.030076644102679958
Jair,13779,2025-26,Nottingham Forest,26000000.0,17.073607134447293,17.08733558654785,25999999.999999985,26359401.13428292,-0.013728452100558286,0.013823120549343678,16.14961051940918,17.50578498840332,10320166.199714595,40055836.990286775,0.5291149268441109,-0.025946068432507095
Jacob Murphy,6063,2025-26,Newcastle United,44000000.0,17.599700214609808,17.607446670532227,43999999.99999999,44342167.65059192,-0.00774645592241896,0.007776537513452838,17.076435089111328,17.90313720703125,26073630.88742775,59598275.09467415,0.3225399391049596,-0.024017044040856413
Morgan Gibbs-White,6857,2025-26,Nottingham Forest,84000000.0,18.24632736871235,18.25092124938965,84000000.00000007,84386773.69739708,-0.004593880677298046,0.004604448778535812,17.808034896850586,18.384315490722656,54191513.594182014,96428800.98388802,0.22483734301122482,-0.02043201816821283
Yasin Ayari,11385,2025-26,Brighton & Hove Al..,78000000.0,18.17221939747438,18.17621612548828,78000000.00000003,78312368.5994369,-0.003996728013902384,0.00400472563380595,17.65955924987793,18.432031631469727,46714222.587677166,101141554.32807344,0.3013820692098618,-0.013261333112419959
Marc Guiu,11633,2025-26,Chelsea,20000000.0,16.811242881518265,16.815750122070312,20000000.000000015,20090348.273295134,-0.004507240552047875,0.004517413664755967,16.383197784423828,17.306360244750977,13035640.064994112,32813816.331336744,0.3601741876349532,-0.012514057660945132
George Earthy,12474,2025-26,West Ham United,8000000.0,15.894952224644102,15.900776863098145,8000000.000000002,8046733.0829893565,-0.00582463845404213,0.005841635373669326,15.688943862915039,16.920696258544922,6510609.983903753,22313361.19488057,0.4805713376886906,-0.012120236887317807
Jacob Bruun Larsen,5355,2025-26,Burnley,28000000.0,17.147715103853763,17.150480270385742,27999999.99999999,28077531.81044266,-0.002765166531979446,0.0027689932300954,16.618898391723633,17.5750732421875,16500451.978289338,42929647.06073406,0.37305405581673257,-0.007412240904138215
Ayden Heaven,13080,2025-26,Manchester United,84000000.0,18.24632736871235,18.24541664123535,84000000.00000007,83923533.71627952,0.0009107274769988294,-0.000910312901435153,17.357528686523438,18.34298324584961,34536547.10123682,92524426.23622634,0.38447760888228,0.002368739962897755
Marc Guehi,7603,2025-26,Manchester City,155000000.0,18.858935681335133,18.857873916625977,154999999.9999999,154835513.8072889,0.0010617647091564208,-0.0010612012432969391,18.285873413085938,18.861270904541016,87388425.59935458,155362382.55664405,0.22449279835163596,0.004729615902837639
Santiago Bueno,10945,2025-26,Wolverhampton,25000000.0,17.034386422832473,17.032508850097656,24999999.999999963,24953104.71817983,0.0018775727348163684,-0.0018758112728053358,16.52985191345215,17.517711639404297,15094663.778929599,40536429.221650384,0.38541599077373045,0.004871548611792425
Kaye Furo,14356,2025-26,Brentford,23000000.0,16.951004817371683,16.947771072387695,22999999.999999974,22925743.98934409,0.003233744983987208,-0.00322852220242973,15.87489128112793,17.285951614379883,7841111.487125364,32150918.68743727,0.5505287867238707,0.005873888999030964
James Justin,7753,2025-26,Leeds United,34000000.0,17.341871111992198,17.33830451965332,33999999.99999994,33878951.84993071,0.0035665923388776832,-0.0035602397079185152,16.52778434753418,17.875852584838867,15063486.805819385,57994142.24275748,0.5259522598824422,0.006781209267310435
Nathan Aké,579,2025-26,Manchester City,79000000.0,18.184958423089522,18.182575225830078,78999999.99999993,78811951.58136237,0.0023831972594443585,-0.0023803597295893545,17.791521072387695,18.554115295410156,53303953.11397418,114274646.25968258,0.29752808045821894,0.008009991042774951
Jack Hinshelwood,11269,2025-26,Brighton & Hove Al..,76000000.0,18.1462439114085,18.142921447753906,76000000.00000007,75747911.7678182,0.003322463654594543,-0.0033169504234457454,17.516124725341797,18.371055603027344,40472152.404869325,95158605.83242851,0.33355346170088834,0.009960812991273759
Timothy Castagne,6157,2025-26,Fulham,44000000.0,17.599700214609808,17.5961856842041,43999999.99999999,43845632.08289859,0.00351453040570604,-0.0035083617523046723,17.145599365234375,18.005590438842773,27940821.941268675,66028064.12960265,0.3355277100419018,0.010474635329723241
Martin Odegaard,2517,2025-26,Arsenal,180000000.0,19.00846741441004,19.003562927246094,179999999.9999997,179119353.63024792,0.0049044871639445375,-0.004892479831954348,18.263282775878906,19.13429069519043,85436397.15644526,204134712.7102055,0.3398259604820426,0.014432349891654922
Diogo Dalot,7281,2025-26,Manchester United,64000000.0,17.974393656948944,17.971181869506836,63999999.999999896,63794775.34589417,0.0032117874421082604,-0.0032066352204019257,17.66613006591797,18.211183547973633,47022183.827618524,81099190.3468477,0.2126540057179447,0.015103347953709555
Nikola Milenkovic,6174,2025-26,Nottingham Forest,60000000.0,17.909855136853043,17.903522491455078,60000000.0000001,59621241.80621444,0.006332645397964853,-0.006312636563094323,17.191326141357422,18.22370719909668,29248127.344056543,82121234.83167395,0.40278610188414726,0.01572210502880336
Chris Richards,8430,2025-26,Crystal Palace,52000000.0,17.76675429577647,17.762161254882812,51999999.99999991,51761709.52679574,0.004593040893656308,-0.00458250910008026,17.406206130981445,18.134714126586914,36259287.13944406,75128768.54908524,0.28422925192363496,0.016159634740516925
João Gomes,11384,2025-26,Wolverhampton,77000000.0,18.15931599280497,18.151939392089844,76999999.99999994,76434091.54403988,0.007376600715126358,-0.0073494604670138386,17.509323120117188,18.38604164123535,40197810.833978385,96595395.35198274,0.34205396633692176,0.021565604966148635
David Raya,9676,2025-26,Arsenal,93000000.0,18.34811006187022,18.340425491333008,93000000.0000001,92288073.8591005,0.007684570537211499,-0.007655119794619331,17.80615997314453,18.61467170715332,54090003.830070704,121408530.14616762,0.31544291444297495,0.024361208273710324
Erling Haaland,8260,2025-26,Manchester City,311000000.0,19.555303473358943,19.54265022277832,311000000.00000036,307089630.6705205,0.012653250580623165,-0.012573534821478678,18.434959411621094,19.720550537109375,101438108.47708109,366881892.11871094,0.501576655412696,0.025226952738085673
Guido Rodríguez,8267,2025-26,Valencia,46000000.0,17.6441519761925,17.631898880004883,46000000.00000004,45439796.68465366,0.012253096187617274,-0.012178332942312492,16.947444915771484,18.11252784729004,22918267.825200725,73480295.04996155,0.45456007628206263,0.02695594449877294
Wataru Endo,8808,2025-26,Liverpool,45000000.0,17.622173069956816,17.615360260009766,44999999.999999985,44694465.501570225,0.006812809947049914,-0.006789655520661343,17.47402572631836,18.103614807128906,38803682.1377266,72828272.28925152,0.24563578510809056,0.027735412997955396
Jesse Derry,14584,2025-26,Chelsea,2000000.0,14.508658238524095,14.490829467773438,2000000.0000000016,1964658.4252365031,0.017828770750657696,-0.017670787381749237,13.73941707611084,15.305584907531738,926728.5701121311,4437424.427400421,0.6110443726038385,0.02917753857168195
Marcus Edwards,13730,2025-26,Burnley,38000000.0,17.453096744006448,17.435726165771484,37999999.99999996,37345617.961091354,0.017370578234963574,-0.017220579971279182,16.443805694580078,17.88131332397461,13850136.17083629,58311699.38965656,0.5608472667451646,0.030972029757356995
Mads Hermansen,12910,2025-26,West Ham United,29000000.0,17.182806422433504,17.165550231933594,28999999.999999948,28503863.482779674,0.017256190499910673,-0.01710815576621636,16.421215057373047,17.801843643188477,13540760.401667017,53857036.66517093,0.5386557628713002,0.03203565558813794
Harry Wilson,5596,2025-26,Fulham,63000000.0,17.958645300228824,17.948537826538086,63000000.000000075,62366436.40484382,0.010107473690737834,-0.010056565002480184,17.32313346862793,18.060619354248047,33368851.689059038,69763348.72423016,0.2877319986032996,0.03512808356318116
Jarrod Bowen,1776,2025-26,West Ham United,110000000.0,18.5159909328476,18.50403594970703,110000000.00000012,108692781.30045389,0.011954983140569198,-0.011883806359511195,17.854562759399414,18.667875289916992,56772507.395430095,128042818.06864257,0.317315957441215,0.037675329148184875
Adam Armstrong,4419,2025-26,Wolverhampton,26000000.0,17.073607134447293,17.054115295410156,25999999.999999985,25498119.343958303,0.019491839037137026,-0.01930310215544931,16.33363151550293,17.529937744140625,12405263.730423342,41035073.89282837,0.4667419252614784,0.041761491698474054
Amadou Onana,9667,2025-26,Aston Villa,97000000.0,18.390221546776935,18.38015365600586,97000000.0,96028314.2060449,0.010067890771075838,-0.010017379319124768,17.979665756225586,18.57644271850586,64338305.3651121,116854801.58189385,0.2328340534041877,0.04324062835258255
Marcus Tavernier,10741,2025-26,Bournemouth,60000000.0,17.909855136853043,17.896076202392578,60000000.0000001,59178933.61905012,0.013778934460464853,-0.013684439682499546,17.44545555114746,18.225107192993164,37710741.21224031,82236284.57628888,0.3041830759025021,0.04529816269226408
Jaydon Banel,14281,2025-26,Burnley,13000000.0,16.380459992348886,16.354923248291016,13000000.000000013,12672225.26380719,0.02553674405787021,-0.025213441245601702,15.703909873962402,17.09130859375,6608780.639007747,26464335.543357693,0.5412971479019928,0.04717694182732677
James McAtee,10126,2025-26,Nottingham Forest,66000000.0,18.005165315142214,17.987642288208008,65999999.999999985,64853554.14080566,0.017523026934206598,-0.017370391805974602,17.321914672851562,18.25606918334961,33328206.646373965,84822311.33828327,0.36446276403497596,0.04807905954564123
Ola Aina,725,2025-26,Nottingham Forest,54000000.0,17.804494623047066,17.791919708251953,53999999.99999998,53325206.217633985,0.012574914795113301,-0.012496181154925795,17.301965713500977,17.964595794677734,32669931.370678052,63375998.73596921,0.2585268156438523,0.048640659437187976
Jefferson Lerma,2182,2025-26,Crystal Palace,38000000.0,17.453096744006448,17.432790756225586,37999999.99999996,37236154.01405386,0.02030598778086201,-0.020101210156476437,17.056406021118164,17.8851318359375,25556595.494576085,58534788.97923125,0.32332948960997854,0.06280277065156178
Konstantinos Mavropanos,6722,2025-26,West Ham United,28000000.0,17.147715103853763,17.119306564331055,27999999.99999999,27215753.26004191,0.028408539522708054,-0.028008812141359928,16.668546676635742,17.738727569580078,17340348.358032014,50562843.67547783,0.4175338039656416,0.06803889709740905
Senne Lammens,14056,2025-26,Manchester United,62000000.0,17.9426449591384,17.914196014404297,62000000.000000045,60261018.77281255,0.028448944734101644,-0.028048084309475658,17.168630599975586,18.178579330444336,28591801.24681037,78497655.62877607,0.39403407220504466,0.07219919986842555
Amad Diallo Traore,8127,2025-26,Manchester United,109000000.0,18.50685844936773,18.486085891723633,109000000.00000003,106759145.90805969,0.020772557644097134,-0.020558294421471033,17.996862411499023,18.627416610717773,65454277.02896209,122965772.5407506,0.24601232851576216,0.08443705959543496
William Saliba,6888,2025-26,Arsenal,219000000.0,19.204582292346984,19.176937103271484,218999999.99999985,213028623.7775782,0.027645189075499843,-0.027266558093249543,18.407394409179688,19.24642562866211,98680152.89693414,228358112.6632527,0.3273501695144247,0.08445142740114468
Dário Essugo,13094,2025-26,Chelsea,34000000.0,17.341871111992198,17.2840633392334,33999999.99999994,32090266.187181063,0.05780777275879956,-0.05616864155349649,16.27088165283203,18.01801109313965,11650755.282619677,66853290.21530845,0.6816470056991991,0.0848060246366127
Sasa Lukic,1537,2025-26,Fulham,51000000.0,17.747336210296442,17.717914581298828,50999999.99999997,49521355.61691287,0.029421628997614135,-0.02899302711935489,17.316272735595703,18.093027114868164,33140700.43650117,72061256.5721122,0.3030527015225551,0.09708419971113305
Pedro Neto,6382,2025-26,Chelsea,99000000.0,18.410630418199872,18.38384437561035,98999999.99999982,96383382.61749142,0.026786042589520775,-0.02643047861119598,17.84389305114746,18.538129806518555,56169981.39850671,112462433.30066866,0.27085824016663174,0.09889321651444692
Matthew Cash,8864,2025-26,Aston Villa,65000000.0,17.989897843244528,17.96385955810547,65000000.00000007,63329356.1792446,0.026038285139058814,-0.025702212627007157,17.62281036376953,18.296632766723633,45028687.36237783,88333744.9782739,0.26289352852175163,0.09904498328837495
Malo Gusto,9017,2025-26,Chelsea,99000000.0,18.410630418199872,18.378520965576172,98999999.99999982,95871657.61548671,0.03210945262370046,-0.031599418025385004,17.72909164428711,18.503890991210938,50077963.76666879,108677026.50011903,0.3022899406670938,0.10622071165464946
Gianluigi Donnarumma,1116,2025-26,Manchester City,155000000.0,18.858935681335133,18.81900405883789,154999999.9999999,148932546.31690645,0.03993162249724236,-0.03914486247157072,17.907367706298828,18.86711883544922,59850939.62977633,156273592.7918479,0.37444935006452756,0.10664091816519665
Antoni Milambo,13780,2025-26,Brentford,60000000.0,17.909855136853043,17.841842651367188,60000000.0000001,56054928.47149519,0.06801248548585548,-0.06575119214174836,16.51385498046875,18.142471313476562,14855116.556843186,75713822.70874673,0.6354088147196023,0.10703736540996604
Tyler Adams,7352,2025-26,Bournemouth,75000000.0,18.132998684833918,18.107017517089844,75000000.00000003,73076507.87755029,0.02598116774407444,-0.0256465616326632,17.722328186035156,18.308483123779297,49740406.357128374,89386758.37761919,0.22868984344900342,0.11360875215198657
Daniel Bentley,11361,2025-26,Wolverhampton,4000000.0,15.201805169084134,15.148146629333496,4000000.0000000005,3791022.636333261,0.0536585397506375,-0.052244340916684825,15.130148887634277,16.316011428833008,3723403.096912681,12188596.345413119,0.46266729397945083,0.11597651368246643
Bertrand Traoré,695,2025-26,Sunderland,31000000.0,17.249497794707484,17.19327735900879,30999999.999999978,29305252.52205459,0.056220435698694615,-0.05466927348210931,16.52655029296875,17.744674682617188,15044909.105227085,50864442.56065594,0.47525433640842635,0.11829547127031288
Kevin Schade,9156,2025-26,Brentford,94000000.0,18.358805350872576,18.330352783203125,93999999.99999999,91363149.08600006,0.0284525676694507,-0.028051605468084367,17.891399383544922,18.488447189331055,58902810.6540775,107011533.89052314,0.23293972368855403,0.1221456229916906
Rúben Dias,8961,2025-26,Manchester City,155000000.0,18.858935681335133,18.82403564453125,154999999.9999999,149683801.60900056,0.03490003680388298,-0.03429805413547968,18.137174606323242,18.869150161743164,75313848.96410897,156591358.08519858,0.285582129226297,0.12220665522186083
Ben Doak,11231,2025-26,Bournemouth,63000000.0,17.958645300228824,17.879365921020508,63000000.000000075,58198253.510331795,0.07927937920831596,-0.07621819824870277,16.481220245361328,18.140522003173828,14378148.917820593,75566376.72780563,0.6473808114441497,0.12246173783165255
Dominic Calvert-Lewin,5555,2025-26,Leeds United,67000000.0,18.020203192280615,17.979888916015625,67000000.00000012,64352664.690204404,0.04031427626498996,-0.039512467310383735,17.60173225402832,18.438114166259766,44089500.64006384,101758626.13494731,0.32631653553565815,0.12354346738455313
Mateus Fernandes,12948,2025-26,West Ham United,97000000.0,18.390221546776935,18.35063934326172,97000000.0,93235520.89569078,0.03958220351521646,-0.03880906293102285,17.76304817199707,18.52311134338379,51807638.238194585,110786040.30991995,0.2965405842092461,0.1334798864741101
Lamare Bogarde,10025,2025-26,Aston Villa,26000000.0,17.073607134447293,17.00336265563965,25999999.999999985,24236313.26037646,0.07024447880764484,-0.06783410537013558,16.124595642089844,17.46280288696289,10065210.619189989,38370629.22244003,0.5221049685431887,0.13454091234497453
Pablo,14290,2025-26,West Ham United,38000000.0,17.453096744006448,17.39776039123535,37999999.99999996,35954340.19238185,0.055336352771096387,-0.053833152832055614,16.8232364654541,17.867473602294922,20241315.919389132,57510240.46227959,0.40741178137443734,0.13582413494380213
Nathaniel Clyne,603,2025-26,Crystal Palace,4000000.0,15.201805169084134,15.122611045837402,4000000.0000000005,3695442.1807581712,0.07919412324673125,-0.0761394548104573,15.205243110656738,16.69297981262207,4013775.435731791,17769245.78993273,0.5804442674750623,0.13643708394472803
Lucas Perri,12369,2025-26,Leeds United,39000000.0,17.479072229734946,17.414276123046875,39000000.00000001,36553083.17843097,0.06479610668807112,-0.06274145696330871,16.68326759338379,17.877981185913086,17597502.324508846,58117720.115698606,0.46612055422312704,0.139011476968797
Antonee Robinson,8940,2025-26,Fulham,69000000.0,18.049617077054286,18.016939163208008,68999999.99999994,66781666.56605096,0.03267791384627827,-0.032149759912304066,17.642208099365234,18.24090576171875,45910668.51683139,83545817.31962737,0.23358341943487013,0.1398982595825464
Harvey Elliott,7546,2025-26,Liverpool,90000000.0,18.31532023940565,18.272037506103516,90000000.00000004,86187653.4986203,0.04328273330213506,-0.042359405570886015,17.70928192138672,18.49439811706543,49095694.52403114,107650250.39434639,0.3063150855131329,0.1413013441033395
Marcos Senesi,10864,2025-26,Bournemouth,58000000.0,17.87595358575207,17.836814880371094,57999999.99999995,55773804.428763315,0.03913870538097797,-0.0383826822627006,17.437198638916016,18.142879486083984,37400648.88791533,75744733.32559219,0.2753231817595758,0.14215550296507756
Ladislav Krejcí,12721,2025-26,Girona,60000000.0,17.909855136853043,17.869386672973633,60000000.0000001,57620366.92521316,0.040468463879410166,-0.03966055124644891,17.518247604370117,18.231124877929688,40558161.151344866,82732648.61655872,0.2781308858646055,0.14550151003046197
Kristoffer Ajer,9677,2025-26,Brentford,58000000.0,17.87595358575207,17.826391220092773,57999999.99999995,55195456.715166315,0.04956236565929828,-0.04835419456609715,17.387296676635742,18.247041702270508,35580085.68841946,84060025.45614602,0.33543171379765346,0.14775694611033824
Jack Fletcher,13150,2025-26,Manchester United,10000000.0,16.118095750958314,16.019989013671875,9999999.999999996,9065521.263298672,0.09810673728643948,-0.09344787367013249,14.995749473571777,16.68270492553711,3255150.8165677204,17587603.560325626,0.658169970725033,0.14905988065418138
Jack Grealish,675,2025-26,Manchester City,99000000.0,18.410630418199872,18.367103576660156,98999999.99999982,94783278.64912851,0.04352684153971609,-0.042593144958296136,17.82179832458496,18.56291961669922,54942531.02063338,115285199.05727392,0.2891503617159915,0.15053358841193118
Hamed Junior Traore,6986,2025-26,Bournemouth,43000000.0,17.57671069691365,17.49553871154785,43000000.000000015,39647509.27635416,0.08117198536579906,-0.07796490054990365,16.589746475219727,17.971776962280273,16026375.838185018,63832750.45451634,0.539202718216436,0.15054075697967204
Diego Gómez,13364,2025-26,Brighton & Hove Al..,66000000.0,18.005165315142214,17.958845138549805,65999999.999999985,63012591.072469205,0.04632017659240972,-0.04526377162925426,17.34930992126465,18.12847137451172,34253862.56967931,74661219.18290551,0.3039918275709377,0.1523730981932425
Justin Kluivert,6963,2025-26,Bournemouth,72000000.0,18.09217669086922,18.05691909790039,72000000.00000012,69505683.45434833,0.03525759296882924,-0.03464328535627485,17.736553192138672,18.325897216796875,50453020.40852885,90956980.0322445,0.22993407383957049,0.15333783453699498
John Stones,586,2025-26,Manchester City,105000000.0,18.46947091764561,18.41953468322754,105000000.00000018,99885458.57519548,0.0499362344180696,-0.04870991833147327,17.906705856323242,18.732824325561523,59811340.39200452,136635085.18014407,0.3223122270837194,0.15493124437100195
Nicolás Domínguez,8252,2025-26,Nottingham Forest,55000000.0,17.822843761378564,17.774612426757812,55000000.000000075,52410232.538404,0.04823133462075191,-0.04708668111992851,17.30585289001465,18.102018356323242,32797172.30826568,72712098.29139397,0.31062598662112045,0.15527140901955852
Ryan Gravenberch,10697,2025-26,Liverpool,140000000.0,18.757152987716434,18.716144561767578,139999999.99999985,134374945.91132048,0.04100842594885634,-0.040178957776281284,18.119335174560547,18.77239418029785,73982205.87051708,142150110.47927195,0.25479263615828673,0.16094823840740974
Jarrad Branthwaite,8476,2025-26,Everton,96000000.0,18.379858759848776,18.33497428894043,95999999.99999994,91786361.59456035,0.044884470908346685,-0.04389206672332904,17.88133430480957,18.56338119506836,58312922.830653094,115338424.49481274,0.2661023332132141,0.1686737217459235
Dane Scarlett,9332,2025-26,Tottenham Hotspur,11000000.0,16.213405921671733,16.138933181762695,11000000.000000013,10210560.479897263,0.07447273990903724,-0.07176722910024996,15.642463684082031,16.740617752075195,6214920.698672093,18636222.63625596,0.42844760953266126,0.17381994496426306
Niclas Füllkrug,6098,2025-26,West Ham United,40000000.0,17.50439003707821,17.446481704711914,39999999.999999985,37749458.086111255,0.05790833236629567,-0.05626354784721827,17.050565719604492,17.903518676757812,25407772.274641708,59621014.36965633,0.33278177096224115,0.17401293405841692
Lewis Cook,1789,2025-26,Bournemouth,64000000.0,17.974393656948944,17.924335479736328,63999999.999999896,60875141.47014786,0.05005817721261607,-0.04882591452893809,17.46349334716797,18.19870376586914,38397131.76407466,80093379.31537685,0.2868442193832359,0.1745134600245726
Yankuba Minteh,12759,2025-26,Brighton & Hove Al..,112000000.0,18.53400943818794,18.48968505859375,112000000.00000003,107144082.2021328,0.04432437959419033,-0.04335640890952877,17.960399627685547,18.603166580200195,63110619.63468831,120019714.15381804,0.25077716535236566,0.17674806847708954
Toti,10293,2025-26,Wolverhampton,26000000.0,17.073607134447293,17.00617027282715,25999999.999999985,24304455.166286733,0.06743686162014484,-0.06521326283512512,16.546619415283203,17.507047653198242,15349897.433771864,40106446.03115138,0.3747135257754434,0.17996911502083884
Loum Tchaouna,9977,2025-26,Burnley,51000000.0,17.747336210296442,17.645845413208008,50999999.99999997,46077964.09942109,0.10149079708843445,-0.09651050785448788,16.705474853515625,18.095989227294922,17992666.171820488,72275026.56773116,0.5425127282506718,0.18707542109784367
Phil Foden,6055,2025-26,Manchester City,197000000.0,19.098714291778403,19.04550552368164,196999999.99999973,186791862.15476832,0.05320876809676278,-0.05181795860523567,18.347375869750977,19.063701629638672,92931745.19131365,190221858.33733365,0.279476321597946,0.19038739236488447
Jean-Philippe Mateta,5735,2025-26,Crystal Palace,67000000.0,18.020203192280615,17.96381187438965,67000000.00000012,63326336.47216978,0.05639131789096652,-0.0548307989228408,17.487565994262695,18.239337921142578,39332667.625317365,83414933.42504747,0.29330573402515814,0.19226121875315805
Ryan Christie,10744,2025-26,Bournemouth,59000000.0,17.893048018819147,17.834144592285156,59000000.00000009,55625070.96958939,0.058903426533991166,-0.05720218695611347,17.308971405029297,18.090044021606445,32899610.430057265,71846611.43262695,0.30473747281695934,0.19329236404533526
Joelinton,87,2025-26,Newcastle United,86000000.0,18.26985786584569,18.217050552368164,86000000.00000013,81576398.18024082,0.05280731347752621,-0.05143723046231747,17.713939666748047,18.407304763793945,49324903.15545712,98671307.07297252,0.2705181604486358,0.19520801631191378
Antonín Kinsky,13348,2025-26,Tottenham Hotspur,60000000.0,17.909855136853043,17.76728057861328,60000000.0000001,52027373.91061829,0.14257455823976173,-0.13287710148969656,16.2257137298584,18.082998275756836,11136222.482854199,71342177.60432677,0.7246243010020824,0.19675652340474295
Pedro Porro,6912,2025-26,Tottenham Hotspur,81000000.0,18.20995972498239,18.161853790283203,80999999.99999987,77195658.57426967,0.048105934699187,-0.04696717809543463,17.821063995361328,18.444393157958984,54902199.92371413,102399577.86953059,0.24319346205675013,0.19780932551534341
Aaron Hickey,8942,2025-26,Brentford,85000000.0,18.258161826219297,18.195127487182617,85000000.00000004,79807454.64431936,0.06303433903667965,-0.061088768890361016,17.622716903686523,18.421382904052734,45024479.17407762,100070239.66724798,0.31160157635917873,0.20229146390460126
Yves Bissouma,5609,2025-26,Tottenham Hotspur,63000000.0,17.958645300228824,17.887033462524414,63000000.000000075,58646206.19551012,0.07161183770440971,-0.06910783816650715,17.46928596496582,18.36687660217285,38620197.12115367,94761767.7041353,0.3501972756455196,0.20448999088415926
Alejandro Garnacho,10552,2025-26,Chelsea,121000000.0,18.61130111182548,18.558799743652344,121000000.00000021,114811215.7148766,0.05250136817313589,-0.05114697756300488,17.966894149780273,18.615890502929688,63521826.80649193,121556592.56173845,0.2532075818927916,0.2073451662887608
Conor Gallagher,9040,2025-26,Tottenham Hotspur,97000000.0,18.390221546776935,18.33121681213379,97000000.0,91442123.604092,0.05900473464314615,-0.05729769480317524,17.89715576171875,18.58816146850586,59242855.28723943,118232249.01711737,0.26959763832355715,0.21886220892013794
Julio Soler,13474,2025-26,Bournemouth,30000000.0,17.216707972959764,17.078752517700195,30000000.00000005,26134124.735392246,0.13795545525956854,-0.12886250882025985,16.007545471191406,17.59434700012207,8953413.010394162,43765087.88564089,0.6190946622959167,0.2228341862098436
Carlos Alcaraz,11297,2025-26,Everton,73000000.0,18.105970012811294,18.04660987854004,72999999.99999994,68792814.97888887,0.059360134271255305,-0.057632671522069516,17.51573371887207,18.19843101501465,40456330.62445509,80071536.7563804,0.2663560907270798,0.22286005966380668
Robert Sánchez,9098,2025-26,Chelsea,87000000.0,18.28141868811311,18.21567153930664,86999999.99999994,81463980.79059869,0.06574714880646937,-0.06363240470576154,17.770227432250977,18.52468490600586,52180917.09316301,110960506.31416434,0.29435350698563567,0.22336118730081175
Ismaila Sarr,5675,2025-26,Crystal Palace,72000000.0,18.09217669086922,18.03648567199707,72000000.00000012,68099856.04989618,0.055691018872149556,-0.05416866597366572,17.6849422454834,18.302982330322266,47915146.56517389,88896410.1650514,0.2411299148838778,0.23095856397149633
Armando Broja,8384,2025-26,Burnley,46000000.0,17.6441519761925,17.55215835571289,46000000.00000004,41957104.45653534,0.09199362047960946,-0.08788903355358031,17.107467651367188,18.1265926361084,26895448.087791294,74521081.96311711,0.3976142112056537,0.23136401538733883
Guglielmo Vicario,8858,2025-26,Tottenham Hotspur,74000000.0,18.119575664681957,18.04849624633789,73999999.99999997,68922706.00428191,0.07107941834406617,-0.06861208102321709,17.532913208007812,18.317535400390625,41157354.10542029,90199585.46621907,0.3061223488677042,0.23219284252514447
Bukayo Saka,7322,2025-26,Arsenal,342000000.0,19.650321297950857,19.543161392211914,342000000.0000003,307246645.63080925,0.10715990573894274,-0.1016179952315527,18.510251998901367,19.678739547729492,109370525.24485981,351858458.0516166,0.4558883964059635,0.2350573223265767
Jack Harrison,8720,2025-26,Leeds United,31000000.0,17.249497794707484,17.119537353515625,30999999.999999978,27222035.08663599,0.12996044119185868,-0.12186983591496749,16.28546714782715,17.70037841796875,11821932.648746554,48660511.03479915,0.5520312395698964,0.2354222585176785
James Ward-Prowse,843,2025-26,West Ham United,43000000.0,17.57671069691365,17.46702003479004,43000000.000000015,38532785.520528875,0.10969066212361156,-0.10388870882491019,16.726354598999023,17.89483642578125,18372297.998855162,59105610.4216105,0.455886163935167,0.24060976357951283
Bernardo Silva,3635,2025-26,Manchester City,192000000.0,19.07300593520039,18.988018035888672,191999999.9999999,176356492.54563555,0.08498789931171657,-0.08147660132481441,18.159238815307617,19.06143569946289,76994057.56194079,189791316.85884774,0.3519944146366796,0.24144672693013922
Oliver Scarles,12358,2025-26,West Ham United,37000000.0,17.426428497635523,17.28404998779297,36999999.99999993,32089837.738750547,0.14237850984255473,-0.13270708814187554,16.165447235107422,17.62515640258789,10484904.769518873,45134450.42683407,0.5695092534354761,0.25000210090297653
Micky van de Ven,10050,2025-26,Tottenham Hotspur,132000000.0,18.6983124881264,18.63561248779297,131999999.99999982,123977726.16429253,0.06270000033343237,-0.060774801785661386,18.092510223388672,18.725971221923828,72024018.34696142,135701911.99249554,0.24714642368036996,0.25369576221147816
Josko Gvardiol,9790,2025-26,Manchester City,142000000.0,18.77133762260779,18.702451705932617,142000000.0,132547509.10256119,0.06888591667517119,-0.06656683730590711,18.127267837524414,18.790775299072266,74571415.69464797,144787150.18554607,0.2588691278326447,0.266103251677446
Rodrigo Gomes,12756,2025-26,Wolverhampton,65000000.0,17.989897843244528,17.843311309814453,65000000.00000007,56137314.50083474,0.14658653343007444,-0.13634900767946642,16.719297409057617,18.1074275970459,18243097.6271651,73106481.23441583,0.5415825320854751,0.2706633333715783
Aaron Wan-Bissaka,5584,2025-26,West Ham United,58000000.0,17.87595358575207,17.769432067871094,57999999.99999995,52139430.7501689,0.10652151788097797,-0.10104429741088028,17.18197250366211,18.154937744140625,28975826.43559104,76663611.78145508,0.3796048692905137,0.28061156876113846
Kenny Tete,5973,2025-26,Fulham,52000000.0,17.76675429577647,17.6870059967041,51999999.99999991,48014133.61664311,0.07974829907236725,-0.07665127660301556,17.200319290161133,17.918052673339844,29512346.414430976,60493873.70559304,0.2800255094138781,0.2847894080767447
Kevin Danso,5261,2025-26,Tottenham Hotspur,66000000.0,18.005165315142214,17.895648956298828,65999999.999999985,59153655.05087113,0.10951635884338629,-0.10373249922922516,17.261585235595703,18.246692657470703,31376984.47845127,84030689.86105634,0.3843421723206274,0.28494494419421956
Tomas Soucek,8288,2025-26,West Ham United,40000000.0,17.50439003707821,17.39115333557129,39999999.999999985,35717570.89403647,0.11323670150692067,-0.10706072764908788,16.800825119018555,17.813234329223633,19792726.278400894,54474012.490034744,0.39499403464752764,0.28667952316790624
Bruno Fernandes,1228,2025-26,Manchester United,228000000.0,19.24485619130468,19.128734588623047,228000000.00000027,203003663.51132312,0.11612160268163407,-0.10963305477489962,18.194961547851562,19.232933044433594,79794212.54723932,225297664.68580443,0.40496722585230044,0.2867432109777346
André,13022,2025-26,Wolverhampton,91000000.0,18.326370075470134,18.240337371826172,90999999.9999999,83498344.21382217,0.0860327036439621,-0.08243577787008498,17.708412170410156,18.470251083374023,49053012.059152514,105081949.36515038,0.29723339431308465,0.2894449455882515
Matt O'Riley,13206,2025-26,Brighton & Hove Al..,70000000.0,18.064005814299346,17.96757698059082,69999999.99999991,63565216.279809184,0.09642883370852573,-0.0919254817170105,17.5723819732666,18.4199275970459,42814267.161931664,99924712.66374764,0.3306720860595751,0.291614677421404
Veljko Milosavljevic,14027,2025-26,Bournemouth,42000000.0,17.553180200057167,17.37894058227539,42000000.00000003,35284013.85155373,0.174239617781776,-0.15990443210586416,16.159809112548828,17.657394409179688,10425955.922345052,46613203.12024758,0.5842867217942568,0.2982091005708846
Facundo Buonanotte,11362,2025-26,Brighton & Hove Al..,65000000.0,17.989897843244528,17.808277130126953,65000000.00000007,54204642.172338516,0.18162071311757444,-0.16608242811786986,16.456987380981445,18.01604652404785,14033912.918333404,66722081.232458524,0.6082708997176881,0.29858524088834204
Josh Acheampong,12535,2025-26,Chelsea,72000000.0,18.09217669086922,17.954458236694336,72000000.00000012,62736766.46548014,0.13771845417488393,-0.12865602131277726,16.98878288269043,18.125675201416016,23885516.78187703,74452745.0883958,0.443561436824777,0.31048338007185183
Cristian Romero,7218,2025-26,Tottenham Hotspur,101000000.0,18.430631084706523,18.33477783203125,100999999.99999991,91768331.30060609,0.09585325267527267,-0.09140266039003794,17.90497398376465,18.685089111328125,59707844.41794239,130266004.15640979,0.30436390603701635,0.3149297626099434
Leny Yoro,10564,2025-26,Manchester United,108000000.0,18.497641794347754,18.400156021118164,108000000.00000006,97968446.55982548,0.09748577322958951,-0.0928847540756905,17.690507888793945,18.479537963867188,48182568.68344182,106062378.397298,0.3078420955379198,0.3166746024751552
Fabio Carvalho,9501,2025-26,Brentford,75000000.0,18.132998684833918,17.945024490356445,75000000.00000003,62147706.604441695,0.18797419447747288,-0.17136391194077774,16.756498336791992,18.258872985839844,18934539.21595181,85060470.06784439,0.5861552998509039,0.320690087635967
Crysencio Summerville,9492,2025-26,West Ham United,79000000.0,18.184958423089522,18.07099151611328,78999999.99999993,70490711.11918062,0.11396690697624123,-0.1077125174787255,17.31989288330078,18.225894927978516,33260892.095266044,82301090.49709707,0.3534790077163335,0.3224149227772517
Mason Mount,7768,2025-26,Manchester United,100000000.0,18.420680753952364,18.334827423095703,99999999.99999991,91772882.30273154,0.08585333085666136,-0.08227117697268374,17.897741317749023,18.580142974853516,59277555.45744452,117287995.27649054,0.2662407464025954,0.32246503218120653
Moisés Caicedo,9453,2025-26,Chelsea,286000000.0,19.47150237228063,19.346616744995117,285999999.9999996,252422982.6726083,0.12488562728551145,-0.11740215848738232,18.45331382751465,19.44022560119629,103317137.21229899,277193284.16531986,0.38504614477844823,0.3243393784850629
Tyrique George,12573,2025-26,Chelsea,18000000.0,16.705882371415992,16.53303337097168,17999999.999999985,15142763.28639457,0.1728490004443124,-0.15873537297807874,15.72244644165039,17.050140380859375,6732427.218349848,25396967.662213888,0.5180031755331373,0.33368328344013215
Benoit Badiashile Mukinayi,7240,2025-26,Chelsea,102000000.0,18.440483381052466,18.355581283569336,101999999.99999997,93697425.69233258,0.08490209748313049,-0.08139778733007247,17.885000228881836,18.5358943939209,58527085.89476942,112211314.1403088,0.25394801804028816,0.33432864780090943
Maxim De Cuyper,13711,2025-26,Brighton & Hove Al..,56000000.0,17.840862266556567,17.697887420654297,56000000.00000003,48539448.67560637,0.14297484590226972,-0.13322413079274387,16.85778045654297,17.943849563598633,20952748.914273195,62074730.47903675,0.4237326312105123,0.3374175963126124
Jake O'Brien,12014,2025-26,Everton,76000000.0,18.1462439114085,18.041051864624023,76000000.00000007,68411524.14179951,0.10519204678447736,-0.09984836655527049,17.414884567260742,18.211454391479492,36575330.45842639,81121158.51098745,0.31078374789073776,0.33847344817226327
Adama Traoré,900,2025-26,West Ham United,48000000.0,17.6867115897055,17.556259155273438,48000000.00000006,42129515.40591289,0.1304524344320619,-0.12230176237681586,16.901165008544922,17.888673782348633,21881781.702447955,58742483.67312833,0.3852790658982135,0.3385920647620289
Jorrel Hato,13776,2025-26,Chelsea,108000000.0,18.497641794347754,18.38555145263672,108000000.00000006,96548056.99332032,0.11209034171103482,-0.10603650932110868,17.66839599609375,18.5103759765625,47128853.622663505,109384085.58747293,0.32850063613153996,0.3412180354687381
Jan Paul van Hecke,10807,2025-26,Brighton & Hove Al..,101000000.0,18.430631084706523,18.34343910217285,100999999.99999991,92566613.69641602,0.08719198253367111,-0.08349887429290988,17.96954917907715,18.624042510986328,63690703.20700132,122551572.9256311,0.25535224217126906,0.34145767349553946
Sean Longstaff,7078,2025-26,Leeds United,50000000.0,17.72753358339242,17.605283737182617,50000000.00000009,44246362.143037654,0.1222498462098045,-0.1150727571392485,16.942180633544922,17.85877227783203,22797936.596626066,57011996.02824801,0.3576105670036711,0.3418518843950982
Ibrahim Sangare,5722,2025-26,Nottingham Forest,66000000.0,18.005165315142214,17.919166564941406,65999999.999999985,60561294.86753552,0.08599875020080816,-0.08240462321915863,17.573057174682617,18.207355499267578,42843185.17806436,80789332.14687835,0.24747310857358704,0.3475074552402776
Nathan Collins,9733,2025-26,Brentford,84000000.0,18.24632736871235,18.161941528320312,84000000.00000007,77202431.86704743,0.08438584039203789,-0.08092343015419809,17.675569534301758,18.295475006103516,47468149.783983454,88231534.82461523,0.2418577003635277,0.34890698235036777
Archie Gray,10184,2025-26,Tottenham Hotspur,97000000.0,18.390221546776935,18.261310577392578,97000000.0,85268065.66743909,0.1289109693843571,-0.1209477766243393,17.530200958251953,18.444557189941406,41045876.32521352,102416376.05313374,0.3567384150791827,0.36135993191465976
Declan Rice,5553,2025-26,Arsenal,202000000.0,19.123778260315973,19.00507164001465,201999999.99999982,179389797.24724394,0.1187066203013245,-0.1119316967958213,18.282075881958008,19.119415283203125,87057194.657093,201120598.4183205,0.32669010231560114,0.36336154496240963
Stefanos Tzimas,14028,2025-26,Brighton & Hove Al..,47000000.0,17.665658180950928,17.44306755065918,46999999.99999998,37620795.37951362,0.22259063029174797,-0.19955754511673107,16.53726577758789,18.07991600036621,15206989.441875737,71122619.90537143,0.6018689176303385,0.3698324066444993
Zeki Amdouni,11701,2025-26,Burnley,28000000.0,17.147715103853763,16.96434211730957,27999999.99999999,23308812.69798567,0.18337298654419243,-0.16754240364336853,16.12755584716797,17.375722885131836,10095049.853073718,35170663.039843105,0.48697555224683675,0.37655480998611784
Morato,13068,2025-26,Nottingham Forest,31000000.0,17.249497794707484,17.097999572753906,30999999.999999978,26642001.580553867,0.15149822195357743,-0.14058059417568108,16.590225219726562,17.602933883666992,16034050.214947062,44142511.7354619,0.39511086728587635,0.3834321819449305
Carlos Baleba,10527,2025-26,Brighton & Hove Al..,108000000.0,18.497641794347754,18.408845901489258,108000000.00000006,98823490.38288637,0.08879589285849576,-0.08496768163994158,17.924684524536133,18.515518188476562,60896393.3307744,109948010.4085748,0.2305152604035854,0.38520613647457524
Ethan Pinnock,9678,2025-26,Brentford,30000000.0,17.216707972959764,17.047733306884766,30000000.00000005,25335908.795998275,0.16897466607499823,-0.15546970680005887,16.39729118347168,17.5167179107666,13220657.254516168,40496167.0182347,0.43674719179701216,0.38689353760866974
Hákon Valdimarsson,12595,2025-26,Brentford,50000000.0,17.72753358339242,17.506868362426758,50000000.00000009,40099255.95989764,0.22066522096566388,-0.19801488080204868,16.303176879882812,17.758764266967773,12033160.80237125,51586173.936613485,0.567901130305084,0.3885627430378939
Hannibal Mejbri,9558,2025-26,Burnley,36000000.0,17.399029524198163,17.22610092163086,36000000.000000045,30283116.03517078,0.17292860256730336,-0.15880233235636831,16.464014053344727,17.58730697631836,14132871.902423898,43458062.61877082,0.4382555978984951,0.394583898977043
Romain Esse,13387,2025-26,Crystal Palace,17000000.0,16.648723960844016,16.442462921142578,16999999.999999974,13831551.055129888,0.20626103970143816,-0.18637934969824066,15.82294750213623,17.1605281829834,7444211.941583315,28361074.526747067,0.521860512990975,0.3952417064845165
Rico Lewis,10847,2025-26,Manchester City,96000000.0,18.379858759848776,18.256025314331055,95999999.99999994,84818590.34830815,0.12383344551772169,-0.11647301720512293,17.54837989807129,18.350698471069336,41798870.43932483,93241033.87067598,0.31302663688426,0.39560034491092994
Kobbie Mainoo,11174,2025-26,Manchester United,110000000.0,18.5159909328476,18.40401840209961,110000000.00000012,98347569.7161839,0.11197253074799107,-0.10593118439832915,17.80809783935547,18.531862258911133,54194924.65120307,111759773.91538016,0.28237853363335963,0.39653343796089063
Walter Benítez,5652,2025-26,Crystal Palace,37000000.0,17.426428497635523,17.162778854370117,36999999.99999993,28424977.87367359,0.2636496432654063,-0.2317573547655772,15.886381149291992,17.5333251953125,7931724.404228965,41174313.90658974,0.6425594186807022,0.4103116935189116
Freddie Potts,13724,2025-26,West Ham United,36000000.0,17.399029524198163,17.194557189941406,36000000.000000045,29342782.302764714,0.20447233425675648,-0.1849227138120923,16.628883361816406,17.896324157714844,16666033.79684635,59193609.17022024,0.49449525804628675,0.41349705771620776
Ben Davies,660,2025-26,Tottenham Hotspur,38000000.0,17.453096744006448,17.30735206604004,37999999.99999996,32846377.91890999,0.1457446779664089,-0.13562163371289418,17.003616333007812,17.894725799560547,24242462.244688135,59099072.152855225,0.3476686303900489,0.4192057183959857
Georginio Rutter,6937,2025-26,Brighton & Hove Al..,110000000.0,18.5159909328476,18.408308029174805,110000000.00000012,98770350.25543673,0.10768290367279576,-0.10208772495057612,17.889745712280273,18.546615600585938,58805485.26131988,113420826.97308044,0.2562794617087371,0.4201776566675402
Sepp van den Berg,10721,2025-26,Brentford,86000000.0,18.26985786584569,18.17180061340332,86000000.00000013,77967341.68090789,0.09805725244236996,-0.09340300371037479,17.702655792236328,18.299104690551758,48771455.51585701,88552369.36988299,0.23270605841185663,0.42137816742537304
Rodrigo Bentancur,6108,2025-26,Tottenham Hotspur,82000000.0,18.22222981742365,18.09786033630371,82000000.00000001,72410387.62107466,0.12436948111993829,-0.11694649242591892,17.67721176147461,18.424711227416992,47546167.31476658,100403860.67865081,0.2916388224971257,0.42645036094659183
Chris Wood,4456,2025-26,Nottingham Forest,15000000.0,16.52356082573315,16.38582420349121,15000000.00000001,13069922.121058943,0.13773662224193828,-0.12867185859607103,16.433490753173828,17.2583065032959,13708007.104133498,31274276.21115949,0.32180396789905596,0.42801405818943705
Mateus Mané,13484,2025-26,Wolverhampton,44000000.0,17.599700214609808,17.31247901916504,43999999.99999999,33015212.196841277,0.28722119544476854,-0.2496542682536072,15.852614402770996,17.56466293334961,7668367.223312549,42485054.35500991,0.6679600993244951,0.4299975338874792
Brajan Gruda,11310,2025-26,Brighton & Hove Al..,97000000.0,18.390221546776935,18.262157440185547,97000000.0,85340306.60529186,0.12806410659138834,-0.1202030246877128,17.689640045166016,18.447341918945312,48140771.886529975,102701975.38259494,0.29561931792723534,0.43320615002200374
Ki-Jana Hoever,8351,2025-26,Wolverhampton,23000000.0,16.951004817371683,16.76074981689453,22999999.999999974,19015210.40138903,0.19025500047715127,-0.17325172167873693,16.055335998535156,17.176286697387695,9391690.735999476,28811542.978691205,0.4373417731858059,0.43502590454884554
Kaoru Mitoma,10806,2025-26,Brighton & Hove Al..,113000000.0,18.542898385526172,18.411163330078125,112999999.99999999,99052772.33673337,0.13173505544804698,-0.12342679348023554,17.878273010253906,18.651592254638672,58134682.7562885,125974775.03022113,0.3017124748877397,0.43662448991233316
Jamie Bynoe-Gittens,10542,2025-26,Chelsea,106000000.0,18.478949661510303,18.344188690185547,105999999.99999991,92636026.53343336,0.13476097132475573,-0.12607522138270338,17.765417098999023,18.546337127685547,51930512.235996835,113389246.74347322,0.30467794026238676,0.4423062963098031
Jean-Clair Todibo,6816,2025-26,West Ham United,65000000.0,17.989897843244528,17.866308212280273,65000000.00000007,57443257.63927694,0.12358963096425413,-0.11625757478035573,17.573291778564453,18.287086486816406,42853237.53496682,87494498.52814335,0.2784888253489732,0.44378667908625946
Joshua Zirkzee,8044,2025-26,Manchester United,92000000.0,18.33729914588288,18.2073917388916,92000000.0000001,80792259.97498807,0.12990740699127912,-0.12182326114143498,17.71987533569336,18.465560913085938,49618550.09062922,104590251.09938416,0.29093112925464404,0.44652288438194154
Milos Kerkez,11709,2025-26,Liverpool,127000000.0,18.65969765229688,18.54684066772461,126999999.99999999,113446357.14719199,0.11285698457227156,-0.10672159726620473,18.067646026611328,18.71043586730957,70255279.2188615,133610025.82147448,0.25078609523555156,0.45001292622013317
Jayden Bogle,9205,2025-26,Leeds United,55000000.0,17.822843761378564,17.674983978271484,55000000.000000075,47440362.65829943,0.14785978310708003,-0.13744795166728424,17.056432723999023,17.89687156677246,25557277.93843902,59226021.159079246,0.3278993573303568,0.4509303839778866
Omar Alderete,8986,2025-26,Sunderland,75000000.0,18.132998684833918,18.014671325683594,75000000.00000003,66630388.19661962,0.11832735915032444,-0.11159482404507205,17.542499542236328,18.205425262451172,41553799.46022634,80633540.00789756,0.25864215996833667,0.45749447485595635
Tyler Dibling,10586,2025-26,Everton,89000000.0,18.30414693893237,18.1164493560791,89000000.00000004,73769014.41450788,0.18769758285326787,-0.17113466949991188,17.190099716186523,18.226350784301758,29212278.690592587,82338616.52265394,0.40429599629949453,0.46425783230914114
Shea Lacey,14198,2025-26,Manchester United,20000000.0,16.811242881518265,16.533855438232422,20000000.000000015,15155216.775252953,0.27738744328584275,-0.2422391612373529,15.59664535522461,17.109407424926758,5936588.42298407,26947669.801579736,0.5902079785034328,0.46998253732388234
Eli Junior Kroupi,11504,2025-26,Bournemouth,61000000.0,17.926384438531027,17.674686431884766,60999999.999999955,47426249.04933908,0.2516980066462615,-0.2225205073878834,16.730310440063477,18.10222625732422,18445119.83452344,72727216.78113988,0.5352564540052055,0.4702381536231111
Hee-Chan Hwang,8845,2025-26,Wolverhampton,45000000.0,17.622173069956816,17.41187858581543,44999999.999999985,36465550.77122102,0.21029448414138585,-0.1896544273061993,16.532501220703125,17.67101287841797,15134707.204026215,47252345.80106203,0.4441932260601786,0.47343019164568595
Kyle Walker-Peters,885,2025-26,West Ham United,50000000.0,17.72753358339242,17.493078231811523,50000000.00000009,39550077.29458584,0.23445535158089825,-0.20899845410828463,16.70559310913086,17.953001022338867,17994794.0315598,62645412.1249077,0.4866793777878381,0.4817449891684258
Jeremie Frimpong,9328,2025-26,Liverpool,122000000.0,18.619531610894253,18.49558448791504,122000000.0000001,107778039.30208297,0.12394712297921373,-0.11657344834358296,18.029266357421875,18.686397552490234,67609992.12778287,130436561.11712088,0.25638141120844266,0.48344816574257216
Nehemiah Oriola,14127,2025-26,Brighton & Hove Al..,1000000.0,13.815511557963774,13.53532886505127,999999.9999999997,755645.4333804687,0.2801826929125042,-0.24435456661953098,12.859917640686035,14.322794914245605,384583.0504107581,1660773.9923466651,0.5707452980997895,0.49090670364754696
Romelle Donovan,14217,2025-26,Brentford,23000000.0,16.951004817371683,16.69664764404297,22999999.999999974,17834540.062626805,0.25435717332871377,-0.2245852146683989,15.961116790771484,17.276702880859375,8547220.27292781,31854934.249256223,0.5132792673278025,0.49555318034357737
Federico Chiesa,1433,2025-26,Liverpool,85000000.0,18.258161826219297,18.09967041015625,85000000.00000004,72541574.46529008,0.15849141606304684,-0.14656971217305828,17.79739761352539,18.60835838317871,53618118.19101912,120644453.2262126,0.316398411943865,0.5009235510675262
Shumaira Mheuka,13476,2025-26,Chelsea,24000000.0,16.993564429978885,16.63701629638672,24000000.0,16802130.24899604,0.35654813359216675,-0.2999112396251649,15.131410598754883,16.92962646484375,3728103.9221864166,22513516.50643988,0.7015785049701015,0.5082084628681168
Jean-Ricner Bellegarde,7762,2025-26,Wolverhampton,38000000.0,17.453096744006448,17.23929214477539,37999999.99999996,30685233.770914286,0.21380459923105732,-0.19249384813383377,16.559511184692383,17.62358856201172,15549065.8430001,45063742.246564984,0.4151525017827381,0.5150025552367928
Stefan Ortega Moreno,8786,2025-26,Nottingham Forest,29000000.0,17.182806422433504,16.93918228149414,28999999.999999948,22729682.72937523,0.2436241409393638,-0.21621783691809418,16.318199157714844,17.5197696685791,12215290.881411422,40619940.282312796,0.4687957983942327,0.5196807261793943
Brenden Aaronson,10751,2025-26,Leeds United,45000000.0,17.622173069956816,17.35691261291504,44999999.999999985,34515276.59819701,0.2652604570417765,-0.23299385337339945,16.5693359375,17.87485122680664,15702584.487615615,57936098.40777957,0.5093501187260118,0.5207821639567825
Soungoutou Magassa,10770,2025-26,West Ham United,41000000.0,17.529082649058825,17.30224609375,40999999.999999985,32679092.658713814,0.22683655530882518,-0.20294895954356523,16.82434844970703,17.931310653686523,20263836.463986963,61301240.507991076,0.4318841262453639,0.5252254980539707
Sam Johnstone,978,2025-26,Wolverhampton,34000000.0,17.341871111992198,17.004045486450195,33999999.99999994,24252868.21396049,0.3378256255420027,-0.2866803466482196,15.801114082336426,17.441104888916016,7283440.793889491,37547030.89275891,0.6398465945845226,0.527979094366152
Vitaly Janelt,9680,2025-26,Brentford,63000000.0,17.958645300228824,17.7967472076416,63000000.000000075,53583255.98933909,0.1618980925872222,-0.14947212715334876,17.421133041381836,18.194303512573242,36804585.9731807,79741722.41179392,0.30165443064703146,0.5367005292776906
Gabriel Gudmundsson,9944,2025-26,Leeds United,60000000.0,17.909855136853043,17.760717391967773,60000000.0000001,51687026.64144591,0.14913774488526954,-0.13854955597590285,17.345380783081055,18.057476043701172,34119538.468179494,69544405.1353735,0.277825781522421,0.5368031147722476
Rio Ngumoha,13692,2025-26,Liverpool,51000000.0,17.747336210296442,17.39762306213379,50999999.99999997,35949402.95402964,0.3497131481626532,-0.29510974599941836,16.187301635742188,17.84689712524414,10716568.314362517,56338973.89354061,0.6474954116117019,0.5401013534476959
Cole Palmer,8497,2025-26,Chelsea,363000000.0,19.709913394983946,19.485580444335938,363000000.0000002,290054803.56129646,0.22433295064800873,-0.20095095437659416,18.49420738220215,19.552749633789062,107629719.69638667,310206769.2144249,0.41299295836561745,0.5431883185993926
Rayan,14395,2025-26,Bournemouth,59000000.0,17.893048018819147,17.671520233154297,59000000.00000009,47276325.58562843,0.22152778566485054,-0.19870634600629905,17.068313598632812,18.108667373657227,25862731.701396108,73197173.14846699,0.405896677860565,0.5457738329677843
Enzo Fernández,11356,2025-26,Chelsea,309000000.0,19.548851838098265,19.304019927978516,309000000.0,241896359.01252568,0.2448319101197498,-0.2171638866908554,18.350845336914062,19.48360252380371,93254728.79965948,289481665.20579547,0.44194810459585987,0.5539833921080773
Dominik Szoboszlai,9788,2025-26,Liverpool,141000000.0,18.76427045543464,18.616661071777344,141000000.0,121650296.38395089,0.14760938365729714,-0.1372319405393554,18.10909652709961,18.789377212524414,73228592.7091496,144584866.65506262,0.2654132438940364,0.5561492768470465
Trevoh Chalobah,6615,2025-26,Chelsea,88000000.0,18.292847383806116,18.162965774536133,87999999.99999991,77281546.67636918,0.12988160926998304,-0.12180060595034939,17.774965286254883,18.360525131225586,52428729.25023,94161798.44391671,0.22845766648617033,0.5685149956560789
James Maddison,6818,2025-26,Tottenham Hotspur,98000000.0,18.400478046838927,18.21151351928711,97999999.99999994,81125955.16910724,0.1889645275518177,-0.17218413092747661,17.712820053100586,18.558856964111328,49269709.22331043,114817785.45335351,0.3300834579262386,0.5724749999257589
Thierno Barry,12916,2025-26,Everton,68000000.0,18.035018277846262,17.792469024658203,67999999.99999996,53354506.675699696,0.2425492531880593,-0.21537490182794514,17.105106353759766,18.176237106323242,26832014.85005986,78314011.67557536,0.41790439411785596,0.5803941202868913
Manuel Ugarte,11766,2025-26,Manchester United,85000000.0,18.258161826219297,18.09189224243164,85000000.00000004,71979522.62472674,0.16626958378765622,-0.1531820867679211,17.53073501586914,18.248498916625977,41067803.043197416,84182608.2264135,0.28003741592479264,0.5937406015498653
Trai Hume,13713,2025-26,Sunderland,46000000.0,17.6441519761925,17.34364128112793,46000000.00000004,34060239.05331154,0.3005106950645704,-0.25956002058018446,16.591503143310547,17.88294792175293,16054553.605234135,58407093.50983165,0.5038604730374869,0.5964164905672459
Dwight McNeil,6756,2025-26,Everton,50000000.0,17.72753358339242,17.449806213378906,50000000.00000009,37875165.33165085,0.27772737001351544,-0.2424966933669843,16.704065322875977,17.8779296875,17967322.821463194,58114727.22235426,0.4579861747977151,0.6064099426935388
Romeo Lavia,10004,2025-26,Chelsea,117000000.0,18.57768450130904,18.386999130249023,117000000.00000016,96687928.67551194,0.1906853710600167,-0.17360744721784782,17.696086883544922,18.501150131225586,48452130.22883872,108379565.81937367,0.31409747870963445,0.6070897857677319
Jadon Sancho,6345,2025-26,Manchester United,122000000.0,18.619531610894253,18.447696685791016,122000000.0000001,102738417.10257849,0.17183492510323717,-0.15788182702804587,17.899442672729492,18.622705459594727,59378493.46469609,122387824.66748357,0.28218282036020226,0.608948924969608
Mohammed Kudus,12027,2025-26,Tottenham Hotspur,125000000.0,18.643824303266577,18.482341766357422,125000000.0000002,106360173.64521283,0.16148253690915482,-0.1491186108382987,17.968740463256836,18.645835876464844,63639216.34882677,125251699.72312997,0.26417050181733365,0.6112814860033667
Olivier Boscagli,3645,2025-26,Brighton & Hove Al..,70000000.0,18.064005814299346,17.83991241455078,69999999.99999991,55946833.54085744,0.2240933997485648,-0.20075952084489268,17.25282859802246,18.179452896118164,31103427.058068555,78566258.44725393,0.36152483246681877,0.6198561748013046
Noah Okafor,11966,2025-26,Leeds United,61000000.0,17.926384438531027,17.70572280883789,60999999.999999955,48921268.00393217,0.22066162969313652,-0.19801199993553759,17.21140480041504,18.123151779174805,29841325.92821983,74265106.21861415,0.35572040839599145,0.6203232215102312
Jaka Bijol,6807,2025-26,Leeds United,73000000.0,18.105970012811294,17.847000122070312,72999999.99999994,56344776.92798636,0.25896989074098187,-0.22815374071251496,17.154829025268555,18.189359664916992,28199900.000131775,79348464.3842766,0.40362476674668857,0.641610505788187
Rico Henry,9679,2025-26,Brentford,65000000.0,17.989897843244528,17.78009033203125,65000000.00000007,52698118.61953362,0.20980751121327756,-0.18925971354563745,17.29271697998047,18.12649154663086,32369168.852151208,74513549.04653044,0.32529927300939904,0.6449676609243928
Matheus Nunes,11000,2025-26,Manchester City,99000000.0,18.410630418199872,18.254980087280273,98999999.99999982,84729981.97822145,0.1556503309195989,-0.1441415961795798,17.855228424072266,18.46541404724121,56810311.4296672,104574891.49158792,0.23806547663725383,0.6538131152748666
Marc Cucurella,7134,2025-26,Chelsea,107000000.0,18.488339401771974,18.31578826904297,106999999.99999991,90042132.5266932,0.17255113272900502,-0.15848474274118438,17.857234954833984,18.532352447509766,56924417.50953569,111814570.71211472,0.26339881107868646,0.6550945770118072
Marco Bizot,9614,2025-26,Aston Villa,24000000.0,16.993564429978885,16.72918701171875,24000000.0,18424409.698311225,0.2643774182601355,-0.23231626257036564,16.471548080444336,17.499296188354492,14239751.4610579,39796764.11184379,0.4009785446959371,0.6593305845344256
Mats Wieffer,12758,2025-26,Brighton & Hove Al..,74000000.0,18.119575664681957,17.932619094848633,73999999.99999997,61381502.072985455,0.18695656983332398,-0.17052024225695298,17.510343551635742,18.234460830688477,40238850.88386974,83009101.68810487,0.28251620266580874,0.6617552128664167
Wilson Odobert,10822,2025-26,Tottenham Hotspur,77000000.0,18.15931599280497,17.879520416259766,76999999.99999994,58207245.55818316,0.2797955765452045,-0.24406174599762068,17.09125518798828,18.153961181640625,26462922.233046006,76588781.5162606,0.41461745294851693,0.6748282653213509
Yerson Mosquera,9958,2025-26,Wolverhampton,45000000.0,17.622173069956816,17.304279327392578,44999999.999999985,32745604.485478036,0.3178937425642374,-0.2723199003227101,16.776376724243164,17.948219299316406,19314693.249072865,62346574.160311915,0.45719736844962827,0.695309650714364
Wilfried Gnonto,11155,2025-26,Leeds United,67000000.0,18.020203192280615,17.638952255249023,67000000.00000012,45761433.60824387,0.3812509370315915,-0.31699352823516735,16.53801155090332,17.92900276184082,15218334.639502278,61159927.00344965,0.5426987674837112,0.7025093106426386
Dan Neil,13720,2025-26,Sunderland,25000000.0,17.034386422832473,16.577835083007812,24999999.999999963,15836611.798539612,0.4565513398246601,-0.36653552805841455,15.656455039978027,17.31006622314453,6302487.037449225,32935649.245009035,0.6451606192370583,0.7076553128189379
Patrick Dorgu,11944,2025-26,Manchester United,92000000.0,18.33729914588288,18.16484260559082,92000000.0000001,77426727.28212072,0.17245654029206037,-0.1584051382378192,17.732757568359375,18.355911254882812,50261882.693634026,93728348.25678664,0.24312499961899164,0.7093328146522245
Anthony Elanga,9524,2025-26,Newcastle United,90000000.0,18.31532023940565,18.043437957763672,90000000.00000004,68574955.31607465,0.2718822816419788,-0.23805605204361532,17.248811721801758,18.223133087158203,30978739.033356942,82074101.58095612,0.3801339648692776,0.7152275428360502
Benjamin Sesko,11974,2025-26,Manchester United,126000000.0,18.65179247285226,18.461172103881836,126000000.0000001,104132230.2565425,0.1906203689704249,-0.17355372812267922,17.985387802124023,18.66690444946289,64707507.3952809,127918569.24268587,0.26589545758607436,0.7168996819312651
Axel Tuanzebe,934,2025-26,Burnley,26000000.0,17.073607134447293,16.710025787353516,25999999.999999985,18074736.215710536,0.36358134709377765,-0.30481783785728667,16.34990882873535,17.61441993713379,12608840.45643933,44652458.02567978,0.49335223299849307,0.7369609840093462
Dango Ouattara,9662,2025-26,Brentford,98000000.0,18.400478046838927,18.178138732910156,97999999.99999994,78463077.37293306,0.22233931392877082,-0.19935635333741727,17.64525604248047,18.396772384643555,46050815.096806504,97637517.13547066,0.29320601699624904,0.7583040628106046
Estêvão,13775,2025-26,Chelsea,121000000.0,18.61130111182548,18.29592514038086,121000000.00000021,88271259.80334911,0.31537597144462026,-0.27048545617066977,17.330780029296875,18.387357711791992,33624986.67343361,96722605.39936645,0.4122264767254954,0.7650551074491787
Dennis Cirkin,8537,2025-26,Sunderland,20000000.0,16.811242881518265,16.383323669433594,20000000.000000015,13037281.16008935,0.4279192120846709,-0.348135941995533,15.763235092163086,17.17482566833496,7012711.224953158,28769479.21155959,0.5507356623510105,0.7769956466191893
Jordan Pickford,741,2025-26,Everton,92000000.0,18.33729914588288,18.109006881713867,92000000.0000001,73222028.39785369,0.2282922641690135,-0.20410838697985212,17.603195190429688,18.35555648803711,44154047.979745716,93695102.44357269,0.29353567851719475,0.7777325922430944
Nico González,9802,2025-26,Manchester City,129000000.0,18.675322970077882,18.480300903320312,128999999.99999978,106143328.44709927,0.19502206675756995,-0.17718350041008177,18.03557014465332,18.674423217773438,68037537.3002741,128883984.1524165,0.2492501553275788,0.782435086153751
Divine Mukasa,14055,2025-26,Manchester City,28000000.0,17.147715103853763,16.699337005615234,27999999.99999999,17882568.14551229,0.44837809823852837,-0.36133685194598936,15.78313159942627,17.200767517089844,7153637.021230489,29525577.608338777,0.5530942677474833,0.810672112123998
Rio Cardines,13777,2025-26,Crystal Palace,1000000.0,13.815511557963774,13.471637725830078,999999.9999999997,709018.0867608215,0.3438738321336956,-0.2909819132391782,13.431376457214355,14.511350631713867,681039.0930684925,2005392.0445667387,0.4213546777338035,0.8161149034423264
Ethan Ampadu,6369,2025-26,Leeds United,63000000.0,17.958645300228824,17.68144989013672,63000000.000000075,47748101.70317699,0.277195410092105,-0.2420936237590963,17.207447052001953,18.07200050354004,29723454.869781278,70561871.25521627,0.33730773342362214,0.8217878886991823
Curtis Jones,6665,2025-26,Liverpool,125000000.0,18.643824303266577,18.41842269897461,125000000.0000002,99774449.24880132,0.22540160429196732,-0.20180440600959068,17.935949325561523,18.634662628173828,61586257.391712576,123860020.6382992,0.272604776486405,0.8268439284049311
Florentino Luís,8969,2025-26,Benfica,60000000.0,17.909855136853043,17.61687660217285,60000000.0000001,44762289.01441377,0.2929785346801914,-0.25396184975977176,17.10189437866211,18.009092330932617,26745969.345314864,66259692.62086861,0.35394559411279614,0.8277501953784016
Marshall Munetsi,7908,2025-26,Wolverhampton,26000000.0,17.073607134447293,16.809900283813477,25999999.999999985,19973166.06218415,0.2637068506338167,-0.23180130530060913,16.53046226501465,17.32381248474121,15103879.643335354,33391517.372027736,0.3095276109892562,0.8519655154220477
Matheus Cunha,7080,2025-26,Manchester United,216000000.0,19.190788970278067,18.81702423095703,215999999.99999967,148637977.20165363,0.37376473932103593,-0.31186121665900995,17.990171432495117,19.112375259399414,65017785.734443925,199709676.89886856,0.43783068429023325,0.8536741547179258
Harry Howell,13584,2025-26,Brighton & Hove Al..,18000000.0,16.705882371415992,16.092700958251953,17999999.999999985,9749249.402776407,0.613181413164039,-0.45837503317908806,14.844466209411621,16.678159713745117,2798141.0726278056,17507845.568477318,0.7154201959866943,0.8570926800834167
Jurriën Timber,11707,2025-26,Arsenal,140000000.0,18.757152987716434,18.528976440429688,139999999.99999985,111437720.40893137,0.22817654728674697,-0.20401628279334647,18.072965621948242,18.749679565429688,70630004.69017461,138957620.793956,0.2640216704309022,0.8642341627274253
Lukas Nmecha,6544,2025-26,Leeds United,31000000.0,17.249497794707484,16.930679321289062,30999999.999999978,22537232.491026025,0.3188184734184212,-0.2729925002894825,16.574796676635742,17.518550872802734,15788566.760437774,40570463.02690131,0.3682081058745239,0.8658648963232399
Jackson Tchatchoua,12113,2025-26,Wolverhampton,44000000.0,17.599700214609808,17.200345993041992,43999999.99999999,29513134.489649754,0.3993542215678154,-0.3292469434170509,16.714664459228516,17.88455581665039,18158773.751469664,58501081.52024157,0.4564360959080313,0.8749400521738809
Solly March,6049,2025-26,Brighton & Hove Al..,83000000.0,18.234351177809064,17.95844078063965,82999999.99999991,62987116.58317798,0.27591039716941523,-0.2411190773111079,17.434104919433594,18.241941452026367,37285120.566954926,83632389.73727137,0.3151794828889912,0.8754072271468036
Sasa Kalajdzic,8812,2025-26,Wolverhampton,24000000.0,16.993564429978885,16.6610050201416,24000000.0,17210065.29225394,0.33255940983728394,-0.2829139461560858,16.100431442260742,17.06959342956543,9824907.88868919,25895852.816902496,0.37812102036779194,0.8795052163823345
Callum Marshall,12359,2025-26,West Ham United,16000000.0,16.588099342704055,16.1648006439209,16000000.000000026,10478127.513150012,0.4232986987831566,-0.3451170304281253,15.778797149658203,17.011699676513672,7122697.038908414,24439216.547497787,0.48102006431878147,0.8800021666094748
Joe Rodon,6377,2025-26,Leeds United,58000000.0,17.87595358575207,17.58521842956543,57999999.99999995,43367393.13779483,0.29073515618664203,-0.2522863252104333,16.97109603881836,17.816308975219727,23466771.416110657,54641758.54522331,0.32976198213154667,0.88165153031699
Xavi Simons,8700,2025-26,Tottenham Hotspur,136000000.0,18.72816545105327,18.51262664794922,136000000.00000012,109630550.47301115,0.2155388031040495,-0.1938930112278599,18.0238094329834,18.646339416503906,67242054.32144023,125314784.85101567,0.2428816603021762,0.887423129584553
Bryan Mbeumo,6552,2025-26,Manchester United,137000000.0,18.73549149109167,18.483732223510742,136999999.9999999,106508165.77539104,0.25175926758092615,-0.22256813302634226,18.00676918029785,18.721956253051758,66105940.035932146,135158165.3293454,0.279032059909448,0.9022592875622518
Mathias Jensen,7166,2025-26,Brentford,69000000.0,18.049617077054286,17.729257583618164,68999999.99999994,50086274.36015084,0.320359493436122,-0.2741119657949148,17.157394409179688,18.067039489746094,28272336.44637341,70212679.72182007,0.35490034745675403,0.902674499283659
Merlin Röhl,11331,2025-26,SC Freiburg,75000000.0,18.132998684833918,17.813148498535156,75000000.00000003,54469337.148599565,0.31985018629876194,-0.27374217135200607,17.140485763549805,18.028905868530273,27798308.391320307,67585623.86880627,0.34661936911570707,0.9227706666097787
Josh Laurent,13728,2025-26,Burnley,18000000.0,16.705882371415992,16.14425277709961,17999999.999999985,10265021.261364598,0.5616295943163827,-0.4297210410352996,15.37571907043457,16.914392471313477,4759812.622169274,22173144.918295637,0.6003173504267904,0.9355544928313284
Matthijs de Ligt,7902,2025-26,Manchester United,133000000.0,18.705859693704824,18.43109130859375,132999999.99999984,101046493.3109156,0.2747683851110736,-0.24025192999311482,17.93572235107422,18.67942237854004,61572280.46855159,129529909.11056344,0.29015646188826827,0.9469662792375783
Luke Shaw,1006,2025-26,Manchester United,114000000.0,18.5517090151307,18.262630462646484,114000000.00000018,85380684.03657557,0.28907855248421654,-0.2510466312581102,17.823652267456055,18.58308219909668,55044485.81617362,117633238.12310365,0.2962935241077699,0.975649242941506
Yoane Wissa,5786,2025-26,Newcastle United,86000000.0,18.26985786584569,17.938953399658203,86000000.00000013,61771545.24513542,0.33090446618748715,-0.28172621807982184,17.3597412109375,18.19468879699707,34613044.652231544,79772451.57510756,0.3257569295226758,1.0158017718068313
Ao Tanaka,13834,2025-26,Leeds United,63000000.0,17.958645300228824,17.583288192749023,63000000.000000075,43283764.53446837,0.37535710747980033,-0.3129561185005029,16.972692489624023,17.899160385131836,23504264.884116136,59361734.017744504,0.36146381159838187,1.038436201455362
Wesley Fofana,7589,2025-26,Chelsea,200000000.0,19.11382792951231,18.794713973999023,200000000.0000001,145358544.23667142,0.3191139555132878,-0.27320727881664325,18.161975860595703,18.938562393188477,77205082.44773343,167846828.64526215,0.30298721571252524,1.0532258094218194
Pascal Struijk,8717,2025-26,Leeds United,60000000.0,17.909855136853043,17.61566734313965,60000000.0000001,44708192.52579288,0.29418779371339454,-0.25486345790345316,17.191083908081055,17.859607696533203,29241043.332126502,57059644.81733004,0.2608262605642185,1.1279071098017834
David Møller Wolfe,13740,2025-26,Wolverhampton,48000000.0,17.6867115897055,17.150047302246094,48000000.00000006,28065377.764642972,0.5366642874594056,-0.41530462990327216,16.66696548461914,17.8759708404541,17312951.601536382,58001000.781369,0.47169652211578206,1.137732127114723
Alexander Isak,5232,2025-26,Liverpool,431000000.0,19.88161865038821,19.369300842285156,431000000.0000005,258214408.48759693,0.5123178081030524,-0.40089464388028623,18.416439056396484,19.53951644897461,99576728.56949104,306128787.5462393,0.4381715081651613,1.1692175291094986
Melker Ellborg,14425,2025-26,Sunderland,8000000.0,15.894952224644102,15.470841407775879,8000000.000000002,5234810.572126668,0.4241108168682235,-0.34564867848416664,15.441577911376953,16.348115921020508,5083841.39887736,12586254.220885146,0.35368811581426973,1.1991096050593186
Anton Stach,9910,2025-26,Leeds United,83000000.0,18.234351177809064,17.93162727355957,82999999.99999991,61320652.772287115,0.30272390424949336,-0.26119695455075687,17.61253547668457,18.175148010253906,44568391.46761545,78228766.62064956,0.21950471443538525,1.3791225624842105
Bafode Diakite,7268,2025-26,Bournemouth,105000000.0,18.46947091764561,17.938695907592773,105000000.00000018,61755641.60972581,0.5307750100528352,-0.4118510322883266,17.28805160522461,18.213048934936523,32218506.266240563,81250612.90801448,0.36089006660368855,1.4707387627703974
Levi Colwill,10805,2025-26,Chelsea,278000000.0,19.443131675252033,18.559829711914062,277999999.9999999,114929528.54295199,0.8833019633379706,-0.5865844297016113,17.963802337646484,19.38102912902832,63325732.54803353,261260649.8009412,0.5529346460855354,1.5974798641959749
Dominic Solanke,1679,2025-26,Tottenham Hotspur,163000000.0,18.909260764906005,18.282835006713867,162999999.99999988,87123307.02008282,0.6264257581921377,-0.4655011839258719,17.698572158813477,18.700023651123047,48572696.87087978,132226066.88074698,0.3907188530722837,1.6032647343900956
Noussair Mazraoui,10696,2025-26,Manchester United,104000000.0,18.459901466721032,18.08251953125,104000000.00000006,71308031.1025915,0.37738193547103194,-0.31434585478277444,17.700439453125,18.296672821044922,48663481.127393514,88337283.197376,0.23262196867852283,1.6222970582480256
Tyler Fletcher,14272,2025-26,Manchester United,4000000.0,15.201805169084134,14.36617374420166,4000000.0000000005,1734401.868655218,0.8356314248824734,-0.5663995328361955,13.98148250579834,15.171977996826172,1180538.9845552354,3882453.042425285,0.4644748511676611,1.7990886326390927
Alex Tóth,14374,2025-26,Bournemouth,30000000.0,17.216707972959764,16.399797439575195,30000000.00000005,13253833.166258983,0.8169105333845685,-0.5582055611247013,16.024415969848633,17.120140075683594,9105742.897094391,27238447.356765322,0.4274995536010928,1.9109038278595298
Max Kilman,7332,2025-26,West Ham United,103000000.0,18.450239555902648,17.325586318969727,103000000.00000004,33450800.954337303,1.1246532369329216,-0.6752349421909002,16.57513427734375,18.026931762695312,15793897.891938377,67452334.29953833,0.5664224904808874,1.9855377493540227
Florian Wirtz,8397,2025-26,Liverpool,476000000.0,19.980928414296535,19.140321731567383,476000000.0000004,205369576.6059142,0.8406066827291525,-0.5685513096514412,18.407682418823242,19.464494705200195,98708577.82601427,284002813.1911621,0.4123180080281507,2.0387338567850297
Nick Woltemade,8117,2025-26,Newcastle United,224000000.0,19.2271566142836,18.645606994628906,224000000.00000024,125223035.16443771,0.5815496196546945,-0.4409685930159037,17.946081161499023,18.665103912353516,62213411.00150131,127688454.33736704,0.2805285595000165,2.0730496056843024
Karl Darlow,780,2025-26,Leeds United,6000000.0,15.607270193858982,14.166078567504883,6000000.0,1419872.8214632901,1.4411916263540991,-0.7633545297561183,14.40660285949707,16.12839126586914,1805958.9912907998,10103486.97111805,0.6717601366985566,2.1453961728616453
Joél Drakes-Thomas,14263,2025-26,Crystal Palace,7000000.0,15.76142084987672,13.929574966430664,6999999.999999995,1120823.3131344623,1.8318458834460554,-0.8398823838379338,12.952141761779785,14.76413345336914,421737.93400363874,2582150.3173292135,0.706953178412608,2.591184168036815
Bradley Burrowes,13870,2025-26,Aston Villa,6000000.0,15.607270193858982,12.892301559448242,6000000.0,397241.2437890465,2.7149686344107398,-0.933793126035159,12.169252395629883,14.218147277832031,192768.87435992758,1495762.4118217945,0.7993815622496775,3.396336321255745
Bendito Mantato,14266,2025-26,Manchester United,11000000.0,16.213405921671733,13.239812850952148,11000000.000000013,562311.4026033639,2.973593070719584,-0.9488807815815125,12.795748710632324,14.539799690246582,360679.827046854,2063262.8708465,0.6804459364106972,4.370065146402477
Jun'ai Byfield,14134,2025-26,Tottenham Hotspur,12000000.0,16.300417291085605,13.404891967773438,12000000.000000007,663238.8495494142,2.8955253233121674,-0.9447300958708822,13.124556541442871,14.503752708435059,501096.7853909658,1990212.9598528144,0.5380969010152501,5.381048130641633
