player,player_id,season,club,wage_pw,actual_log,pred_log,actual,pred,lower_log,upper_log,lower,upper,residual_log,residual_pct,sigma_log,z
Rio Ngumoha,13692,2025-26,Liverpool,353.0,5.869296913133774,9.96508308350611,352.99999999999994,21269.64183856636,9.405992307410248,10.499087465508582,12160.035491069877,36281.37864119312,-4.095786170372336,59.25394288545712,0.42647386293875944,-9.603838655313984
Rio Ngumoha,13692,2025-26,Liverpool,353.0,5.869296913133774,9.926991080704273,352.99999999999994,20474.638256299782,9.360820682439543,10.459272555431406,11622.924179097156,34865.17900697493,-4.0576941675704985,57.001808091500806,0.4285637989122011,-9.468121614261193
Freddie Potts,13724,2025-26,West Ham United,5786.0,8.663369301573839,10.636302831340018,5786.000000000002,41617.61538358363,10.087020166229276,11.169594853010949,24028.082972593387,70939.3635459674,-1.9729335297661788,6.192812890353201,0.4223692742310767,-4.671110447979211
Joél Drakes-Thomas,14263,2025-26,Crystal Palace,104.0,4.653960350157523,7.174539244472299,103.99999999999997,1304.7583269978552,6.444686981727074,7.872403929504018,628.3496481868777,2622.865600692694,-2.5205788943147756,11.545753144210149,0.5570274073492818,-4.52505363481021
Joél Drakes-Thomas,14263,2025-26,Crystal Palace,104.0,4.653960350157523,7.174539244472299,103.99999999999997,1304.7583269978552,6.444686981727074,7.872403929504018,628.3496481868777,2622.865600692694,-2.5205788943147756,11.545753144210149,0.5570274073492818,-4.52505363481021
Freddie Potts,13724,2025-26,West Ham United,5786.0,8.663369301573839,10.59930859485792,5786.000000000002,40106.09758873935,10.044188838843331,11.151896784606055,23020.615060835768,69694.90091420278,-1.9359392932840809,5.931575801717826,0.43217507930347027,-4.479525511753717
Mateus Mané,13484,2025-26,Wolverhampton,1157.0,7.05444965813294,9.115801721934606,1156.9999999999995,9096.92570425812,8.438079507645547,9.79358302184135,4618.674410365635,17917.39328083278,-2.0613520638016656,6.862511412496216,0.5288531521188417,-3.8977777773336353
Yasin Ayari,11385,2025-26,Brighton & Hove Al..,10414.0,9.251002353695073,10.976852764088354,10414.000000000005,58503.13790213876,10.409157811790257,11.547912828446126,33160.93005242684,103559.66222488966,-1.7258504103932815,4.617739379886569,0.4442881731714991,-3.8845292641339073
Yasin Ayari,11385,2025-26,Brighton & Hove Al..,10414.0,9.251002353695073,10.9094321073887,10414.000000000005,54688.778563256914,10.35322765202734,11.472602478637928,31357.092666380453,96046.91674047224,-1.6584297536936266,4.25146711765478,0.43672694261269107,-3.7974065528730065
Christantus Uche,12726,2025-26,Getafe,10874.0,9.294221855956884,10.899655355839517,10873.999999999995,54156.69544643374,10.338549265679449,11.42375345886485,30900.168128401725,91467.8228082899,-1.6054334998826327,3.980383984406269,0.42339518285880423,-3.791808610203343
Jun'ai Byfield,14134,2025-26,Tottenham Hotspur,353.0,5.869296913133774,8.016497930226652,352.99999999999994,3029.54554522766,7.232590809347937,8.69490459026804,1382.8030336848542,5971.402715146415,-2.147201017092878,7.5822819978120695,0.5705254500097939,-3.763549929378292
Jun'ai Byfield,14134,2025-26,Tottenham Hotspur,353.0,5.869296913133774,8.016497930226652,352.99999999999994,3029.54554522766,7.232590809347937,8.69490459026804,1382.8030336848542,5971.402715146415,-2.147201017092878,7.5822819978120695,0.5705254500097939,-3.763549929378292
Mateus Mané,13484,2025-26,Wolverhampton,1157.0,7.05444965813294,9.05673163047702,1156.9999999999995,8575.075016027442,8.372752314685771,9.745561725424974,4326.530412199085,17077.26233644572,-2.002281972344079,6.411473652573418,0.5356050917791748,-3.7383549990028886
Christantus Uche,12726,2025-26,Getafe,10874.0,9.294221855956884,10.860070820157478,10873.999999999995,52054.76465445326,10.296566656707952,11.375627602788642,29629.711606783305,87170.05378558535,-1.565848964200594,3.787085217440987,0.42099837933779,-3.719370527420078
Max Alleyne,13298,2025-26,Manchester City,5786.0,8.663369301573839,10.143946317844202,5786.000000000002,25435.649782541266,9.56425311468262,10.721886362572116,14245.308716220941,45336.34489981449,-1.480577016270363,3.396068057819091,0.45165356322012257,-3.278125397072919
Ladislav Krejcí,12721,2025-26,Girona,23999.0,10.085809109330082,11.434450805117054,23998.999999999985,92451.54872463168,10.880459265870453,11.945335832691327,53126.99419044838,154095.73486873077,-1.3486416957869718,2.852308376375338,0.41546430760441444,-3.2461072373781024
Ladislav Krejcí,12721,2025-26,Girona,23999.0,10.085809109330082,11.422461992474966,23998.999999999985,91349.77014484254,10.86803179328388,11.933042163417658,52470.83315558775,152212.91765330636,-1.3366528831448843,2.806399022661052,0.4155165113080952,-3.2168466156421625
Max Alleyne,13298,2025-26,Manchester City,5786.0,8.663369301573839,10.064478413246606,5786.000000000002,23492.484661538063,9.484027552386417,10.630113915361582,13147.034416280174,41360.836680354325,-1.401109111672767,3.060228942540279,0.4471485166303168,-3.1334311969352764
Bendito Mantato,14266,2025-26,Manchester United,353.0,5.869296913133774,7.785973469223297,352.99999999999994,2405.6077666383426,6.947261727235923,8.546919232261715,1039.2972069637337,5149.861350833802,-1.9166765560895227,5.814752879995305,0.6241104541476304,-3.0710534383007495
Bendito Mantato,14266,2025-26,Manchester United,353.0,5.869296913133774,7.785973469223297,352.99999999999994,2405.6077666383426,6.947261727235923,8.546919232261715,1039.2972069637337,5149.861350833802,-1.9166765560895227,5.814752879995305,0.6241104541476304,-3.0710534383007495
Harry Howell,13584,2025-26,Brighton & Hove Al..,353.0,5.869296913133774,7.824031181706851,352.99999999999994,2498.9629274012755,7.033275253688787,8.802957033112474,1132.7378148146227,6652.890719154968,-1.9547342685730769,6.079215091788317,0.6904458583058355,-2.83111882714375
Harry Howell,13584,2025-26,Brighton & Hove Al..,353.0,5.869296913133774,7.824031181706851,352.99999999999994,2498.9629274012755,7.033275253688787,8.802957033112474,1132.7378148146227,6652.890719154968,-1.9547342685730769,6.079215091788317,0.6904458583058355,-2.83111882714375
Romelle Donovan,14217,2025-26,Brentford,5786.0,8.663369301573839,9.829774942658439,5786.000000000002,18577.772465351398,9.28427631005235,10.36537021689915,10766.378253901867,31740.181474255878,-1.1664056410845998,2.210814459963946,0.4217915441640199,-2.765360418489152
Mohamadou Kanté,14219,2025-26,West Ham United,5786.0,8.663369301573839,9.900649810450329,5786.000000000002,19942.325609967098,9.305420286220423,10.487046624477852,10996.467370438944,35847.12790631781,-1.2372805088764895,2.4466515053520723,0.4610145286010803,-2.683821077463523
Romelle Donovan,14217,2025-26,Brentford,5786.0,8.663369301573839,9.788702107149021,5786.000000000002,17830.148222853666,9.245609434594092,10.330180181122062,10357.98392839679,30642.632810021005,-1.125332805575182,2.081601835958116,0.42314804203034195,-2.659430491928141
Florentino Luís,8969,2025-26,Benfica,24449.0,10.104385494903019,11.23189931884004,24449.000000000015,75499.85946691259,10.678694874794601,11.772721186555877,43419.84371794914,129665.51789025334,-1.1275138239370204,2.0880551133752934,0.42683715491446916,-2.6415550074663834
Mohamadou Kanté,14219,2025-26,West Ham United,5786.0,8.663369301573839,9.878948134883217,5786.000000000002,19514.184520437153,9.283058367687046,10.467068195128686,10753.27219059816,35138.04537820716,-1.2155788333093778,2.3726554649908653,0.4619444529833562,-2.6314393980896553
Florentino Luís,8969,2025-26,Benfica,24449.0,10.104385494903019,11.205689066168395,24449.000000000015,73546.67145407049,10.655801258900498,11.75197338928042,42437.07607597397,127002.94008875897,-1.101303571265376,2.0081668556615995,0.42767435151961414,-2.5750984770356697
James Rowswell,14176,2025-26,Tottenham Hotspur,926.0,6.831953565565855,7.9853452332425885,925.9999999999999,2936.5912836144385,7.383467378780207,8.588167581598373,1608.1596718687397,5366.768660003793,-1.1533916676767335,2.1712648851127847,0.4700168556896596,-2.4539368188920636
James Rowswell,14176,2025-26,Tottenham Hotspur,926.0,6.831953565565855,7.9853452332425885,925.9999999999999,2936.5912836144385,7.383467378780207,8.588167581598373,1608.1596718687397,5366.768660003793,-1.1533916676767335,2.1712648851127847,0.4700168556896596,-2.4539368188920636
Nehemiah Oriola,14127,2025-26,Brighton & Hove Al..,694.0,6.543911845564792,7.813843164446032,693.9999999999999,2473.6225651541536,7.08400453884571,8.459380347219318,1191.7353226449397,4718.132867641605,-1.2699313188812402,2.5642976443143426,0.5366063783596458,-2.366597510009662
Nehemiah Oriola,14127,2025-26,Brighton & Hove Al..,694.0,6.543911845564792,7.813843164446032,693.9999999999999,2473.6225651541536,7.08400453884571,8.459380347219318,1191.7353226449397,4718.132867641605,-1.2699313188812402,2.5642976443143426,0.5366063783596458,-2.366597510009662
Bradley Burrowes,13870,2025-26,Aston Villa,353.0,5.869296913133774,7.116051339477079,352.99999999999994,1230.5777370935843,6.415835768985594,7.85437458872391,610.4515795915293,2575.982935346871,-1.2467544263433048,2.4860559124464148,0.5612495882869634,-2.2213903624386218
Bradley Burrowes,13870,2025-26,Aston Villa,353.0,5.869296913133774,7.116051339477079,352.99999999999994,1230.5777370935843,6.415835768985594,7.85437458872391,610.4515795915293,2575.982935346871,-1.2467544263433048,2.4860559124464148,0.5612495882869634,-2.2213903624386218
Merlin Röhl,11331,2025-26,SC Freiburg,28766.0,10.266984175821792,11.19214935102098,28766.000000000022,72557.56813191927,10.637325085845099,11.71332361668844,41660.181953882,122187.91585911176,-0.9251651751991883,1.522337764441327,0.4198035702248609,-2.2038049240592184
Lamare Bogarde,10025,2025-26,Aston Villa,8678.0,9.068661593644245,10.063816734821316,8678.000000000005,23476.94467140771,9.497576046065006,10.661730027252627,13326.382683439573,42689.42892995628,-0.9951551411770705,1.7053404783830024,0.4541976439419534,-2.19101784091212
Merlin Röhl,11331,2025-26,SC Freiburg,28766.0,10.266984175821792,11.132931053002265,28766.000000000022,68385.52306624962,10.572911130205076,11.646964361145777,39061.22358403734,114342.72941174185,-0.8659468771804733,1.377303867977806,0.41904460650801784,-2.0664789946745312
Oliver Sonne,13726,2025-26,Burnley,8100.0,8.999742789830492,9.873370183037942,8100.000000000006,19405.632790543823,9.294231831028576,10.409836574621549,10874.108479445682,33183.44677885433,-0.8736273932074496,1.395757134635038,0.435256035110988,-2.0071574492578357
Oliver Sonne,13726,2025-26,Burnley,8100.0,8.999742789830492,9.855823054386713,8100.000000000006,19068.072377520086,9.279056021478471,10.388349425340257,10710.315890405009,32478.013631957147,-0.8560802645562209,1.354083009570379,0.43279364982317736,-1.9780333304473898
Maxim De Cuyper,13711,2025-26,Brighton & Hove Al..,28928.0,10.272599831178495,11.077036016962277,28928.00000000001,64667.92147646789,10.549796983507703,11.624607804523816,38168.68844889234,111814.76097779762,-0.8044361857837821,1.2354784802429433,0.4193401822075273,-1.918337950703886
Maxim De Cuyper,13711,2025-26,Brighton & Hove Al..,28928.0,10.272599831178495,11.070460853629168,28928.00000000001,64244.107604785015,10.539801878537158,11.612599743516673,37789.07868617896,110480.09988176794,-0.7978610224506735,1.2208278347893042,0.41855482227752144,-1.9062282405664275
Lamare Bogarde,10025,2025-26,Aston Villa,8678.0,9.068661593644245,9.96226497765237,8678.000000000005,21209.783301749776,9.370038659073973,10.610291872464629,11730.56861028521,40549.032963962774,-0.8936033840081254,1.444086575449385,0.48388795341213975,-1.846715500369195
Olivier Boscagli,3645,2025-26,Brighton & Hove Al..,34714.0,10.454927149187373,11.237771596997424,34713.99999999998,75944.52583932773,10.70055514867538,11.795190145029704,44379.4860608004,132611.96736204147,-0.7828444478100511,1.1877203963624987,0.4270746347603779,-1.8330389681168675
Olivier Boscagli,3645,2025-26,Brighton & Hove Al..,34714.0,10.454927149187373,11.22355007832469,34713.99999999998,74872.10889903907,10.681842218246254,11.777227121363278,43556.719310351626,130251.10508464425,-0.768622929137317,1.156827473037942,0.42736721279584255,-1.7985070125267086
Shea Lacey,14198,2025-26,Manchester United,2314.0,7.747164966520335,8.61245990649259,2314.0000000000005,5498.760949191333,7.980043046187092,9.22578738134687,2921.056844779902,10154.66931101637,-0.865294939972256,1.3763011880688554,0.4860303285707844,-1.780331162700758
Shea Lacey,14198,2025-26,Manchester United,2314.0,7.747164966520335,8.61245990649259,2314.0000000000005,5498.760949191333,7.980043046187092,9.22578738134687,2921.056844779902,10154.66931101637,-0.865294939972256,1.3763011880688554,0.4860303285707844,-1.780331162700758
Callum Wilson,468,2025-26,West Ham United,11571.0,9.356343666096025,10.545655263097622,11570.999999999995,38010.927198210724,9.778480039058882,11.603566000179853,17648.805439782158,109486.53653691646,-1.1893115970015966,2.285016610337114,0.7120619410561316,-1.670236152823457
Callum Wilson,468,2025-26,West Ham United,11571.0,9.356343666096025,10.545236242983266,11570.999999999995,37995.00277268956,9.779086442340976,11.608853679959534,17659.511585522032,110067.00488288842,-1.1888925768872411,2.2836403744438316,0.7138883530172674,-1.6653760659665566
Ayden Heaven,13080,2025-26,Manchester United,11571.0,9.356343666096025,10.115047630886894,11570.999999999995,24711.08392922334,9.526315183484073,10.719579771899612,13714.957067632897,45231.89071578694,-0.7587039647908682,1.135604868137875,0.4655552215736957,-1.6296755564812586
Ayden Heaven,13080,2025-26,Manchester United,11571.0,9.356343666096025,10.087672853662795,11570.999999999995,24043.771572407604,9.50741626209941,10.670468147276797,13458.17437412596,43064.09758770552,-0.7313291875667698,1.0779337630634878,0.45376765837360494,-1.6116820449214064
Tyler Fredricson,13467,2025-26,Manchester United,1157.0,7.05444965813294,7.846102681225945,1156.9999999999995,2554.7542926127358,7.197431393153851,8.466626335635217,1334.9947081909793,4752.451837003052,-0.791653023093005,1.2080849547214665,0.49517964280807086,-1.5987188378821253
Stefanos Tzimas,14028,2025-26,Brighton & Hove Al..,23143.0,10.04949084665597,10.713159162815568,23142.999999999993,44942.39835989199,10.155052456138247,11.22632792684117,25719.727314957072,75080.38419820525,-0.6636683161595975,0.941943497381152,0.4179608562689414,-1.5878719411287476
Stefanos Tzimas,14028,2025-26,Brighton & Hove Al..,23143.0,10.04949084665597,10.697423154799132,23142.999999999993,44240.704095812485,10.147847949445476,11.211773286444116,25535.088078819434,73995.51573710804,-0.6479323081431616,0.9116235620192931,0.4150931828639694,-1.560932183161139
Ezra Mayers,13247,2025-26,West Ham United,2893.0,7.970394907191429,8.706615830587777,2893.0000000000005,6041.758129089609,8.11288362392521,9.329109594078496,3336.18736170477,11260.100069986363,-0.7362209233963481,1.0884058517420006,0.4745136632020933,-1.551527343655845
Ezra Mayers,13247,2025-26,West Ham United,2893.0,7.970394907191429,8.706615830587777,2893.0000000000005,6041.758129089609,8.11288362392521,9.329109594078496,3336.18736170477,11260.100069986363,-0.7362209233963481,1.0884058517420006,0.4745136632020933,-1.551527343655845
Lucas Paquetá,7365,2025-26,Flamengo,18570.0,9.829356503193052,10.704212629014906,18569.99999999999,44542.10402074156,10.023953399188821,11.539282036900515,22559.444291468026,102669.69781006382,-0.8748561258218537,1.3986054938471504,0.5912093315561989,-1.4797738789390065
Lucas Paquetá,7365,2025-26,Flamengo,18570.0,9.829356503193052,10.687067184471234,18569.99999999999,43784.902528266946,9.987634123127133,11.56980343146817,21754.76639803778,105851.66268020064,-0.8577106812781814,1.357829969212007,0.6172873896223466,-1.3894835625962236
Tyler Fredricson,13467,2025-26,Manchester United,1157.0,7.05444965813294,7.701459514553417,1156.9999999999995,2210.573461157477,7.077853790097062,8.34598874513065,1184.4216227743434,4212.246396722793,-0.6470098564204765,0.9106080044576301,0.49476608600272676,-1.3077085813373852
Maxime Estève,9487,2025-26,Burnley,34714.0,10.454927149187373,10.99801439656215,34713.99999999998,59754.37336601256,10.442366319736532,11.50744813263424,34280.67794507557,99452.76408985033,-0.5430872473747765,0.7213335647292907,0.41554438488459583,-1.3069295775121632
Jenson Seelt,13714,2025-26,Sunderland,17588.0,9.775028985632325,10.307846034897532,17588.000000000004,29965.819590131217,9.779493783920143,10.848720552971812,17666.706911578436,51467.25830139781,-0.5328170492652067,0.7037650437873102,0.41716155009623856,-1.2772439098049342
Kobbie Mainoo,11174,2025-26,Manchester United,11571.0,9.356343666096025,10.159698830312017,11570.999999999995,25839.513508318283,9.45106676332661,11.102751680339372,12720.729101734012,66352.49279434842,-0.8033551642159917,1.2331270856726553,0.6444090815858773,-1.2466540077910626
Maxime Estève,9487,2025-26,Burnley,34714.0,10.454927149187373,10.976184375207275,34713.99999999998,58464.04745213419,10.432899053201044,11.504725253349898,33957.65564447466,99182.33184012922,-0.5212572260199018,0.684163376509023,0.4181757247664366,-1.246502833972582
Sepp van den Berg,10721,2025-26,Brentford,40500.0,10.609081944147828,11.125868756898438,40499.99999999998,67904.2586071965,10.574308307906778,11.646165459024862,39115.838596362,114251.41644372013,-0.5167868127506097,0.6766483606715196,0.4181878003659962,-1.2357768741659132
Rio Cardines,13777,2025-26,Crystal Palace,1389.0,7.237059026124737,7.750824116962255,1389.0,2322.486450403392,7.229821769661352,8.302606085761322,1378.976528483548,4033.3726266840504,-0.5137650908375173,0.6720564797720606,0.41854953614762225,-1.2274893327233616
Divine Mukasa,14055,2025-26,Manchester City,3471.0,8.15248607578024,8.668317753323862,3470.9999999999986,5814.70766093411,8.103303649867595,9.199749051502224,3304.3698421997137,9893.645700684845,-0.5158316775436216,0.6752254857199979,0.4277809689963828,-1.2058312896756829
Divine Mukasa,14055,2025-26,Manchester City,3471.0,8.15248607578024,8.668317753323862,3470.9999999999986,5814.70766093411,8.103303649867595,9.199749051502224,3304.3698421997137,9893.645700684845,-0.5158316775436216,0.6752254857199979,0.4277809689963828,-1.2058312896756829
Rio Cardines,13777,2025-26,Crystal Palace,1389.0,7.237059026124737,7.739124866674556,1389.0,2295.4617932376723,7.210139084267798,8.29420607525267,1352.0804464907478,3999.625789549037,-0.5020658405498182,0.6526002831084754,0.42295150052080405,-1.187052983454595
Sepp van den Berg,10721,2025-26,Brentford,40500.0,10.609081944147828,11.086396321772702,40499.99999999998,65276.08414687701,10.525641402980272,11.598463230827802,37257.72419565068,108929.26990178466,-0.4773143776248734,0.6117551641204209,0.41856417145157443,-1.1403612878989478
Jaka Bijol,6807,2025-26,Leeds United,52071.0,10.860382655252224,11.335787319171216,52071.000000000015,83765.40567591003,10.795113482268082,11.876338634254774,48780.84443096998,143821.9968946098,-0.47540466391899194,0.6086767236256267,0.4218427497899776,-1.1269712805439496
Jaka Bijol,6807,2025-26,Leeds United,52071.0,10.860382655252224,11.332134041316147,52071.000000000015,83459.94203257498,10.797716769238713,11.871759558044545,48908.00301430818,143164.9259680881,-0.4717513860639233,0.6028104325358636,0.419040532482475,-1.1257893914681218
Ethan Ampadu,6369,2025-26,Leeds United,40500.0,10.609081944147828,11.076123059291445,40499.99999999998,64608.908430846815,10.540223630106786,11.608977978533273,37805.02007259727,110080.68702922773,-0.46704111514361735,0.5952816896505395,0.41697723398481834,-1.1200638238216665
Robin Roefs,13712,2025-26,Sunderland,40500.0,10.609081944147828,11.075310740531835,40499.99999999998,64556.44590120506,10.521969613661938,11.592085867902522,37121.168864757296,108236.79247397323,-0.4662287963840068,0.5939863185482739,0.41750858501056715,-1.116692717521501
Carlos Baleba,10527,2025-26,Brighton & Hove Al..,30085.0,10.31181522625777,10.828543221960084,30085.000000000004,50439.17310438618,10.25067045334675,11.444562929634312,28300.510403250948,93391.18325309736,-0.5167279957023148,0.6765555294793476,0.4658001936278578,-1.1093340079526561
Jenson Seelt,13714,2025-26,Sunderland,17588.0,9.775028985632325,10.23345279559907,17588.000000000004,27817.395670245136,9.71748802348794,10.788183785146053,16604.479720017574,48443.96959238857,-0.4584238099667459,0.5816122168663367,0.4177346813070552,-1.0974042388158387
Riccardo Calafiori,8129,2025-26,Arsenal,75213.0,11.228092662823174,11.716177231108283,75213.00000000004,122537.09388412623,11.135852309061828,12.288691418204383,68585.58969179417,217224.5336132111,-0.4880845682851085,0.6292009876500891,0.4497831177646423,-1.085155376019489
Ethan Ampadu,6369,2025-26,Leeds United,40500.0,10.609081944147828,11.05929653457208,40499.99999999998,63530.84368714176,10.525320454712446,11.590155442664342,37245.76799142284,108028.04905426364,-0.4502145904242525,0.5686628070899208,0.41544808550267087,-1.08368435463968
Lucas Pires,11824,2025-26,Burnley,25457.0,10.14478531443038,10.600395538878598,25456.999999999985,40149.715459447696,10.05926445522648,11.15102074458577,23370.30940387996,69633.87125186846,-0.4556102244482183,0.5771581670836202,0.42595149988657893,-1.0696293464620663
Lucas Pires,11824,2025-26,Burnley,25457.0,10.14478531443038,10.59623902844469,25456.999999999985,39983.174945175095,10.062902538440586,11.149980461322736,23455.4910272782,69561.46892677454,-0.45145371401431156,0.5706161348617322,0.42412622327734,-1.064432447788313
Robin Roefs,13712,2025-26,Sunderland,40500.0,10.609081944147828,11.04214476010445,40499.99999999998,62450.451639064086,10.493650782880875,11.570898199068475,36084.6581016599,105967.61020192361,-0.433062815956621,0.5419864602238054,0.42029082602614015,-1.0303884575622084
Diego Coppola,10169,2025-26,Brighton & Hove Al..,28928.0,10.272599831178495,10.703245140796614,28928.00000000001,44499.02993259165,10.15327958115839,11.224755475331992,25674.16807838503,74962.4151369334,-0.43064530961811975,0.538268457293682,0.4180390519970357,-1.0301556937345018
Josh Laurent,13728,2025-26,Burnley,25457.0,10.14478531443038,10.59958732221228,25456.999999999985,40117.27809202497,10.02869975648728,11.160862087507331,22666.778743214865,70322.55512789077,-0.4548020077819004,0.5758839648043758,0.4417160200616642,-1.02962534100169
Kevin Schade,9156,2025-26,Brentford,45128.0,10.717280334365933,11.18890502719274,45127.99999999997,72322.54609033714,10.627953486895514,11.812944108959181,41271.57384868165,134987.3974563305,-0.47162469282680775,0.6026091581797817,0.46232711250582,-1.0201103938520817
Angel Gomes,5598,2025-26,Marseille,31751.0,10.365710994462901,10.802265479767174,31751.0,49130.98266172259,10.231817596835622,11.3366321344599,27771.944235236806,83836.20271710392,-0.43655448530427243,0.5473837882813956,0.43104620874108646,-1.0127788539870781
Diego Coppola,10169,2025-26,Brighton & Hove Al..,28928.0,10.272599831178495,10.693650534150555,28928.00000000001,44074.111372574334,10.153666384106204,11.224524262672052,25684.101230045693,74945.08464991256,-0.42105070297206026,0.5235796243284817,0.4177979316319487,-1.007785513268115
Angel Gomes,5598,2025-26,Marseille,31751.0,10.365710994462901,10.801079977714492,31751.0,49072.7711072011,10.226710786693404,11.33802924203448,27630.47461862823,83953.4141674886,-0.4353689832515908,0.545550411237476,0.43358372882098856,-1.0041174387135254
Josh Laurent,13728,2025-26,Burnley,25457.0,10.14478531443038,10.58806356194489,25456.999999999985,39657.618264558034,10.014374940058458,11.146108505579143,22344.381626607126,69292.64689502909,-0.4432782475145114,0.5578276412993698,0.44154873610888573,-1.0039169207477907
Kobbie Mainoo,11174,2025-26,Manchester United,11571.0,9.356343666096025,10.022425105404972,11570.999999999995,22524.991638290212,9.30457086824119,11.033926988488702,10987.129890201675,61939.34283646459,-0.6660814393089467,0.9466763147774802,0.6747126995620587,-0.9872075028990644
Marco Bizot,9614,2025-26,Aston Villa,40500.0,10.609081944147828,11.023201174233492,40499.99999999998,61278.53242429333,10.496923974414846,11.576371730499229,36202.96689029082,106549.22300644961,-0.41411923008566376,0.5130501833158855,0.42114929424695985,-0.9833074297943054
Riccardo Calafiori,8129,2025-26,Arsenal,75213.0,11.228092662823174,11.6680582421321,75213.00000000004,116780.30097084658,11.088914937138727,12.25646814829973,65440.69922807655,210336.39184764618,-0.4399655793089252,0.5526611220247366,0.45552386218290475,-0.9658452955693186
Marco Bizot,9614,2025-26,Aston Villa,40500.0,10.609081944147828,11.014703574269838,40499.99999999998,60760.0096913427,10.490390219034209,11.567006878202903,35967.19011946794,105556.05360666115,-0.4056216301220097,0.50024715287266,0.4200447345670065,-0.9656629324020345
Sam Byram,902,2025-26,Leeds United,13886.0,9.53870842969938,9.982164900966026,13885.999999999995,21636.10406942977,9.39798180261122,10.583841839940337,12063.008593956114,39490.54352286388,-0.44345647126664645,0.5581235827041465,0.4626663170883374,-0.9584801289564738
Bart Verbruggen,11711,2025-26,Brighton & Hove Al..,28928.0,10.272599831178495,10.807262465096496,28928.00000000001,49377.10889071684,10.172922976415176,11.611663599222906,26183.50169637753,110376.72202638892,-0.5346626339180016,0.7068967398616157,0.5613283222690219,-0.9524953805230578
Sam Byram,902,2025-26,Leeds United,13886.0,9.53870842969938,9.98032796049211,13885.999999999995,21596.394480468047,9.390493029396694,10.58040749075274,11973.001411871148,39355.148402589184,-0.44161953079273,0.5552638974843768,0.4642481609597935,-0.9512574694528014
Hjalmar Ekdal,11704,2025-26,Burnley,28928.0,10.272599831178495,10.671796928716821,28928.00000000001,43121.35972610082,10.139226271290983,11.222472279212202,25315.87051564618,74791.45420130696,-0.3991970975383268,0.4906443489387722,0.4226311918853023,-0.9445519053091205
Zian Flemming,13729,2025-26,Burnley,40500.0,10.609081944147828,10.991995560299705,40499.99999999998,59395.795750396195,10.464872193435133,11.544770554177221,35060.96464073811,103234.7569587782,-0.38291361615187647,0.4665628580344747,0.4213250988030466,-0.9088317245749321
Granit Xhaka,204,2025-26,Sunderland,133070.0,11.798638099351365,12.189727129281334,133070.00000000006,196756.46936236013,11.646633038949084,12.758380399928098,114304.851071449,347450.51182273455,-0.39108902992996875,0.47859374285984857,0.43375106744918845,-0.9016439595869875
Zian Flemming,13729,2025-26,Burnley,40500.0,10.609081944147828,10.98922837149979,40499.99999999998,59231.66080337474,10.459612272887497,11.540990599100018,34877.02566875577,102845.26702609181,-0.3801464273519617,0.4625101432932042,0.42190251110472515,-0.9010290703332677
Granit Xhaka,204,2025-26,Sunderland,133070.0,11.798638099351365,12.187704779242084,133070.00000000006,196358.95897452824,11.64630770083294,12.754567744130588,114267.6690698864,346128.3209328621,-0.3890666798907194,0.47560651517643465,0.43239048156437426,-0.8998039884760858
Kevin Schade,9156,2025-26,Brentford,45128.0,10.717280334365933,11.137092818372818,45127.99999999997,68670.72478943889,10.569338695455613,11.772643917218195,38921.92530426907,129655.4990313767,-0.41981248400688465,0.5216877501648407,0.46947260027411414,-0.8942214812148055
João Pedro,8272,2025-26,Chelsea,92570.0,11.435731196638752,11.815565103493437,92570.0,135341.6653725807,11.269763738149283,12.386453343856163,78413.46862888556,239533.64570717793,-0.3798339068546852,0.4620467254248752,0.4356792968307438,-0.8718199593547502
Tyler Fletcher,14272,2025-26,Manchester United,1851.0,7.524021415206125,7.930797909439543,1851.0000000000005,2780.6454204104007,7.311733646924791,8.529051778231459,1496.7715467277087,5058.645893097797,-0.40677649423341844,0.5022395572179362,0.47493977266071064,-0.8564801636943828
Tyler Fletcher,14272,2025-26,Manchester United,1851.0,7.524021415206125,7.930797909439543,1851.0000000000005,2780.6454204104007,7.311733646924791,8.529051778231459,1496.7715467277087,5058.645893097797,-0.40677649423341844,0.5022395572179362,0.47493977266071064,-0.8564801636943828
Jéremy Doku,8981,2025-26,Manchester City,63874.0,11.064683327506005,11.521911060994366,63873.99999999996,100901.60876817824,10.886798826619012,12.264885689146622,53464.87220455596,212114.3881149415,-0.4572277334883612,0.5796976667842674,0.5376641030500604,-0.8503966154604709
Diego Gómez,13364,2025-26,Brighton & Hove Al..,46285.0,10.742594818539608,11.099498975295397,46285.00000000003,66137.01508634583,10.553086100189809,11.631640344480354,38294.439699821254,112603.88129245059,-0.3569041567557889,0.4289081794608574,0.4208006883424547,-0.8481548786472856
Pascal Struijk,8717,2025-26,Leeds United,46285.0,10.742594818539608,11.094030255395536,46285.00000000003,65776.31199814274,10.553826373828391,11.617575544788428,38322.79929994604,111031.20182890704,-0.3514354368559278,0.42111509124214547,0.4150244512348472,-0.8467824866951352
Jan Paul van Hecke,10807,2025-26,Brighton & Hove Al..,63642.0,11.06104462150408,11.464251226754554,63641.999999999956,95248.1364450886,10.861405653728758,12.087587955401942,52124.2968333117,177652.08295645998,-0.4032066052504746,0.49662387173703954,0.47839815132971164,-0.842826428425274
Jordan Henderson,605,2025-26,Brentford,75213.0,11.228092662823174,11.586589533956307,75213.00000000004,107643.51334460823,11.052873638539241,12.150093718978713,63124.092917643124,189110.81237413443,-0.35849687113313244,0.43118228689997967,0.42808321190724985,-0.8374466953186797
Carlos Baleba,10527,2025-26,Brighton & Hove Al..,30085.0,10.31181522625777,10.700490230807878,30085.000000000004,44376.60506780164,10.116773856262213,11.318643230152825,24753.77939597587,82341.5472132126,-0.38867500455010884,0.47504088641521136,0.4689124005659597,-0.8288861716623247
Jordan Henderson,605,2025-26,Brentford,75213.0,11.228092662823174,11.58219957217728,75213.00000000004,107171.99377899003,11.051413228243465,12.14879715300371,63031.97166580972,188865.77532041937,-0.3541069093541065,0.42491316366838133,0.42814713618674427,-0.8270682656152493
Hjalmar Ekdal,11704,2025-26,Burnley,28928.0,10.272599831178495,10.622427827072272,28928.00000000001,41044.14457264379,10.083154136296116,11.175441020911535,23935.365158957833,71355.30747654759,-0.34982799589377755,0.4188379622733605,0.426158512978588,-0.8208870296845493
Brenden Aaronson,10751,2025-26,Leeds United,52071.0,10.860382655252224,11.208210355675327,52071.000000000015,73732.34039058103,10.652217861066694,11.739915280769118,42285.27570908119,125480.70885656189,-0.3478277004231032,0.4159962434095947,0.4243679215412681,-0.8196371185640579
Dan Ballard,13715,2025-26,Sunderland,57857.0,10.96574701173844,11.313200550841295,57857.00000000003,81894.60053207952,10.768356420937298,11.856517964902688,47492.89336101277,140999.3941720269,-0.3474535391028546,0.4154657263957599,0.42454900080581703,-0.8184062109282295
Brenden Aaronson,10751,2025-26,Leeds United,52071.0,10.860382655252224,11.202358714147032,52071.000000000015,73302.1392329791,10.644393667511999,11.733448954984535,41955.71067480907,124671.92100812525,-0.341976058894808,0.4077344247849874,0.4248976971138608,-0.8048432863197371
Justin Devenny,13038,2025-26,Crystal Palace,8678.0,9.068661593644245,9.42204424687714,8678.000000000005,12356.818848572044,8.869890312799978,9.995672691624591,7113.500560723874,21930.356417110488,-0.3533826532328952,0.42392473479742293,0.43922686544598866,-0.8045560985302488
Dan Ballard,13715,2025-26,Sunderland,57857.0,10.96574701173844,11.300513622545845,57857.00000000003,80862.16001807389,10.753915872935986,11.838748505943004,46811.98370091343,138516.02288073202,-0.3347666108074048,0.3976210314754282,0.42325021770786075,-0.7909425602197094
Marcus Edwards,13730,2025-26,Burnley,46285.0,10.742594818539608,11.083378246538432,46285.00000000003,65079.36999422295,10.538393385171796,11.652114045499488,37735.8890784711,114933.08228687826,-0.340783427998824,0.40605746989786995,0.43452095522129136,-0.7842738627536869
João Pedro,8272,2025-26,Chelsea,92570.0,11.435731196638752,11.784321826024849,92570.0,131178.49117700174,11.223663325045978,12.364507490815072,74880.58851326969,234334.11630989533,-0.34859062938609675,0.4170734706384545,0.4451032600246163,-0.7831679987399285
Marcus Edwards,13730,2025-26,Burnley,46285.0,10.742594818539608,11.084216892789339,46285.00000000003,65133.97229533352,10.53553512388431,11.655904712017891,37628.18119127816,115369.5858614872,-0.3416220742497309,0.40723716744806054,0.4371150513571773,-0.7815381172280503
Patrick Dorgu,11944,2025-26,Manchester United,44550.0,10.704389879336146,11.033021308946154,44550.00000000002,61883.2701308832,10.492296295496415,11.57080301687341,36035.81362008594,105957.52435700072,-0.3286314296100077,0.3890745259457501,0.4207821471565668,-0.7810013609910327
Oleksandr Zinchenko,2958,2025-26,Ajax,40000.0,10.596659732783579,11.037707304766895,40000.0,62173.94006925354,10.393515661314803,11.842110007015274,32646.242060311764,138982.43147898553,-0.4410475719833169,0.5543485017313385,0.5651727773791388,-0.7803765319847418
Jaidon Anthony,10746,2025-26,Burnley,40500.0,10.609081944147828,10.937545370389808,40499.99999999998,56248.10283783144,10.403373354239598,11.484921060630748,32969.66000579692,97237.40840822044,-0.32846342624197966,0.38884204537855477,0.4219685952132771,-0.7784072795179537
Jaydon Banel,14281,2025-26,Burnley,8678.0,9.068661593644245,9.40143974990026,8678.000000000005,12104.797510062579,8.85977883719124,9.958108247827706,7041.924939245957,21121.79879678877,-0.3327781562560155,0.39488332681062127,0.4285160199120076,-0.7765827665540925
Jaydon Banel,14281,2025-26,Burnley,8678.0,9.068661593644245,9.40143974990026,8678.000000000005,12104.797510062579,8.85977883719124,9.958108247827706,7041.924939245957,21121.79879678877,-0.3327781562560155,0.39488332681062127,0.4285160199120076,-0.7765827665540925
Hugo Bueno,10140,2025-26,Wolverhampton,28928.0,10.272599831178495,10.60112126463991,28928.00000000001,40178.86444379679,10.077527698272558,11.170632689873138,23801.066848729046,71013.02628861544,-0.3285214334614146,0.3889264533945234,0.42647769950473247,-0.7703132750972108
Jaidon Anthony,10746,2025-26,Burnley,40500.0,10.609081944147828,10.936875735105257,40499.99999999998,56210.44906240226,10.399187971248242,11.493880482386018,32831.95354435753,98112.52272521789,-0.3277937909574291,0.3879123225284516,0.42709707429978383,-0.7674924757909891
Pascal Struijk,8717,2025-26,Leeds United,46285.0,10.742594818539608,11.060602972123291,46285.00000000003,63613.89831446127,10.519339171432067,11.589586239879907,37023.64945992131,107966.5761156857,-0.3180081535836834,0.374395556108053,0.4175596225070577,-0.761587415168018
Ferdi Kadioglu,13066,2025-26,Brighton & Hove Al..,55542.0,10.92491277452626,11.243439614850402,55541.99999999999,76376.20867294108,10.689802468248548,11.778333907978547,43904.83334476131,130395.34617849423,-0.31852684032414125,0.3751072822898183,0.42469331658148324,-0.7500161360863504
Ferdi Kadioglu,13066,2025-26,Brighton & Hove Al..,55542.0,10.92491277452626,11.243439614850402,55541.99999999999,76376.20867294108,10.689802468248548,11.778333907978547,43904.83334476131,130395.34617849423,-0.31852684032414125,0.3751072822898183,0.42469331658148324,-0.7500161360863504
Quilindschy Hartman,13727,2025-26,Burnley,57857.0,10.96574701173844,11.280166204588067,57857.00000000003,79233.42992295692,10.738467571357194,11.824628524890667,46094.35991690395,136573.90871695365,-0.31441919284962694,0.3694700714339989,0.4237684653480052,-0.741959863840791
Michael Keane,1653,2025-26,Everton,52071.0,10.860382655252224,11.172089574479763,52071.000000000015,71116.56093107043,10.656809282279093,11.733681722818591,42479.87621694839,124700.94423161919,-0.31170691922753946,0.36576138217185017,0.42014452832097776,-0.741904031151406
Quilindschy Hartman,13727,2025-26,Burnley,57857.0,10.96574701173844,11.278902506461995,57857.00000000003,79133.36476173767,10.736531831829708,11.821424520197617,46005.2176126554,136137.02233522374,-0.31315549472355464,0.36774054585854143,0.4232736484600322,-0.7398416978304391
Michael Keane,1653,2025-26,Everton,52071.0,10.860382655252224,11.167062645803101,52071.000000000015,70759.95509162458,10.65444015890349,11.726985654421215,42379.3529031706,123868.72090546913,-0.3066799905508777,0.3589129283406226,0.41845635968855077,-0.7328840474049286
Josh Acheampong,12535,2025-26,Chelsea,17357.0,9.76180877420419,10.06664058690383,17357.00000000001,23543.33661075109,9.542243194432904,10.618359777697322,13935.17413615483,40877.51006642289,-0.3048318126996392,0.35641738841683895,0.41984962867793574,-0.7260499757008811
Jan Paul van Hecke,10807,2025-26,Brighton & Hove Al..,63642.0,11.06104462150408,11.410568902314411,63641.999999999956,90269.76224510316,10.809238739049313,12.048622318880364,49474.79005173157,170862.84989075153,-0.34952428081033204,0.41839920563626576,0.48354866366160154,-0.7228316549643846
Piero Hincapié,9911,2025-26,Bayer Leverkusen,95889.0,11.470956980147728,11.768964708427681,95889.00000000007,129179.34217776169,11.223841753615286,12.294489439816177,74893.9507200399,218487.67025994632,-0.2980077282799538,0.3471758197265754,0.4177159245448445,-0.7134219951146745
Jack Fletcher,13150,2025-26,Manchester United,1851.0,7.524021415206125,7.91004278192868,1851.0000000000005,2723.507023512661,7.194590709904862,8.584370416532055,1331.2049556943452,5346.425004915838,-0.38602136672255494,0.4713706231835009,0.5422260959881366,-0.7119195656178833
Jack Fletcher,13150,2025-26,Manchester United,1851.0,7.524021415206125,7.91004278192868,1851.0000000000005,2723.507023512661,7.194590709904862,8.584370416532055,1331.2049556943452,5346.425004915838,-0.38602136672255494,0.4713706231835009,0.5422260959881366,-0.7119195656178833
Josh Acheampong,12535,2025-26,Chelsea,17357.0,9.76180877420419,10.063261312534815,17357.00000000001,23463.90811842714,9.522583770390646,10.610345681696826,13663.872533863654,40551.21498880815,-0.3014525383306239,0.35184122362315645,0.424393083104904,-0.7103144474579222
Jéremy Doku,8981,2025-26,Manchester City,63874.0,11.064683327506005,11.4529348191961,63873.99999999996,94176.3343103617,10.819253481838164,12.222220484063818,49972.76675563319,203254.7838971718,-0.3882514916900952,0.4744079642790767,0.547371152988824,-0.7093020696653745
Bart Verbruggen,11711,2025-26,Brighton & Hove Al..,28928.0,10.272599831178495,10.67961990563384,28928.00000000001,43460.02792040188,10.044786476962766,11.525820607343757,23034.377767716585,101296.86432545049,-0.40702007445534605,0.5023516288855733,0.5778292420822405,-0.7043950787063425
Hákon Valdimarsson,12595,2025-26,Brentford,17357.0,9.76180877420419,10.121372161374838,17357.00000000001,24867.871538842024,9.4986959325385,10.813856246192733,13341.316199394347,49703.773124355954,-0.3595633871706472,0.4327286707865419,0.5131131495666318,-0.7007487285686002
Oleksandr Zinchenko,2958,2025-26,Ajax,40000.0,10.596659732783579,10.993371746082495,40000.0,59477.593047480295,10.353506912285269,11.824967170567973,31365.85095829116,136620.16705156962,-0.3967120132989166,0.4869398261870074,0.5740939714731006,-0.691022782003738
Patrick Dorgu,11944,2025-26,Manchester United,44550.0,10.704389879336146,10.990894615063201,44550.00000000002,59330.43911469107,10.459156101171732,11.52723226918727,34861.11892832234,101439.96363550205,-0.28650473572705515,0.33177192176635334,0.4167126401683653,-0.687535505549575
Santiago Bueno,10945,2025-26,Wolverhampton,38185.0,10.55022423527341,10.836167129370839,38185.0,50825.19393770914,10.309363938199514,11.381265516326428,30011.340864242928,87662.90466967995,-0.28594289409742935,0.3310251129424942,0.41820513367676404,-0.6837383644325088
Josh Cullen,1018,2025-26,Burnley,34714.0,10.454927149187373,10.746557146261114,34713.99999999998,46468.764127340364,10.20788524648596,11.314548871768311,27115.162911657648,82005.09655942066,-0.29162999707374127,0.3386173914657024,0.43176763500540416,-0.6754327407381776
Hugo Bueno,10140,2025-26,Wolverhampton,28928.0,10.272599831178495,10.559264983904917,28928.00000000001,38531.79530974347,10.024197838706646,11.136266790186394,22564.959629648394,68614.02343083672,-0.2866651527264228,0.3319896055635875,0.43387653680299143,-0.6607067412280644
Josh Cullen,1018,2025-26,Burnley,34714.0,10.454927149187373,10.737387188738644,34713.99999999998,46044.5861834336,10.19704674472407,11.305379964717625,26822.851303660547,81256.62685064811,-0.2824600395512711,0.32639817317029535,0.4324190316388576,-0.6532090839775354
George Earthy,12474,2025-26,West Ham United,1446.0,7.277247726631484,7.686497277392096,1446.0,2177.7296953600635,7.01043271786386,8.636490935296193,1107.1339105081634,5632.526689850949,-0.4092495507606122,0.5060371337206525,0.6344107594055375,-0.6450860813648427
George Earthy,12474,2025-26,West Ham United,1446.0,7.277247726631484,7.686497277392096,1446.0,2177.7296953600635,7.01043271786386,8.636490935296193,1107.1339105081634,5632.526689850949,-0.4092495507606122,0.5060371337206525,0.6344107594055375,-0.6450860813648427
Piero Hincapié,9911,2025-26,Bayer Leverkusen,95889.0,11.470956980147728,11.739537472354261,95889.00000000007,125433.30976549677,11.189022535577156,12.2570841950009,72331.04521274267,210466.00942516787,-0.26858049220653335,0.3081094783082176,0.41670697960428554,-0.644530822261685
Diego Gómez,13364,2025-26,Brighton & Hove Al..,46285.0,10.742594818539608,11.006686125527816,46285.00000000003,60274.8090453179,10.468612513365331,11.531721694869754,35192.35317026656,101896.39910283899,-0.2640913069882078,0.30225362526343014,0.4147747577169923,-0.6367101711826005
Guido Rodríguez,8267,2025-26,Valencia,41028.0,10.62203441272879,10.9085136384671,41028.00000000003,54638.57076199952,10.336303046368423,11.491894526480502,30830.835225422838,97917.8669482229,-0.2864792257383115,0.33173858735496453,0.45085696231597644,-0.6354104509481586
Loum Tchaouna,9977,2025-26,Burnley,46285.0,10.742594818539608,11.009466805509398,46285.00000000003,60442.65002878721,10.469900383200319,11.554814661366846,35237.706826740985,104276.892868637,-0.26687198696978953,0.30587987531137895,0.42328207177500976,-0.6304826137584253
Micky van de Ven,10050,2025-26,Tottenham Hotspur,98356.0,11.496358995661653,11.765612854259173,98355.99999999999,128747.0733650636,11.215322233847322,12.31051766091227,74258.59202531351,222017.87081484223,-0.26925385859751927,0.30899053809695,0.4272932882310278,-0.6301382820970963
Guido Rodríguez,8267,2025-26,Valencia,41028.0,10.62203441272879,10.905401776148183,41028.00000000003,54468.804222668965,10.32943615627742,11.484351303979137,30619.841665520544,97182.02195813524,-0.2833673634193943,0.3276007658835168,0.4505930895016646,-0.6288764076093258
Hannibal Mejbri,9558,2025-26,Burnley,34714.0,10.454927149187373,10.718940649646909,34713.99999999998,45202.99060511204,10.172807300322237,11.248923883586654,26180.472950705847,76796.23251969252,-0.2640135004595354,0.3021544796079988,0.41984962867793574,-0.6288287101524596
Loum Tchaouna,9977,2025-26,Burnley,46285.0,10.742594818539608,11.009245498541818,46285.00000000003,60429.27490794817,10.463797706314113,11.56241958250827,35023.31124396157,105072.94112620292,-0.2666506800022095,0.3055909021918145,0.4286301260950243,-0.6220997166752924
Hákon Valdimarsson,12595,2025-26,Brentford,17357.0,9.76180877420419,10.084048353329974,17357.00000000001,23956.77903731209,9.453227375774974,10.794943197027997,12748.245543474752,48772.538310104246,-0.3222395791257835,0.3802373127448336,0.5234738485634676,-0.6155791354431227
Yankuba Minteh,12759,2025-26,Brighton & Hove Al..,47211.0,10.76240337654896,11.058019132943276,47211.000000000015,63449.73981867015,10.456101545021289,11.697783831715933,34754.79310030938,120303.803645209,-0.2956157563943158,0.34396093746521206,0.48444551000532327,-0.6102146687066363
Reinildo,7432,2025-26,Sunderland,75213.0,11.228092662823174,11.482567630393172,75213.00000000004,97008.8336704677,10.96088987876467,12.037214049339608,57576.657382237296,168924.66572109325,-0.25447496756999755,0.28978811735295296,0.4199306193964101,-0.6059928850526993
Reinildo,7432,2025-26,Sunderland,75213.0,11.228092662823174,11.48053138381655,75213.00000000004,96811.49870826227,10.954814954231646,12.036610743388742,57227.93775401321,168822.78259814708,-0.25243872099337494,0.2871644357792165,0.42206538533693444,-0.5981033502471502
Adam Wharton,12409,2025-26,Crystal Palace,52071.0,10.860382655252224,11.12388983855402,52071.000000000015,67770.01252008876,10.535192154279118,11.67887560788701,37615.27773873377,118050.42432591655,-0.2635071833017957,0.3014924337940262,0.4462110154141048,-0.590543877670184
Thiago,13222,2025-26,Brentford,80999.0,11.302204433654575,11.553638233672187,80998.99999999994,104154.28959860685,11.022002300239397,12.118991202109955,61205.11000740678,183319.48827106773,-0.25143380001761173,0.2858713020976422,0.4279930169991644,-0.5874717344234207
Thiago,13222,2025-26,Brentford,80999.0,11.302204433654575,11.55242519202697,80998.99999999994,104028.0214944718,11.018732557438243,12.116662325819386,61005.3085974444,182893.05428109827,-0.25022075837239477,0.28431241736900303,0.42836009846714623,-0.5841364759878209
Evann Guessand,8006,2025-26,Aston Villa,60171.0,11.004962406817715,11.248169360367728,60171.00000000001,76738.30907964535,10.687075157606372,11.769622645882695,43785.25164057673,129264.36272936758,-0.24320695355001298,0.27533710723845933,0.4223586626648677,-0.5758303902552896
Evann Guessand,8006,2025-26,Aston Villa,60171.0,11.004962406817715,11.245041447830237,60171.00000000001,76498.65024399372,10.693516844893306,11.76620350047908,44068.21939752745,128823.14039005594,-0.24007904101252286,0.27135414475401287,0.41851143364900834,-0.5736498974932885
Jurriën Timber,11707,2025-26,Arsenal,127284.0,11.75418394570961,11.993241818486569,127284.00000000004,161657.573388922,11.458351955279456,12.529539284622784,94687.89007891297,276381.0107451402,-0.239057872776959,0.27005415754471845,0.41792646769276576,-0.5720094113606126
Rico Henry,9679,2025-26,Brentford,53228.0,10.88235863959169,11.123788910611959,53228.00000000004,67763.17287642512,10.60932405967307,11.700133850038547,40509.807108066416,120586.85459526879,-0.2414302710202687,0.27307381221208893,0.4255822208909048,-0.5672940719066311
Martin Dubravka,6532,2025-26,Burnley,57857.0,10.96574701173844,11.20977968269754,57857.00000000003,73848.1429563755,10.66060935680814,11.764641660305047,42641.61382548342,128622.09471368496,-0.24403267095910053,0.27639080761836005,0.4307410181018719,-0.5665415196223218
Martin Dubravka,6532,2025-26,Burnley,57857.0,10.96574701173844,11.20962506545155,57857.00000000003,73836.72548796439,10.66060935680814,11.764641660305047,42641.61382548342,128622.09471368496,-0.2438780537131109,0.2761934681709102,0.4307410181018719,-0.5661825632204658
Crysencio Summerville,9492,2025-26,West Ham United,57857.0,10.96574701173844,11.207559345577081,57857.00000000003,73684.35486263578,10.648474158129215,11.748629619003372,42127.26441271931,126578.97730092658,-0.24181233383864154,0.2735598953045568,0.429228458068026,-0.5633651014824326
Crysencio Summerville,9492,2025-26,West Ham United,57857.0,10.96574701173844,11.207873592505514,57857.00000000003,73707.51389770907,10.642443248000754,11.747118073824257,41873.9572403449,126387.79047662763,-0.24212658076707427,0.27396017591145466,0.4309916998257981,-0.5617894285781816
Santiago Bueno,10945,2025-26,Wolverhampton,38185.0,10.55022423527341,10.786937912856386,38185.0,48383.65092967707,10.246629748128179,11.337910200263755,28186.38307519864,83943.4206801989,-0.23671367758297635,0.2670852672430815,0.42576585078053,-0.5559714973594616
Radu Dragusin,9105,2025-26,Tottenham Hotspur,55542.0,10.92491277452626,11.160413123637545,55541.99999999999,70290.98947889161,10.61466882955641,11.714688031243321,40726.90770940731,122354.74598119724,-0.23550034911128392,0.2655466039914231,0.4291752961987094,-0.5487276439188302
Karl Darlow,780,2025-26,Leeds United,34714.0,10.454927149187373,10.688372537997193,34713.99999999998,43842.095931203396,10.11706838894297,11.214287341646859,24761.071561350698,74181.78110508343,-0.23344538880981958,0.26295142971721563,0.42808277191833677,-0.5453276892309807
Micky van de Ven,10050,2025-26,Tottenham Hotspur,98356.0,11.496358995661653,11.729437906094923,98355.99999999999,124172.85338816678,11.174725205296383,12.277988107295393,71304.24779425545,214911.8996876094,-0.23307891043326912,0.26248376701133436,0.4304408341457648,-0.541488845722149
Karl Darlow,780,2025-26,Leeds United,34714.0,10.454927149187373,10.686647750650428,34713.99999999998,43766.54109084519,10.114509841089939,11.212234276276263,24697.79759557228,74029.63524224541,-0.23172060146305462,0.2607749349209315,0.4282799871976606,-0.5410493331226109
Adrien Truffert,8640,2025-26,Bournemouth,69428.0,11.148059926647772,11.37188740976838,69428.0,86844.62617904726,10.85294758778115,11.932671759177477,51685.27688225262,152156.54741332546,-0.2238274831206084,0.25085882034693874,0.42125713838567636,-0.531332202412879
Rico Henry,9679,2025-26,Brentford,53228.0,10.88235863959169,11.104450735019661,53228.00000000004,66465.32683529289,10.588618432635641,11.68179732387647,39679.62977567515,118395.84141955203,-0.22209209542797126,0.24869104297160968,0.42650653163779356,-0.5207237848741336
Sean Neave,13532,2025-26,Newcastle United,1157.0,7.05444965813294,7.307522392875264,1156.9999999999995,1490.4773128474164,6.657044398371991,7.910816575828224,777.2473454329029,2725.6160462959688,-0.2530727347423243,0.28822585380070614,0.48916241171090963,-0.5173593241908536
Sean Neave,13532,2025-26,Newcastle United,1157.0,7.05444965813294,7.307522392875264,1156.9999999999995,1490.4773128474164,6.657044398371991,7.910816575828224,777.2473454329029,2725.6160462959688,-0.2530727347423243,0.28822585380070614,0.48916241171090963,-0.5173593241908536
Yerson Mosquera,9958,2025-26,Wolverhampton,46285.0,10.742594818539608,10.956038783656949,46285.00000000003,57298.019087067114,10.41329975551809,11.486130942982879,33298.56975177966,97355.12664074899,-0.21344396511734054,0.2379392694623977,0.4185678231301117,-0.5099387801030074
Yerson Mosquera,9958,2025-26,Wolverhampton,46285.0,10.742594818539608,10.957584007963911,46285.00000000003,57386.627366328044,10.409704198800895,11.493052378114509,33179.05425121769,98031.3081296742,-0.214989189424303,0.2398536754094849,0.4226710543145463,-0.508644221622782
Adrien Truffert,8640,2025-26,Bournemouth,69428.0,11.148059926647772,11.363644630233757,69428.0,86131.71903356246,10.839030684501578,11.929492704690402,50970.94613125955,151673.59834691614,-0.2155847035859857,0.24059052591983726,0.4254465374697919,-0.5067257213282478
Yankuba Minteh,12759,2025-26,Brighton & Hove Al..,47211.0,10.76240337654896,11.004878041553125,47211.000000000015,60165.923787430154,10.405523984028047,11.644872864736822,33040.64399212832,114103.82982818724,-0.24247466500416515,0.27440477404482294,0.48353512571057505,-0.5014623594259848
Nico O'Reilly,11592,2025-26,Manchester City,69428.0,11.148059926647772,11.357485800331812,69428.0,85602.87247768066,10.822499145612065,11.89760992241756,50135.22830520173,146914.06687416442,-0.2094258736840402,0.23297333176356316,0.419457210723536,-0.49927827756922905
Justin Devenny,13038,2025-26,Crystal Palace,8678.0,9.068661593644245,9.285513872200406,8678.000000000005,10779.71180250846,8.740266718363698,9.860246903146258,6248.562363030619,19152.617940211618,-0.21685227855616063,0.24218849994335714,0.43696312464693565,-0.49627134722495486
Elliot Anderson,9154,2025-26,Nottingham Forest,80999.0,11.302204433654575,11.51883550655514,80998.99999999994,100591.7540336478,10.949228966331624,12.07225242113518,56909.14880473236,174948.4617390467,-0.21663107290056516,0.24188883854921506,0.4381504642048912,-0.49442164415752515
Tim Iroegbunam,9554,2025-26,Everton,28928.0,10.272599831178495,10.479158213059394,28928.00000000001,35565.45555912593,9.922945786999513,11.007130347260034,20391.975595857635,60301.59081770512,-0.2065583818808996,0.22944744051181945,0.42299737047345837,-0.4883207232463409
Jurriën Timber,11707,2025-26,Arsenal,127284.0,11.75418394570961,11.95456695585224,127284.00000000004,155524.806627686,11.421021604184142,12.491811814562498,91218.28428324888,266148.06207883096,-0.20038301014263027,0.22187240051920065,0.41777153071606854,-0.4796473560540851
Eli Junior Kroupi,11504,2025-26,Bournemouth,34714.0,10.454927149187373,10.669154255897919,34713.99999999998,43007.55188284618,10.083731516872204,11.23410792981837,23949.189541843785,75666.7957748267,-0.21422710671054546,0.23891086831958883,0.4488222905646154,-0.47730941892625073
Hannibal Mejbri,9558,2025-26,Burnley,34714.0,10.454927149187373,10.654803176622105,34713.99999999998,42394.74051501446,10.114345678606993,11.189320275323158,24693.743312422906,72352.58454391056,-0.19987602743473154,0.22125772066066973,0.4194040797144729,-0.47657149060353826
Caoimhin Kelleher,7904,2025-26,Brentford,75213.0,11.228092662823174,11.422638320601754,75213.00000000004,91365.87927522745,10.878778207911026,11.937722040577082,53037.7579795822,152926.92953067107,-0.1945456577785798,0.21476180015725196,0.41314963624753476,-0.470884252847362
Radu Dragusin,9105,2025-26,Tottenham Hotspur,55542.0,10.92491277452626,11.129562381338493,55541.99999999999,68155.53891185182,10.575293395267002,11.695719204398094,39154.39108530238,120055.67529556142,-0.20464960681223232,0.22709911259680657,0.43713698612269986,-0.4681589829024197
Robert Sánchez,9098,2025-26,Chelsea,80999.0,11.302204433654575,11.505772098838564,80998.99999999994,99286.21582937261,10.96899859672938,12.097626407050608,58045.436396860634,179444.425963008,-0.20356766518398928,0.2257708839537856,0.4403370177992387,-0.4622996862753001
Adam Wharton,12409,2025-26,Crystal Palace,52071.0,10.860382655252224,11.057384159176403,52071.000000000015,63409.46305209496,10.481708076766987,11.616978685735576,35656.2608947789,110964.95102724952,-0.19700150392417903,0.21775005381296575,0.4429287226282976,-0.44477021665063976
Guglielmo Vicario,8858,2025-26,Tottenham Hotspur,78685.0,11.273220527856793,11.461476530773682,78684.99999999997,94984.21536871383,10.938239272455574,12.030805840837845,56287.14775159458,167845.6159145334,-0.18825600291688893,0.20714514035348375,0.4262676323133201,-0.4416380429713576
Caoimhin Kelleher,7904,2025-26,Brentford,75213.0,11.228092662823174,11.410544524978535,75213.00000000004,90267.5617112338,10.864205162089418,11.927941308655706,52270.42648775527,151438.47340958318,-0.1824518621553608,0.2001590378157199,0.41501936973441866,-0.43962252237074223
Soungoutou Magassa,10770,2025-26,West Ham United,52071.0,10.860382655252224,11.041522372554097,52071.000000000015,62411.594726346164,10.480541379048523,11.56332128027398,35614.68390844999,105167.72879264204,-0.18113971730187295,0.19858644401578895,0.42244933916954364,-0.42878447308725764
Levi Colwill,10805,2025-26,Chelsea,86785.0,11.371200597317179,11.552567775229877,86785.00000000007,104042.85534305543,11.003223764250652,12.097281208145349,60066.47329307672,179382.492288745,-0.18136717791269774,0.19885758302765852,0.42684930119569914,-0.42489744601818075
Guglielmo Vicario,8858,2025-26,Tottenham Hotspur,78685.0,11.273220527856793,11.452063547905848,78684.99999999997,94094.31603805596,10.93312886833909,12.020527314699692,56000.22633624847,166129.23612392106,-0.1788430200490545,0.19583549644857332,0.42425127632967974,-0.4215497513555577
Kristoffer Ajer,9677,2025-26,Brentford,63642.0,11.06104462150408,11.237084237311654,63641.999999999956,75892.3418831796,10.70638857791614,11.780579722641074,44639.13306583103,130688.5212899402,-0.176039615807575,0.19248832348417166,0.4190984139225677,-0.4200436221171191
Nathan Collins,9733,2025-26,Brentford,55542.0,10.92491277452626,11.10629255760783,55541.99999999999,66587.85882386404,10.558776667794964,11.66627488502664,38512.98371840756,116572.22380107174,-0.1813797830815691,0.19887398408166876,0.43209325318234787,-0.4197699958185298
Cole Palmer,8497,2025-26,Chelsea,150427.0,11.92123984338312,12.099619609984202,150427.00000000012,179802.45380499717,11.571835953184122,12.679612688443642,106067.02931032325,321132.65573000466,-0.17837976660108268,0.19528046032292765,0.432201917701034,-0.41272321869814765
Eli Junior Kroupi,11504,2025-26,Bournemouth,34714.0,10.454927149187373,10.637920852836197,34713.99999999998,41685.00970594349,10.051633503667032,11.216366038256082,23192.64281863828,74336.14498288036,-0.18299370364882428,0.20081263196242202,0.4544233680266277,-0.40269430782904075
Soungoutou Magassa,10770,2025-26,West Ham United,52071.0,10.860382655252224,11.028857014479328,52071.000000000015,61626.1016414896,10.470848444693809,11.554226972887488,35271.13112940743,104215.6279564512,-0.16847435922710474,0.18350140464922093,0.42268289500748263,-0.3985833380461783
Morgan Rogers,12412,2025-26,Aston Villa,133070.0,11.798638099351365,11.966790624665684,133070.00000000006,157437.56925154588,11.422269080330288,12.508018571896704,91332.1491715604,270496.61815736885,-0.16815252531431923,0.18311842828245142,0.42360793241247546,-0.3969532023554879
Jean-Philippe Mateta,5735,2025-26,Crystal Palace,63642.0,11.06104462150408,11.226053916765794,63641.999999999956,75059.81396081661,10.688234496697074,11.806831513617857,43836.04419094448,134164.78471763126,-0.16500929526171504,0.1794069004873615,0.4364234781790732,-0.37809445071607367
Marcos Senesi,10864,2025-26,Bournemouth,69428.0,11.148059926647772,11.304647797800156,69428.0,81197.15447898429,10.77391288770073,11.840337126334834,47757.526131673774,138736.24872921724,-0.15658787115238404,0.16951596587809367,0.41606813570836254,-0.37635151003763057
Ao Tanaka,13834,2025-26,Leeds United,52071.0,10.860382655252224,11.01668061136443,52071.000000000015,60880.2552872424,10.483421509145153,11.553349347367767,35717.40957221433,104124.20490764579,-0.15629795611220665,0.16917776280928695,0.41743507402076185,-0.37442458921032806
Romaine Mundle,11461,2025-26,Sunderland,26383.0,10.18051304479938,10.340457488074062,26382.99999999999,30959.190725655004,9.791922055578624,10.887048152402425,17887.656137143862,53478.2042869761,-0.15994444327468216,0.17345225052704458,0.42726623886067694,-0.37434374337925835
Ao Tanaka,13834,2025-26,Leeds United,52071.0,10.860382655252224,11.014970758199459,52071.000000000015,60776.2462256537,10.481337236100599,11.550167645448175,35643.040183927216,103793.43602634281,-0.15458810294723513,0.1671803158313395,0.41700690934710954,-0.37070873283434874
Mathias Jensen,7166,2025-26,Brentford,53228.0,10.88235863959169,11.041004614345805,53228.00000000004,62379.28845726555,10.483273158600186,11.581031961912794,35712.11111971283,107046.93051815982,-0.15864597475411557,0.1719262128440954,0.428293396009757,-0.3704142446093225
Nico O'Reilly,11592,2025-26,Manchester City,69428.0,11.148059926647772,11.303070349355567,69428.0,81069.16954785238,10.753686925111905,11.828860897121276,46801.26719696333,137153.1695269985,-0.15501042270779486,0.16767254634804943,0.41948186649345337,-0.3695283040565331
Bertrand Traoré,695,2025-26,Sunderland,46285.0,10.742594818539608,10.89460812877547,46285.00000000003,53884.037921287774,10.363724493573864,11.45751941779092,31687.987231952833,94609.09083438838,-0.15201331023586206,0.16417927884385308,0.4267468784741351,-0.3562142288641849
Nathan Collins,9733,2025-26,Brentford,55542.0,10.92491277452626,11.077986505128834,55541.99999999999,64729.41774218194,10.53394847754644,11.641471689914512,37568.5243284307,113716.39858804467,-0.15307373060257312,0.1654138803460795,0.43210300509854166,-0.35425287210780787
Cole Palmer,8497,2025-26,Chelsea,150427.0,11.92123984338312,12.074503930329305,150427.00000000012,175342.80582874393,11.546903920547589,12.656044237049013,103455.23174401998,313652.5265511668,-0.15326408694618543,0.1656338677813411,0.43273392239921354,-0.3541762709436804
Michael Kayode,11281,2025-26,Brentford,57857.0,10.96574701173844,11.114102966447723,57857.00000000003,67109.98137653229,10.556058269201978,11.638646434207452,38408.42953361682,113395.57128168634,-0.14835595470928276,0.15992846805973793,0.42237453279445736,-0.35124266069677573
Mathias Jensen,7166,2025-26,Brentford,53228.0,10.88235863959169,11.032713109537992,53228.00000000004,61864.20037424916,10.47399116034006,11.57211213992765,35382.15577585177,106096.32793969124,-0.15035446994630242,0.1622491991855624,0.4284347000068633,-0.35093905779315687
Kevin,14030,2025-26,Fulham,69428.0,11.148059926647772,11.294059474649526,69428.0,80341.93782530354,10.76025607976574,11.832231767969285,47109.73059092063,137616.27862069488,-0.14599954800175396,0.15719792915399464,0.4182340479121158,-0.3490857540905734
Lucas Bergvall,12912,2025-26,Tottenham Hotspur,57857.0,10.96574701173844,11.113575978706146,57857.00000000003,67074.62402928426,10.564506503873007,11.655530477698854,38734.29596779002,115326.41830674435,-0.14782896696770642,0.15931735190701596,0.4256657851140597,-0.3472888170424474
Georginio Rutter,6937,2025-26,Brighton & Hove Al..,69428.0,11.148059926647772,11.293029805632289,69428.0,80259.25376738262,10.756814935968023,11.82808338257999,46947.89440303702,137046.571611878,-0.14496987898451685,0.15600699670712992,0.41795811580194564,-0.34685264743899014
Jean-Philippe Mateta,5735,2025-26,Crystal Palace,63642.0,11.06104462150408,11.211676051024883,63641.999999999956,73988.32100467566,10.674240390735745,11.789713264601788,43226.8564103394,131887.64731432596,-0.15063142952080355,0.1625706452448966,0.43520458580080496,-0.34611636557926395
Jake O'Brien,12014,2025-26,Everton,57857.0,10.96574701173844,11.110323017287698,57857.00000000003,66856.7841167082,10.557917484940123,11.630532922700821,38479.90737527328,112479.24921730002,-0.14457600554925776,0.155552208318927,0.4184836478329748,-0.3454758777264361
Federico Chiesa,1433,2025-26,Liverpool,138856.0,11.84119990558015,11.987192228092177,138855.99999999997,160682.55743335414,11.443586606480249,12.527222678445076,93300.04679873347,275741.483524007,-0.14599232251202743,0.15718843574173372,0.4227833763664419,-0.3453123530228173
Malick Thiaw,8378,2025-26,Newcastle United,89999.0,11.407564949312402,11.551332236508955,89998.99999999997,103914.38451279093,11.001936832888909,12.079251695281888,59989.22029818827,176177.2763722086,-0.14376728719655318,0.15461710144324897,0.42031714033513307,-0.34204478809006617
Bertrand Traoré,695,2025-26,Sunderland,46285.0,10.742594818539608,10.887533474877742,46285.00000000003,53504.16524598752,10.360994039052136,11.451492858679494,31601.579912787307,94040.63217480088,-0.14493865633813385,0.1559720264877927,0.42546089486456173,-0.3406626980001831
Tim Iroegbunam,9554,2025-26,Everton,28928.0,10.272599831178495,10.416445118783557,28928.00000000001,33403.47388955604,9.864721355973412,10.96620971560149,19238.511921132344,57883.777314614104,-0.1438452876050622,0.15471079540777186,0.4297484919152894,-0.33471970306161425
Vitaly Janelt,9680,2025-26,Brentford,63642.0,11.06104462150408,11.201363426334371,63641.999999999956,73229.21780679381,10.665307052715761,11.740198423065303,42842.40712159986,125516.24306611822,-0.1403188048302919,0.1506429371608978,0.41937160873533696,-0.3345930003546003
Jacob Bruun Larsen,5355,2025-26,Burnley,40500.0,10.609081944147828,10.757309676838865,40499.99999999998,46971.12768669263,10.199532176749663,11.341255059426034,26889.60308188157,84224.67305740586,-0.14822773269103706,0.15978093053562106,0.4454460936664082,-0.3327624482482136
Jack Hinshelwood,11269,2025-26,Brighton & Hove Al..,41657.0,10.637248705981328,10.777961969726247,41656.999999999985,47951.29635241813,10.228823448024343,11.316770448405618,27688.912274323968,82187.48190415217,-0.1407132637449191,0.1510981672328336,0.4244652960794644,-0.33150711034471964
Moisés Caicedo,9453,2025-26,Chelsea,161998.0,11.995345441355964,12.133065420351752,161998.00000000012,185917.82270363974,11.627455171281166,12.697040936556444,112133.59516207012,326778.5085139788,-0.13771997899578814,0.1476550494675219,0.41730161338819316,-0.33002503363837865
Beto,9983,2025-26,Everton,57857.0,10.96574701173844,11.108403539889377,57857.00000000003,66728.57519761992,10.544382601862461,11.656539346420411,37962.58166226185,115442.82724260558,-0.14265652815093688,0.15333624622119865,0.4339107894962936,-0.3287692576544134
Robert Sánchez,9098,2025-26,Chelsea,80999.0,11.302204433654575,11.44647652970994,80998.99999999994,93570.06964595288,10.907412337589644,12.034030026976016,54578.42927778877,168387.65799963163,-0.1442720960553654,0.15520030674394686,0.4395527639914055,-0.3282247499601352
Marcos Senesi,10864,2025-26,Bournemouth,69428.0,11.148059926647772,11.283265617890839,69428.0,79479.39113993227,10.751810625978612,11.81879077586801,46713.534475738474,135778.9413447325,-0.13520569124306725,0.1447743149728102,0.41628502590199284,-0.3247911474838855
Fabio Carvalho,9501,2025-26,Brentford,57857.0,10.96574701173844,11.099693332034061,57857.00000000003,66149.87070450725,10.565889240784509,11.638169728725424,38787.89373857092,113341.52739704473,-0.13394632029562104,0.14333392164314115,0.4183529663067829,-0.32017538079889385
Federico Chiesa,1433,2025-26,Liverpool,138856.0,11.84119990558015,11.975494065565096,138855.99999999997,158813.80684813188,11.436959441967288,12.513450819728972,92683.7697525888,271970.02659385913,-0.13429415998494676,0.14373024462847778,0.41999585570663805,-0.3197511550655623
Rodri,2496,2025-26,Manchester City,190927.0,12.159651672609437,12.298036366270395,190926.99999999997,219264.009499625,11.72784151935806,12.855741436418127,123974.7820368565,382980.29789842846,-0.1383846936609583,0.14841803149698599,0.4400530283875254,-0.31447276744813607
Tyler Adams,7352,2025-26,Bournemouth,69428.0,11.148059926647772,11.278274880214088,69428.0,79083.71354013661,10.749736021362473,11.82790591230523,46616.72074670264,137022.25189976563,-0.13021495356631618,0.13907520798721856,0.4206507319038496,-0.30955598954260255
Michael Kayode,11281,2025-26,Brentford,57857.0,10.96574701173844,11.094514209652727,57857.00000000003,65808.15291246242,10.547639970026157,11.623782986391044,38086.444648702614,111722.57133568425,-0.12876719791428748,0.13742767361706254,0.4198599416194789,-0.30669083937278735
Lucas Bergvall,12912,2025-26,Tottenham Hotspur,57857.0,10.96574701173844,11.096704205105363,57857.00000000003,65952.43258633261,10.547125252478276,11.641813323322944,38066.8454170549,113755.25488744942,-0.1309571933669229,0.13992140253266805,0.4270953419081068,-0.3066228556412106
Trai Hume,13713,2025-26,Sunderland,54385.0,10.903862046781907,11.032687726622143,54384.999999999985,61862.63007500353,10.480480508977188,11.559272349567706,35612.516045209486,104742.76879464649,-0.12882567984023652,0.1374943472465486,0.4208933871446759,-0.3060767495402692
Jake O'Brien,12014,2025-26,Everton,57857.0,10.96574701173844,11.093212487136743,57857.00000000003,65722.5433883696,10.543721408319982,11.615912845375338,37937.488683789226,110846.74204517502,-0.12746547539830289,0.13594799917675582,0.4183182228767335,-0.30470935385443
Alex Scott,12149,2025-26,Bournemouth,63642.0,11.06104462150408,11.188424341831725,63641.999999999956,72287.78957461817,10.638071018787336,11.710341324634468,41691.26999526955,121824.05566462812,-0.12737972032764588,0.13585037513934548,0.4183489937369327,-0.30448195701349084
Beto,9983,2025-26,Everton,57857.0,10.96574701173844,11.099192468283523,57857.00000000003,66116.74642737214,10.52592496662035,11.658206485995667,37268.29091320591,115635.44873456324,-0.13344545654508266,0.1427614018592756,0.4417625217023592,-0.3020750968888043
Kristoffer Ajer,9677,2025-26,Brentford,63642.0,11.06104462150408,11.185299986119013,63641.999999999956,72062.28614185432,10.65653722810098,11.731258542173629,42468.32068901975,124399.1347111427,-0.12425536461493358,0.1323070636035066,0.41930526084532366,-0.2963362881840154
Toti,10293,2025-26,Wolverhampton,42814.0,10.664643787460292,10.793518648248764,42814.0,48703.1074911814,10.230843752787347,11.348365090695907,27744.9108840608,84825.65419214204,-0.12887486078847132,0.13755097611018358,0.43600379926985283,-0.2955819674147098
Ryan Sessegnon,6837,2025-26,Fulham,63642.0,11.06104462150408,11.185076688617078,63641.999999999956,72046.1963865456,10.646230866315118,11.728434463025899,42032.8643450576,124048.31448992738,-0.1240320671129993,0.13205424698384172,0.4222244924937693,-0.29375857942402434
Trai Hume,13713,2025-26,Sunderland,54385.0,10.903862046781907,11.026785204082472,54384.999999999985,61498.55414431973,10.474708800896162,11.555030580378398,35407.55727692292,104299.41087913774,-0.12292315730056558,0.1307999291039762,0.4214902967040836,-0.29163935270108116
Rodri,2496,2025-26,Manchester City,190927.0,12.159651672609437,12.286897951571946,190926.99999999997,216835.29601361862,11.714126091362022,12.84531016374604,122286.0087227365,379006.0796654025,-0.1272462789625095,0.1356973922683468,0.44133434996060167,-0.2883217201966466
Brian Brobbey,9789,2025-26,Sunderland,71742.0,11.180845567886877,11.301213373046538,71742.00000000004,80918.76385675675,10.761716334479237,11.842021584228783,47178.57450991764,138970.14272000935,-0.1203678051596615,0.12791340995172562,0.4214838475867295,-0.2855810628303928
James Hill,10747,2025-26,Bournemouth,52071.0,10.860382655252224,10.97876954642484,52071.000000000015,58615.38514267799,10.434031114834854,11.513260756491356,33996.12070396661,100032.5347737612,-0.1183868911726158,0.12568195622665151,0.42106419634680736,-0.28116114407197673
Kevin,14030,2025-26,Fulham,69428.0,11.148059926647772,11.264237535739538,69428.0,77981.32954716134,10.729632167906589,11.79463539041768,45688.88272987871,132538.42010900832,-0.11617760909176589,0.12319711855679752,0.41551372264487973,-0.27959993319175525
Anton Stach,9910,2025-26,Leeds United,86785.0,11.371200597317179,11.487110494410905,86785.00000000007,97450.5386965056,10.967353688233466,12.038525880199055,57950.03380625092,169146.41303802494,-0.11590989709372579,0.12289610758201894,0.417920561806246,-0.2773491129337237
Chris Richards,8430,2025-26,Crystal Palace,57857.0,10.96574701173844,11.084954011960104,57857.00000000003,65182.00223181839,10.53513979354872,11.64321536093969,37613.308174520855,113914.85729408634,-0.11920700022166386,0.1266052894518962,0.43231850781903597,-0.2757388315921063
Malick Thiaw,8378,2025-26,Newcastle United,89999.0,11.407564949312402,11.522266488155166,89998.99999999997,100937.47867012111,10.973597429469976,12.043827633319236,58312.99701073406,170045.5723169524,-0.11470153884276435,0.12154000233470533,0.417553042740923,-0.2746993246410915
Veljko Milosavljevic,14027,2025-26,Bournemouth,19671.0,9.886951583896028,10.00237611124598,19670.999999999996,22077.86535683167,9.450739656647569,10.532216215495188,12716.568419706422,37503.50040265243,-0.11542452734995123,0.12235602444368225,0.42194083681776723,-0.2735561891104703
Pablo,14290,2025-26,West Ham United,46285.0,10.742594818539608,10.856742253730424,46285.00000000003,51881.78163633474,10.32780465177417,11.400140190052923,30569.924355680316,89333.24625570283,-0.11414743519081583,0.12091998782185816,0.41837444433644955,-0.27283558242152195
Anton Stach,9910,2025-26,Leeds United,86785.0,11.371200597317179,11.485060825496825,86785.00000000007,97250.99987113153,10.964160714892284,12.034282119994085,57765.292793731685,168430.11295570957,-0.11386022817964658,0.12059687585563687,0.4175105946322037,-0.2727121889684
Jacob Bruun Larsen,5355,2025-26,Burnley,40500.0,10.609081944147828,10.729751219860349,40499.99999999998,45694.32252348738,10.177565717210316,11.317607834842464,26305.35219186255,82256.3342481498,-0.12066927571252073,0.12825487712314584,0.4447903388990475,-0.27129473183073927
Brian Brobbey,9789,2025-26,Sunderland,71742.0,11.180845567886877,11.294872871044827,71742.00000000004,80407.3150665202,10.755384998610362,11.836087448560564,46880.80840085057,138147.91113486464,-0.1140273031579504,0.12078440894483215,0.4216388162577356,-0.2704383438175882
Ryan Sessegnon,6837,2025-26,Fulham,63642.0,11.06104462150408,11.174819741770532,63641.999999999956,71310.98905961297,10.639591628219701,11.722702714946898,41754.715880261414,123339.3288743889,-0.1137751202664532,0.12050201218712515,0.42257855203745337,-0.26924016781705773
Tyler Adams,7352,2025-26,Bournemouth,69428.0,11.148059926647772,11.26124253819558,69428.0,77748.12206393799,10.72836068233755,11.809243955855067,45630.82562054659,134488.84265183163,-0.11318261154780807,0.11983813539116768,0.42170936503355944,-0.26839008315312385
Georginio Rutter,6937,2025-26,Brighton & Hove Al..,69428.0,11.148059926647772,11.259600168256979,69428.0,77620.53404515029,10.7138389108699,11.795447198200037,44972.958933050504,132646.06032739388,-0.11154024160920706,0.11800043275263994,0.4219922310210829,-0.26431823481516764
Jack Hinshelwood,11269,2025-26,Brighton & Hove Al..,41657.0,10.637248705981328,10.748689286089581,41656.999999999985,46567.94986361005,10.211331769283168,11.292263657559372,27208.780620419268,80197.78607830944,-0.11144058010825297,0.11789014724080138,0.42172833220561207,-0.2642473165732686
Lewis Cook,1789,2025-26,Bournemouth,69428.0,11.148059926647772,11.258222782322997,69428.0,77513.6928336649,10.71211505686723,11.789582189231945,44895.497179487415,131870.3610940247,-0.11016285567522566,0.11646155490097511,0.42037654885284037,-0.2620575671403353
Murillo,12123,2025-26,Nottingham Forest,104142.0,11.553520233676654,11.661552367738855,104142.00000000003,116023.00261039719,11.127315223050674,12.195665290781859,68002.55233746955,197928.322876112,-0.10803213406220102,0.11408464030263638,0.41681950284077285,-0.25918205200554123
James Hill,10747,2025-26,Bournemouth,52071.0,10.860382655252224,10.969372653683239,52071.000000000015,58067.15313143621,10.420836614142441,11.504577650211687,33550.492060141696,99167.69314947625,-0.10898999843101542,0.115153408450696,0.422824328379402,-0.25776662106636933
Taiwo Awoniyi,7814,2025-26,Nottingham Forest,57857.0,10.96574701173844,11.0827632192112,57857.00000000003,65039.35609429241,10.5026891053225,11.671503638174553,36412.29030747215,117183.35274082003,-0.11701620747276031,0.12413979456750913,0.45601597005659295,-0.2566055032200698
Moisés Caicedo,9453,2025-26,Chelsea,161998.0,11.995345441355964,12.101760253288248,161998.00000000012,180187.76112005653,11.59583361410643,12.663206168845145,108643.2013327779,315906.95511132706,-0.10641481193228408,0.11228386227025272,0.4164381236544475,-0.25553571080006376
Frank Onyeka,9681,2025-26,Brentford,43971.0,10.691308346698754,10.799180599745334,43971.0,48979.64993164685,10.257733739696393,11.357272428791783,28501.119721854582,85584.6089961005,-0.10787225304657966,0.1139080287381876,0.4289878229859895,-0.2514576108378319
Tyrick Mitchell,8214,2025-26,Crystal Palace,69428.0,11.148059926647772,11.254304808952446,69428.0,77210.58650032377,10.703095374084809,11.787442328114723,44492.36580847783,131588.47640055467,-0.106244882304674,0.1120957898877077,0.42306072881663404,-0.25113388000313164
Lorenzo Lucca,11936,2025-26,Napoli,71153.0,11.17260182119285,11.27956124940222,71153.00000000004,79185.51113949715,10.730285072581667,11.829513843386982,45718.723608481356,137242.75307325547,-0.10695942820936999,0.11289068822814355,0.42886690757493456,-0.24940005003925678
Vitaly Janelt,9680,2025-26,Brentford,63642.0,11.06104462150408,11.165170545906367,63641.999999999956,70626.19487955022,10.622454362892203,11.700412953287886,41045.233753660286,120620.51575456807,-0.10412592440228785,0.1097419138234228,0.420568292456667,-0.24758386751901038
Matt O'Riley,13206,2025-26,Brighton & Hove Al..,57857.0,10.96574701173844,11.076560215366394,57857.00000000003,64637.15921937122,10.510093093050797,11.660220821361248,36682.89440056104,115868.61408056082,-0.11081320362795388,0.11718822647857974,0.4487252656199335,-0.24695111266993316
Antonee Robinson,8940,2025-26,Fulham,75213.0,11.228092662823174,11.33130166412308,75213.00000000004,83390.49995292627,10.792578227184077,11.865598034119058,48657.32665256642,142285.5177195834,-0.10320900129990562,0.1087245549695694,0.4186414134973202,-0.24653318561510704
Igor Julio,7943,2025-26,Brighton & Hove Al..,60171.0,11.004962406817715,11.106911567141427,60171.00000000001,66629.09072245995,10.570550401918513,11.630686515078164,38969.1170499128,112496.52665298866,-0.10194916032371282,0.10732895784447562,0.4136148075220048,-0.24648334264069838
Lewis Cook,1789,2025-26,Bournemouth,69428.0,11.148059926647772,11.25250325028201,69428.0,77071.61052148431,10.701709528447626,11.788182308772612,44430.74757812827,131685.8861040761,-0.10444332363423747,0.11009406178320436,0.4238901253657624,-0.2463924431929533
Taiwo Awoniyi,7814,2025-26,Nottingham Forest,57857.0,10.96574701173844,11.07689675878777,57857.00000000003,64658.916427543656,10.502947730911458,11.6649450239384,36421.70893402027,116417.30064278004,-0.11114974704933012,0.11756427791872416,0.4533562065572708,-0.24517089529530678
Matt O'Riley,13206,2025-26,Brighton & Hove Al..,57857.0,10.96574701173844,11.074517247741003,57857.00000000003,64505.24035159188,10.512292160751285,11.653060339165954,36763.653532719705,115041.8951573526,-0.10877023600256308,0.11490814165255449,0.44507361336454654,-0.24438706932165988
Simon Adingra,11710,2025-26,Sunderland,63642.0,11.06104462150408,11.162622254565964,63641.999999999956,70446.44533481712,10.653928980756163,11.720006310260347,42357.69452900588,123007.20140982764,-0.1015776330618845,0.10691752828033643,0.4159327882268284,-0.24421645981535187
Elliot Anderson,9154,2025-26,Nottingham Forest,80999.0,11.302204433654575,11.413691138142125,80998.99999999994,90552.04930724991,10.832194445014109,12.004089380351507,50623.67805666539,163420.72039885688,-0.11148670448755027,0.1179403363899551,0.4572177969401891,-0.24383719363866843
Lorenzo Lucca,11936,2025-26,Napoli,71153.0,11.17260182119285,11.27661845840907,71153.00000000004,78952.82432998308,10.732336906223885,11.827682299247098,45812.6291818561,136991.61513689088,-0.10401663721621901,0.1096204563403234,0.4273517978320051,-0.2433981505258781
Kaoru Mitoma,10806,2025-26,Brighton & Hove Al..,100670.0,11.519613053120045,11.62365509889396,100669.99999999999,111708.28420137336,11.087318952521551,12.18336348963484,65336.33858393007,195508.35122857217,-0.10404204577391596,0.10964819907989845,0.42762457068131876,-0.24330230979980766
Nordi Mukiele,5659,2025-26,Sunderland,80999.0,11.302204433654575,11.403519700892389,80998.99999999994,89635.66303181846,10.878380858268404,11.9489859368559,53016.687234557634,154659.2317880135,-0.1013152672378137,0.10662678590869673,0.41769930107584413,-0.24255551057150868
Jayden Bogle,9205,2025-26,Leeds United,52649.0,10.871421517562121,10.973836905363996,52648.99999999997,58326.96347955164,10.430833038016363,11.521441005160108,33887.568971257315,100854.19005382968,-0.10241538780187476,0.10784560921483165,0.4255034790463677,-0.2406922454110285
Chris Richards,8430,2025-26,Crystal Palace,57857.0,10.96574701173844,11.069034369018656,57857.00000000003,64152.52828126316,10.518035420812964,11.62516927383556,36975.41000320963,111877.55972429071,-0.10328735728021599,0.10881186859434694,0.43195109555717526,-0.23911817412335823
Jayden Bogle,9205,2025-26,Leeds United,52649.0,10.871421517562121,10.970618620787603,52648.99999999997,58139.549232263336,10.427554974753656,11.515024495266283,33776.66197767196,100209.1234802319,-0.0991971032254817,0.10428591677455162,0.4242790060913063,-0.23380158292379458
Dominic Calvert-Lewin,5555,2025-26,Leeds United,80999.0,11.302204433654575,11.401761336821773,80998.99999999994,89478.18763424805,10.849836632755833,11.941512335043155,51524.733051243915,153507.67131159786,-0.09955690316719767,0.10468262119591745,0.4259200586349819,-0.23374551432553925
Sean Longstaff,7078,2025-26,Leeds United,63642.0,11.06104462150408,11.157729593330522,63641.999999999956,70102.61166661594,10.647339835661464,11.723416728720455,42079.50446857848,123427.42701594066,-0.09668497182644309,0.10151490629797907,0.41983414344309267,-0.23029325588796107
Jackson Tchatchoua,12113,2025-26,Wolverhampton,57857.0,10.96574701173844,11.061887851075896,57857.00000000003,63695.68829223577,10.547762744135152,11.624089473369938,38091.1210878502,111756.81840340633,-0.09614083933745654,0.10091584928765296,0.4199316176640733,-0.22894403587006149
Mats Wieffer,12758,2025-26,Brighton & Hove Al..,63642.0,11.06104462150408,11.156032426807021,63641.999999999956,69983.73506894393,10.624511648836704,11.69406105418073,41129.76451559641,119856.76824778042,-0.09498780530294226,0.09964701091958111,0.4172874274683107,-0.22763160126638549
Toti,10293,2025-26,Wolverhampton,42814.0,10.664643787460292,10.763205423806063,42814.0,47248.88144442598,10.201952765419218,11.313227026895992,26954.773013998132,81896.76883318264,-0.09856163634577086,0.10358484244466709,0.4335664864721526,-0.22732761738054988
Keane Lewis-Potter,10809,2025-26,Brentford,62485.0,11.042697810632745,11.138653002112537,62484.99999999998,68777.9489207568,10.62366058695536,11.706186339347088,41094.77458117833,121318.9244837308,-0.09595519147979203,0.1007113534569388,0.42235018235407434,-0.22719344157722812
Dominic Calvert-Lewin,5555,2025-26,Leeds United,80999.0,11.302204433654575,11.398537576219217,80998.99999999994,89190.19261731759,10.845241109132566,11.936100341154203,51288.488577098884,152679.12738021943,-0.09633314256464232,0.10112708326420886,0.42560151067911417,-0.22634586613879173
Romaine Mundle,11461,2025-26,Sunderland,26383.0,10.18051304479938,10.273933615404786,26382.99999999999,28966.61078738801,9.746902612060717,10.8242631807758,17100.17771020015,50223.74842825913,-0.09342057060540654,0.0979271040968814,0.4203349727732366,-0.22225267145640368
Seamus Coleman,585,2025-26,Everton,40500.0,10.609081944147828,10.721383927648999,40499.99999999998,45313.57155595613,10.126966623057745,11.427396108951866,25007.38938750681,91801.61930648079,-0.11230198350117071,0.11885361866558403,0.5073658795576141,-0.22134319240996222
Morgan Rogers,12412,2025-26,Aston Villa,133070.0,11.798638099351365,11.895095259159106,133070.00000000006,146545.08907527654,11.33819808671405,12.455206670265131,83967.5906204228,256581.79275040733,-0.09645715980774128,0.10126316281112555,0.4358037468499401,-0.22133164412869144
Seamus Coleman,585,2025-26,Everton,40500.0,10.609081944147828,10.721366637848709,40499.99999999998,45312.78808283676,10.126723548379353,11.427396108951866,25001.31122005355,91801.61930648079,-0.11228469370088057,0.11883427365029106,0.5074607157631436,-0.2212677557355775
Anthony Gordon,8150,2025-26,Newcastle United,150427.0,11.92123984338312,12.012935561192291,150427.00000000012,164872.79166402275,11.489557959076468,12.557183914285261,97689.34000374752,284128.0781124464,-0.09169571780917174,0.09603190693175176,0.41653698849393056,-0.2201382358400276
Jackson Tchatchoua,12113,2025-26,Wolverhampton,57857.0,10.96574701173844,11.057459052909321,57857.00000000003,63414.21227622036,10.53870759686993,11.617196493980044,37747.74831352836,110989.12295856589,-0.09171204117088116,0.09605081971447407,0.4207751929733972,-0.21795971507445663
Mats Wieffer,12758,2025-26,Brighton & Hove Al..,63642.0,11.06104462150408,11.149829614514735,63641.999999999956,69550.97644177909,10.619173416419375,11.688722821763402,40910.783939733046,119218.64436601683,-0.08878499301065546,0.09284712048300076,0.4172874274683107,-0.2127669974370313
William Osula,9556,2025-26,Newcastle United,40500.0,10.609081944147828,10.697804540088919,40499.99999999998,44257.580448941575,10.13582581949541,11.205403783872258,25229.92792247895,73525.69259807296,-0.08872259594109089,0.09277976417139751,0.417298569847781,-0.21261179009900377
Alex Scott,12149,2025-26,Bournemouth,63642.0,11.06104462150408,11.150261232782963,63641.999999999956,69581.00282490435,10.603667024526084,11.684510203081722,40281.28304219579,118717.4738262804,-0.08921661127888392,0.093318921858276,0.42169372188195453,-0.2115673216113435
Anthony Gordon,8150,2025-26,Newcastle United,150427.0,11.92123984338312,12.007768411344006,150427.00000000012,164023.06130908648,11.48552465000596,12.55329031718556,97296.11819491744,283023.9448778441,-0.0865285679608867,0.09038311811766739,0.41659149747555696,-0.2077060345331788
David Brooks,6820,2025-26,Bournemouth,69428.0,11.148059926647772,11.234831914833933,69428.0,75721.59796071534,10.723777475583136,11.806234935782236,45422.16406393223,134084.7682545674,-0.08677198818616105,0.09064927638294841,0.4223235379809996,-0.20546330095876622
Keane Lewis-Potter,10809,2025-26,Brentford,62485.0,11.042697810632745,11.13005476897301,62484.99999999998,68189.10661230554,10.607589443546546,11.703674845640393,40439.597319878194,121014.61255559586,-0.0873569583402638,0.0912876148244468,0.42764051425767496,-0.20427661886036091
David Brooks,6820,2025-26,Bournemouth,69428.0,11.148059926647772,11.23253607354348,69428.0,75547.95030370036,10.722601772655759,11.805875943594863,45368.7912983779,134036.6411504702,-0.08447614689570848,0.08814815785706573,0.4226421797585362,-0.19987628055479784
Ibrahim Sangare,5722,2025-26,Nottingham Forest,92570.0,11.435731196638752,11.519973124338698,92570.0,100706.25525649848,10.983168833525529,12.064012012081166,58873.82350519047,173512.73024230736,-0.08424192769994576,0.08789300266283331,0.42169372188195453,-0.19977040996481268
Kaoru Mitoma,10806,2025-26,Brighton & Hove Al..,100670.0,11.519613053120045,11.605488495498017,100669.99999999999,109697.22827535348,11.063517341958075,12.169127511373254,63799.566075998664,192744.80194063217,-0.08587544237797218,0.0896714838119946,0.4313566265128864,-0.19908223752627738
Jacob Murphy,6063,2025-26,Newcastle United,57857.0,10.96574701173844,11.050234098879711,57857.00000000003,62957.69143963807,10.510761326939269,11.599254242280162,36707.416014134746,109015.46908055991,-0.08448708714127129,0.08816031663650095,0.4246782861928498,-0.1989437413875807
Thierno Barry,12916,2025-26,Everton,69428.0,11.148059926647772,11.2302930851045,69428.0,75378.68478285984,10.676265035501794,11.755680600139721,43314.46612291375,127474.64428785924,-0.08223315845672907,0.08571015703836839,0.42113673467204815,-0.19526474820764925
James Milner,489,2025-26,Brighton & Hove Al..,80999.0,11.302204433654575,11.383695077468218,80998.99999999994,87876.1484254804,10.867121413737399,11.950031603761534,52423.085609409005,154821.03945773098,-0.0814906438136429,0.08490411518019306,0.42250017167653825,-0.1928771850914922
James Milner,489,2025-26,Brighton & Hove Al..,80999.0,11.302204433654575,11.383695077468218,80998.99999999994,87876.1484254804,10.867121413737399,11.950031603761534,52423.085609409005,154821.03945773098,-0.0814906438136429,0.08490411518019306,0.42250017167653825,-0.1928771850914922
Danny Welbeck,501,2025-26,Brighton & Hove Al..,71742.0,11.180845567886877,11.263979316858382,71742.00000000004,77961.19563686554,10.714288967927848,11.82534812214373,44993.20433614375,136672.22301521077,-0.08313374897150538,0.08668835043441067,0.43348256182586786,-0.19178106870398315
Nordi Mukiele,5659,2025-26,Sunderland,80999.0,11.302204433654575,11.381717021950378,80998.99999999994,87702.49435246536,10.862056264357097,11.929953892178741,52158.221139997375,151743.56490658343,-0.07951258829580254,0.08276021126761351,0.4166429822565034,-0.1908410598089737
Veljko Milosavljevic,14027,2025-26,Bournemouth,19671.0,9.886951583896028,9.968998024511828,19670.999999999996,21353.07836448883,9.410094426353211,10.518403598392387,12210.02396435755,36989.026394811604,-0.08204644061579991,0.08551056705245451,0.4324096492681425,-0.18974239070442644
Sean Longstaff,7078,2025-26,Leeds United,63642.0,11.06104462150408,11.140938213174685,63641.999999999956,68935.30306090653,10.626725990376588,11.708683325323737,41220.94298891468,121622.2371600097,-0.07989359167060606,0.08317310991022563,0.4221284128388078,-0.18926371511768836
Pablo,14290,2025-26,West Ham United,46285.0,10.742594818539608,10.821399896866549,46285.00000000003,50080.14639903694,10.298902332460273,11.36975654064548,29699.000227783607,86659.76654155798,-0.0788050783269405,0.08199516904044304,0.4177964996235834,-0.18862072419931827
Bashir Humphreys,11243,2025-26,Burnley,34714.0,10.454927149187373,10.532691066048883,34713.99999999998,37521.3136644186,9.983977860340177,11.044926438258077,21675.36684023197,62624.41331827974,-0.0777639168615103,0.0808697834999892,0.4139317927189341,-0.18786649933486305
Mikkel Damsgaard,8859,2025-26,Brentford,80999.0,11.302204433654575,11.37962550259172,80998.99999999994,87519.25248995522,10.845767795708195,11.912916513490574,51315.50917727239,149180.134366261,-0.07742106893714507,0.08049793812214083,0.416350793095228,-0.18595153467003792
Iyenoma Destiny Udogie,8831,2025-26,Tottenham Hotspur,76371.0,11.243371415833355,11.320776062424546,76371.0,82517.3574754989,10.790697804256288,11.867939805669707,48565.91439329129,142619.11068562968,-0.07740464659119084,0.08048025396418661,0.42028871343818763,-0.18417017663400764
Mikkel Damsgaard,8859,2025-26,Brentford,80999.0,11.302204433654575,11.378579890845565,80998.99999999994,87427.78811237222,10.845540220029163,11.91622684455015,51303.83211660871,149674.79159673708,-0.07637545719098959,0.07936873433464958,0.4177311164297094,-0.18283401496101168
Jacob Murphy,6063,2025-26,Newcastle United,57857.0,10.96574701173844,11.04274244643931,57857.00000000003,62487.789175257,10.500076914296692,11.589145780501166,36317.295963014374,107919.03125574406,-0.07699543470086923,0.08003852905019217,0.42490299489074734,-0.18120708873955238
Aaron Hickey,8942,2025-26,Brentford,57857.0,10.96574701173844,11.041770166017592,57857.00000000003,62427.06207563404,10.507665825922055,11.597194720154384,36593.96076603584,108791.17829561129,-0.0760231542791523,0.07898892226755642,0.4250824759987237,-0.17884330352724434
Antonee Robinson,8940,2025-26,Fulham,75213.0,11.228092662823174,11.300915294189432,75213.00000000004,80894.64698057302,10.76456896968628,11.839453070286998,47313.35277042668,138613.65142484696,-0.07282263136625744,0.07554075732350748,0.41936877242429793,-0.17364819737359669
Ethan Pinnock,9678,2025-26,Brentford,46285.0,10.742594818539608,10.81547965685977,46285.00000000003,49784.529916231404,10.289520642035633,11.374640897390215,29421.666981511902,87084.0840566013,-0.0728848383201619,0.07560829461448358,0.42336243430009823,-0.1721570749201094
Simon Adingra,11710,2025-26,Sunderland,63642.0,11.06104462150408,11.13257102408937,63641.999999999956,68360.90637232004,10.623786413002852,11.695674526838303,41099.9458253943,120050.3115760925,-0.07152640258528997,0.07414767562804571,0.41819988054912055,-0.17103401007999255
Danny Welbeck,501,2025-26,Brighton & Hove Al..,71742.0,11.180845567886877,11.25454151048427,71742.00000000004,77228.86476428415,10.706496358221301,11.815919935727138,44643.944652287755,135389.69783407866,-0.07369594259739287,0.07648051022112719,0.43284443740230055,-0.17025965041777197
John Victor,14017,2025-26,Nottingham Forest,40500.0,10.609081944147828,10.681696079301547,40499.99999999998,43550.3542963173,10.104784493165607,11.201288456724749,24458.757453994436,73223.72797174023,-0.07261413515371906,0.07531739003252656,0.4278038170805439,-0.16973699685350818
Tyrick Mitchell,8214,2025-26,Crystal Palace,69428.0,11.148059926647772,11.21881135432165,69428.0,74518.14523115072,10.67054404822037,11.752818923589656,43067.36639329863,127110.37168966379,-0.0707514276738781,0.0733154524277052,0.42225230204412095,-0.16755723374714795
Carlos Alcaraz,11297,2025-26,Everton,63642.0,11.06104462150408,11.131140542283482,63641.999999999956,68263.1858194388,10.59506925187861,11.66843649919715,39936.42974036312,116824.48267849923,-0.07009592077940319,0.07261220293892164,0.41877696824881594,-0.16738246392231332
Frank Onyeka,9681,2025-26,Brentford,43971.0,10.691308346698754,10.7626794190401,43971.0,47224.03431702166,10.206972521748154,11.32365632499621,27090.424610321006,82755.37462340454,-0.07137107234134632,0.0739813585549944,0.4356770329866392,-0.16381646710198525
Fabio Carvalho,9501,2025-26,Brentford,57857.0,10.96574701173844,11.033434514303115,57857.00000000003,61908.84632655957,10.505322429898285,11.57187275268585,36508.304682747585,106070.93263277091,-0.06768750256467548,0.07003208473580622,0.4161173277623054,-0.16266446516098926
Ethan Pinnock,9678,2025-26,Brentford,46285.0,10.742594818539608,10.808989423276206,46285.00000000003,49462.4564944238,10.280278558543893,11.370465952869036,29150.992959332485,86721.26656049876,-0.06639460473659753,0.06864981083339677,0.4253393914888781,-0.15609794452422268
Lucas Perri,12369,2025-26,Leeds United,69428.0,11.148059926647772,11.213390544882307,69428.0,74115.28404863211,10.648099720935695,11.72401065886806,42111.49297651519,123500.75665400273,-0.06533061823453501,0.06751287734965875,0.41976939562731264,-0.1556345434304554
Senne Lammens,14056,2025-26,Manchester United,69428.0,11.148059926647772,11.213315301683453,69428.0,74109.70751213399,10.646846902734945,11.743292304369573,42058.76671394232,125905.17986971144,-0.06525537503568124,0.06743255620403854,0.4277809689963828,-0.15254389457477951
Ashley Barnes,4422,2025-26,Burnley,23143.0,10.04949084665597,10.12353317482028,23142.999999999993,24921.671615017305,9.513946216512121,10.780186765415685,13546.349746484137,48058.0991778208,-0.07404232816430856,0.0768557064778686,0.49402697862103084,-0.14987507032709357
Mohammed Kudus,12027,2025-26,Tottenham Hotspur,115713.0,11.658876908454458,11.720835099099075,115713.00000000003,123109.19149251119,11.182842484743453,12.250649756455331,71885.40794525766,209116.11993497648,-0.06195819064461716,0.06391841446087441,0.4166077295899021,-0.14872069393817347
Igor Jesus,13778,2025-26,Nottingham Forest,69428.0,11.148059926647772,11.209810405295629,69428.0,73850.41182876639,10.684793817694844,11.750041364269368,43685.47417356616,126757.80218254082,-0.06175047864785732,0.06369781397658564,0.415609046301168,-0.14857828335890044
Matthew Cash,8864,2025-26,Aston Villa,92570.0,11.435731196638752,11.496396701054152,92570.0,98359.7086592078,10.969861049691753,12.035325593869697,58095.52031229245,168605.95815089715,-0.060665504415400306,0.06254411428332934,0.41569370846940973,-0.14593799035056743
Ashley Barnes,4422,2025-26,Burnley,23143.0,10.04949084665597,10.121472354784135,23142.999999999993,24870.363360696854,9.513788210525291,10.77961412119119,13544.209353220447,48030.58629054198,-0.0719815081281645,0.07463869682827905,0.4938652064554242,-0.14575132482968606
Ibrahim Sangare,5722,2025-26,Nottingham Forest,92570.0,11.435731196638752,11.496391482455985,92570.0,98359.19535553324,10.960976535470534,12.042566590866599,57581.64708855006,169831.27151993566,-0.06066028581723337,0.06253856925065619,0.42198511778551945,-0.14374982258986896
Igor Julio,7943,2025-26,Brighton & Hove Al..,60171.0,11.004962406817715,11.062246114176707,60171.00000000001,63718.512553595916,10.527373644197464,11.588200434932116,37322.32122606888,107817.05774008455,-0.057283707358992686,0.05895718126000745,0.41388427713887543,-0.13840513042676325
Igor Jesus,13778,2025-26,Nottingham Forest,69428.0,11.148059926647772,11.20532433122615,69428.0,73519.8509398571,10.677901363988246,11.741607317920993,43385.402475793984,125693.20829760378,-0.05726440457837789,0.058936609723124735,0.4150075900014618,-0.13798399344497816
Calvin Bassey,11728,2025-26,Fulham,69428.0,11.148059926647772,11.205455873320908,69428.0,73529.52266270352,10.662190544502801,11.735333695373425,42709.093136401454,124907.1186713945,-0.05739594667313597,0.05907591551972569,0.4186895364482948,-0.1370847410231948
William Osula,9556,2025-26,Newcastle United,40500.0,10.609081944147828,10.666871028137201,40499.99999999998,42909.465582532306,10.11284315836984,11.19515006141121,24656.66682190857,72775.62237641338,-0.057789083989373324,0.059492977346477266,0.42226479772204384,-0.13685508311638386
Noni Madueke,11357,2025-26,Arsenal,115713.0,11.658876908454458,11.716125652336618,115713.00000000003,122530.77368275709,11.187627520721046,12.26511479308377,72230.21128386495,212162.9901527348,-0.057248743882160724,0.058919686489478804,0.42038440652441345,-0.13618189208175602
Nicolás Domínguez,8252,2025-26,Nottingham Forest,69428.0,11.148059926647772,11.206716459199404,69428.0,73622.27264858955,10.658518186011717,11.763272431340312,42552.53400978515,128446.10076237288,-0.05865653255163217,0.06041183166142701,0.4310226855482012,-0.136086880153487
Sven Botman,8635,2025-26,Newcastle United,144641.0,11.882017002964034,11.937808213204493,144641.0,152940.10829997965,11.39575503273374,12.469266070221144,88942.3592088616,260214.67105867987,-0.055791210240458966,0.05737728790577809,0.41883306834981204,-0.13320631644553385
Phil Foden,6055,2025-26,Manchester City,150427.0,11.92123984338312,11.976980070467595,150427.00000000012,159049.98186485373,11.433812822581745,12.508686118837621,92392.58442429743,270677.2482977364,-0.05574022708447579,0.05732336525260499,0.4193645570816109,-0.13291592277701333
Sven Botman,8635,2025-26,Newcastle United,144641.0,11.882017002964034,11.93732880070612,144641.0,152866.80399404975,11.399752263127516,12.470125886004437,89298.59781718488,260438.5048138245,-0.05531179774208539,0.0568704861972038,0.41760899804023316,-0.132448769067846
Lucas Perri,12369,2025-26,Leeds United,69428.0,11.148059926647772,11.203496567592452,69428.0,73385.59493368957,10.636970885259187,11.715365453133748,41645.42815188105,122437.6605228363,-0.055436640944680704,0.05700286532363847,0.42073839018163983,-0.1317603580713131
Mohammed Kudus,12027,2025-26,Tottenham Hotspur,115713.0,11.658876908454458,11.713525385773602,115713.00000000003,122212.57229225096,11.17648486826936,12.243098385539536,71429.83145863519,207542.94628199848,-0.05464847731914446,0.05616976737489244,0.41614198325081947,-0.13132171114349311
Axel Tuanzebe,934,2025-26,Burnley,40500.0,10.609081944147828,10.66505790128692,40499.99999999998,42831.733955171636,10.107586283831225,11.213558790773748,24527.384668763385,74127.75485796396,-0.05597595713909165,0.05757367790547306,0.43149799342301237,-0.1297247217653142
Joelinton,87,2025-26,Newcastle United,133070.0,11.798638099351365,11.853138185996613,133070.00000000006,140523.64842464338,11.312199799200666,12.39096648339094,81812.6843711896,240617.14213285258,-0.0545000866452483,0.056012988837779526,0.4208835723109805,-0.12948969793712817
Thierno Barry,12916,2025-26,Everton,69428.0,11.148059926647772,11.201980162965048,69428.0,73274.39549452318,10.644849415085627,11.72060163993197,41974.83670188571,123080.45364443089,-0.053920236317276604,0.05540121412863948,0.41970747331213915,-0.12847099407538015
Jean-Clair Todibo,6816,2025-26,West Ham United,86785.0,11.371200597317179,11.42487773801921,86785.00000000007,91570.717129179,10.886302307123966,11.974923697384503,53438.331946109865,158723.2497635934,-0.05367714070203178,0.055144519550370724,0.42472841101031433,-0.1263799155190686
Lukas Nmecha,6544,2025-26,Leeds United,52071.0,10.860382655252224,10.91316876857272,52071.000000000015,54893.51801873986,10.398785994928552,11.473007789905614,32818.75812682758,96085.85393367344,-0.05278611332049721,0.054205181746842634,0.4191103721965829,-0.12594800038911463
Jean-Clair Todibo,6816,2025-26,West Ham United,86785.0,11.371200597317179,11.422582314263543,86785.00000000007,91360.76229417852,10.885123892615098,11.973603836715608,53375.395351981344,158513.8940597023,-0.05138171694636462,0.05272526697215471,0.4246732254303419,-0.12099118538565044
John Victor,14017,2025-26,Nottingham Forest,40500.0,10.609081944147828,10.659662401719029,40499.99999999998,42601.25229860113,10.089112185275003,11.172165941000054,24078.404890675905,71121.99213910894,-0.050580457571200554,0.05188277280496678,0.4225561842007928,-0.11970114143960896
Lewis Hall,10216,2025-26,Newcastle United,57857.0,10.96574701173844,11.015802107928755,57857.00000000003,60826.79438153727,10.494188996625374,11.575467299122838,36104.08512630636,106452.8992073003,-0.050055096190314785,0.051329906174486066,0.42186348659727074,-0.1186523550403867
Matthew Cash,8864,2025-26,Aston Villa,92570.0,11.435731196638752,11.485365995444933,92570.0,97280.68278782231,10.946340130838776,12.019407975349596,56744.98198659683,165943.3840485623,-0.04963479880618138,0.05088779072941895,0.4186601554800126,-0.11855629955822487
Phil Foden,6055,2025-26,Manchester City,150427.0,11.92123984338312,11.970567391706817,150427.00000000012,158033.3023152721,11.427574693530909,12.499390465421836,91818.01530259714,268172.7755040011,-0.04932754832369746,0.050564741138705,0.4181716561550182,-0.11796004726205427
Nicolás Domínguez,8252,2025-26,Nottingham Forest,69428.0,11.148059926647772,11.194924716428604,69428.0,72759.2243773826,10.640538557351263,11.749324318230821,41794.27431059677,126666.94286463482,-0.04686478978083208,0.04798099293343615,0.4325955916193507,-0.10833395135951669
Dan Burn,7382,2025-26,Newcastle United,86785.0,11.371200597317179,11.417000641077328,86785.00000000007,90852.23134240067,10.900979193176635,11.988493029681527,54228.438903613845,160891.71086431146,-0.04580004376014912,0.04686560283920718,0.42429629608867836,-0.10794353894283552
Noah Sadiki,13716,2025-26,Sunderland,52071.0,10.860382655252224,10.905724996960256,52071.000000000015,54486.412842606165,10.358662756159811,11.44808728527383,31527.99117030035,93720.91121884201,-0.04534234170803231,0.04638691099856254,0.42504175768172114,-0.1066773814303334
Murillo,12123,2025-26,Nottingham Forest,104142.0,11.553520233676654,11.598030623409034,104142.00000000003,108882.15605053234,11.053282531772087,12.136278600039123,63149.909618737416,186516.1740786855,-0.04451038973238042,0.04551627633934736,0.4225336772919652,-0.10534163813319979
Ian Maatsen,11807,2025-26,Aston Villa,98356.0,11.496358995661653,11.540801017611619,98355.99999999999,102825.77112580197,10.981633201258253,12.071937826836756,58783.482809282796,174893.4322923,-0.04444202194996549,0.04544482416733077,0.42538512956127444,-0.10447478969422662
Pape Sarr,9021,2025-26,Tottenham Hotspur,76371.0,11.243371415833355,11.285375372599752,76371.0,79647.252280058,10.746490343439937,11.822847655502159,46465.6599196833,136330.90308764885,-0.04200395676639701,0.04289916696204062,0.41994354963217245,-0.10002286450926125
Evanilson,12963,2025-26,Bournemouth,86785.0,11.371200597317179,11.41243403972039,86785.00000000007,90438.28673224073,10.909007620276876,11.978010135239384,54665.568383667895,159213.89908637523,-0.04123344240321103,0.042095831448299245,0.41707405679158344,-0.09886359923800257
Levi Colwill,10805,2025-26,Chelsea,86785.0,11.371200597317179,11.414523774508375,86785.00000000007,90627.47846735097,10.855526199048937,11.991086783137927,51818.72768313507,161309.56856488957,-0.04332317719119594,0.04427583646195651,0.44304185716085615,-0.09778574301946034
Dan Burn,7382,2025-26,Newcastle United,86785.0,11.371200597317179,11.411884908770412,86785.00000000007,90388.6373540549,10.901743576621422,11.984958174859274,54269.90683561315,160323.98249927838,-0.04068431145323359,0.04152373513919248,0.42261893731725336,-0.09626712828226275
Joelinton,87,2025-26,Newcastle United,133070.0,11.798638099351365,11.837787764196158,133070.00000000006,138383.00770105104,11.3020682837798,12.376688029779475,80987.97261084901,237205.89874773755,-0.03914966484479265,0.039926412422416645,0.41926563380269,-0.09337675613836936
Amad Diallo Traore,8127,2025-26,Manchester United,115713.0,11.658876908454458,11.697816879600696,115713.00000000003,120307.77953019323,11.131270885367583,12.206885406281197,68272.08416385832,200161.61822610855,-0.03893997114623815,0.03970841245316606,0.41965374777168835,-0.09279071461414269
Oscar Bobb,11903,2025-26,Fulham,69428.0,11.148059926647772,11.18709437543221,69428.0,72191.71181767849,10.630648971212775,11.709563730944158,41382.97349477417,121729.36209135552,-0.03903444878443807,0.03980687644291188,0.42094134436088443,-0.09273132541471805
Ben White,7298,2025-26,Arsenal,127284.0,11.75418394570961,11.791986576743275,127284.00000000004,132187.81243282423,11.272823977078115,12.330815987815889,78653.80319139709,226570.53181875427,-0.037802631033665435,0.03852654247842762,0.4127782804954055,-0.09158095960934699
Noah Okafor,11966,2025-26,Leeds United,75213.0,11.228092662823174,11.266859253659963,75213.00000000004,78186.04545443502,10.694446715823483,11.78636584407971,44109.217141912064,131446.89864680133,-0.03876659083678824,0.039528345557749006,0.42601503189740003,-0.09099817596606462
Sander Berge,8285,2025-26,Fulham,75213.0,11.228092662823174,11.266129279984293,75213.00000000004,78128.99179584281,10.712193792900013,11.789084377447718,44899.03229072969,131804.73031371337,-0.03803661716111861,0.03876978442347422,0.42015160725204054,-0.09053069535992804
Sander Berge,8285,2025-26,Fulham,75213.0,11.228092662823174,11.264104585191122,75213.00000000004,77970.96244285267,10.705631909284582,11.793384801077115,44605.36805350538,132372.77132390704,-0.03601192236794759,0.03666869348187983,0.42438956411865836,-0.08485581506400741
Daniel Muñoz,12408,2025-26,Crystal Palace,80999.0,11.302204433654575,11.337656834759873,80998.99999999994,83922.15475389501,10.815863685385827,11.898337546993455,49803.652651506985,147021.00478800028,-0.03545240110529768,0.03608877583544329,0.42232993703235466,-0.08394479764900416
Oscar Bobb,11903,2025-26,Fulham,69428.0,11.148059926647772,11.182850404248043,69428.0,71885.97725224965,10.627787055395766,11.703939444434704,41264.70536389951,121046.63737744871,-0.03479047760027143,0.03540325592339762,0.4198635983921573,-0.08286138101397572
Ryan Christie,10744,2025-26,Bournemouth,69428.0,11.148059926647772,11.183006110544039,69428.0,71897.17137868326,10.63724996965133,11.725487742518018,41657.05264199821,123683.31387244709,-0.0349461838962668,0.035564489524158194,0.4245787417060152,-0.08230789830844634
Lukas Nmecha,6544,2025-26,Leeds United,52071.0,10.860382655252224,10.894016827123334,52071.000000000015,53852.18502760191,10.376743437022565,11.452001262125385,32103.24158594286,94088.45542037717,-0.033634171871110397,0.03420685271267875,0.4195145819916587,-0.08017402329957425
Noah Okafor,11966,2025-26,Leeds United,75213.0,11.228092662823174,11.261344927746238,75213.00000000004,77756.08316917025,10.686252472582565,11.78436613503746,43749.24416054149,131184.3037395042,-0.03325226492306399,0.03381175021831602,0.4284318452088861,-0.07761389657403157
Ryan Christie,10744,2025-26,Bournemouth,69428.0,11.148059926647772,11.18088012916749,69428.0,71744.47957280338,10.636211048465846,11.727505570642151,41613.795682738906,123933.13952734285,-0.03282020251971751,0.03336520672932216,0.425771340242794,-0.07708410458299507
Aaron Hickey,8942,2025-26,Brentford,57857.0,10.96574701173844,10.99820598948735,57857.00000000003,59765.82316960781,10.468375159148916,11.556995481283117,35184.000870767784,104504.55232614267,-0.03245897774890949,0.03299208686257112,0.42472799427810104,-0.07642297702575306
Noah Sadiki,13716,2025-26,Sunderland,52071.0,10.860382655252224,10.892615588752632,52071.000000000015,53776.77672319999,10.337894774468536,11.432866432475299,30879.950202403892,92305.1854134021,-0.03223293350040812,0.032758670338575685,0.4272059841624451,-0.07545056646058484
Ian Maatsen,11807,2025-26,Aston Villa,98356.0,11.496358995661653,11.527113794076621,98355.99999999999,101427.94611801348,10.987070017194595,12.06491888611059,59103.95360319123,173670.15671021093,-0.030754798414967865,0.031232930558516992,0.42052548434161546,-0.07313420841335763
Joe Rodon,6377,2025-26,Leeds United,63642.0,11.06104462150408,11.090759773346061,63641.999999999956,65561.53987561032,10.541619883347543,11.615323589539612,37857.84371965624,110781.44360693022,-0.029715151841982035,0.030161526595807314,0.41890823853617437,-0.0709347515957627
Gabriel,5613,2025-26,Arsenal,219855.0,12.300728065571555,12.330221608012506,219854.9999999998,226435.90229071944,11.79346171575666,12.866085567053267,132382.95320167145,386962.4670054766,-0.02949354244095126,0.029932920746490437,0.41848693039546125,-0.07047661539413068
Evanilson,12963,2025-26,Bournemouth,86785.0,11.371200597317179,11.400103533981305,86785.00000000007,89329.97167319116,10.892870578790346,11.966109049831683,53790.49126897678,157330.2996451276,-0.028902936664126244,0.02932501783938568,0.4187267258559313,-0.06902577475809532
Bashir Humphreys,11243,2025-26,Burnley,34714.0,10.454927149187373,10.483365080208005,34713.99999999998,35715.39407719221,9.934265345074882,11.003874593315729,20624.126511498016,60105.57967496615,-0.028437931020631524,0.028846980388092296,0.417310775327083,-0.06814569069859801
Pascal Groß,239,2025-26,Brighton & Hove Al..,133070.0,11.798638099351365,11.827082522145718,133070.00000000006,136909.47473870096,11.299333842101056,12.374697686379204,80766.8154970405,236734.24509438765,-0.028444422794352775,0.028853045304733566,0.41955594564322396,-0.06779649553230487
Calvin Bassey,11728,2025-26,Fulham,69428.0,11.148059926647772,11.175500884194516,69428.0,71359.57922723379,10.6315372091742,11.706019738194925,41419.748641149476,121298.71412811252,-0.02744095754674447,0.027821328962864923,0.41921209824849814,-0.06545841034024304
Axel Tuanzebe,934,2025-26,Burnley,40500.0,10.609081944147828,10.63727388846282,40499.99999999998,41658.04906502296,10.071773626987014,11.185953621883549,23664.50133997367,72109.40468049006,-0.028191944314992057,0.028593804074641595,0.43470016577446646,-0.06485376941314247
Omar Alderete,8986,2025-26,Sunderland,86785.0,11.371200597317179,11.398421479546496,86785.00000000007,89179.83841767434,10.838541486400782,11.917730059345446,50946.0168501939,149899.9556537344,-0.027220882229316956,0.027595073084914067,0.42104817328417327,-0.06465027984088907
Pascal Groß,239,2025-26,Brighton & Hove Al..,133070.0,11.798638099351365,11.825415839462053,133070.00000000006,136681.4784727338,11.29435451675043,12.370257046295002,80365.64587173623,235685.31974931547,-0.02677774011068834,0.0271396894321316,0.4197661150733771,-0.06379204787887052
Daniel Muñoz,12408,2025-26,Crystal Palace,80999.0,11.302204433654575,11.328805862437509,80998.99999999994,83182.63081475603,10.811342987648322,11.884519789606726,49579.00902649301,145003.46145821727,-0.026601428782933922,0.026958737944370842,0.41870266550599033,-0.06353298169426948
Pedro Neto,6382,2025-26,Chelsea,104142.0,11.553520233676654,11.579958169689545,104142.00000000003,106932.04497549457,11.030971397709964,12.112822138714368,61756.54280446078,182192.0537403553,-0.026437936012891683,0.0267907758204619,0.42208682494026917,-0.06263625029431563
Gabriel,5613,2025-26,Arsenal,219855.0,12.300728065571555,12.32613060313868,219854.9999999998,225511.4400988412,11.791319523971724,12.85893660920749,132099.66492191216,384205.94635687687,-0.02540253756712474,0.025728048481232713,0.4165335278513384,-0.06098557707506069
Harry Wilson,5596,2025-26,Fulham,86785.0,11.371200597317179,11.396554526511133,86785.00000000007,89013.49730453269,10.865411537172886,11.934818350190357,52333.52348591835,152483.51824791936,-0.025353929193954627,0.025678369586133742,0.4172317947085447,-0.06076701132440181
Habib Diarra,9767,2025-26,Sunderland,75213.0,11.228092662823174,11.253409585493527,75213.00000000004,77141.49580720723,10.695450605502101,11.777022661152113,44153.521168078936,130224.47643407645,-0.02531692267035268,0.025640458527211897,0.421978095138704,-0.059995821968036094
Enes Ünal,6219,2025-26,Bournemouth,57857.0,10.96574701173844,10.991134672178276,57857.00000000003,59344.68375849384,10.434282130932674,11.543663349863262,34004.65559969615,103120.51713840017,-0.025387660439836424,0.02571311610511797,0.432827911096168,-0.05865532187039495
Omar Alderete,8986,2025-26,Sunderland,86785.0,11.371200597317179,11.395381570168428,86785.00000000007,88909.14839564775,10.83330492570068,11.91583550826941,50679.92700981894,149616.22948862286,-0.02418097285124965,0.024475985431211284,0.42235206685994675,-0.05725311830726315
Solly March,6049,2025-26,Brighton & Hove Al..,65956.0,11.096758293528822,11.120475696028647,65955.99999999996,67539.0271571025,10.582719877451362,11.66472421161583,39446.260339080356,116391.59688538322,-0.023717402499825013,0.024001260796630147,0.42214674970327654,-0.05618283811611905
Enes Ünal,6219,2025-26,Bournemouth,57857.0,10.96574701173844,10.989668373731396,57857.00000000003,59257.72904093298,10.433123817652225,11.542055628287834,33965.28920091736,102954.8596516458,-0.023921361992956136,0.024210191349930864,0.4326525733040492,-0.05529000280820069
Senne Lammens,14056,2025-26,Manchester United,69428.0,11.148059926647772,11.171551974008958,69428.0,71078.33837198484,10.59371126174645,11.715128973652611,39882.231913258096,122408.70971519568,-0.023492047361186152,0.023770501411315828,0.43752397951939515,-0.0536931653140277
Solly March,6049,2025-26,Brighton & Hove Al..,65956.0,11.096758293528822,11.119282912482081,65955.99999999996,67458.51455057671,10.580070217297168,11.66264490407884,39341.876856615294,116149.83231997729,-0.02252461895325908,0.022780559017780925,0.4223692742310767,-0.05332920817752464
Pedro Neto,6382,2025-26,Chelsea,104142.0,11.553520233676654,11.57616028581567,104142.00000000003,106526.69590996414,11.023825923863876,12.11211031049658,61316.82875108792,182062.40973122438,-0.022640052139015765,0.02289850310118981,0.4245969281856753,-0.05332128104590366
Noni Madueke,11357,2025-26,Arsenal,115713.0,11.658876908454458,11.681160929222115,115713.00000000003,118320.51827274618,11.153349799581276,12.230762353791635,69796.24371041286,204998.40461343792,-0.022284020767656898,0.022534358911670684,0.420355255046763,-0.05301235205249874
Joe Rodon,6377,2025-26,Leeds United,63642.0,11.06104462150408,11.083116858202196,63641.999999999956,65062.36096766595,10.534439517353842,11.603911863661237,37586.97699054617,109524.41082676055,-0.022072236698116754,0.02231798132783369,0.4172573626886952,-0.052898375611371236
Adam Smith,825,2025-26,Bournemouth,46285.0,10.742594818539608,10.763968078171715,46285.00000000003,47284.930517530265,10.219325694335202,11.301883766605723,27427.165279732,80973.03013310574,-0.021373259632106567,0.021603770498654758,0.4223627920371897,-0.05060403055159418
Gabriel Gudmundsson,9944,2025-26,Leeds United,69428.0,11.148059926647772,11.166401493601528,69428.0,70713.1867925659,10.638858923271057,11.711385775194298,41724.13246627938,121951.36238343219,-0.018341566953756328,0.018511073235091068,0.4184490858426285,-0.04383225480543713
Rúben Dias,8961,2025-26,Manchester City,231426.0,12.352019768006743,12.369908746060029,231425.99999999983,235603.2444430207,11.828200367370668,12.906080805909632,137062.6050311707,402752.8281047508,-0.017888978053285598,0.018050022223176625,0.4205378013105083,-0.04253833543034362
Ben White,7298,2025-26,Arsenal,127284.0,11.75418394570961,11.771933739219419,127284.00000000004,129563.45252693607,11.251531356335889,12.325013661655701,76996.74050665724,225259.69651716395,-0.01774979350980921,0.01790839796782023,0.4188218584213696,-0.04238029403888333
Harry Wilson,5596,2025-26,Fulham,86785.0,11.371200597317179,11.388344536688528,86785.00000000007,88285.68095813226,10.853186090247888,11.926121472640808,51697.60565694869,151163.12901860542,-0.017143939371349504,0.017291939368925337,0.41860847504698223,-0.04095459216258191
Sasa Lukic,1537,2025-26,Fulham,77528.0,11.25840733889688,11.275150252421994,77528.00000000006,78836.98890833727,10.747252314800074,11.824568123527735,46501.07967644968,136565.65965545466,-0.016742913525114034,0.016884079407919847,0.420317509550022,-0.039833966334256316
Lewis Dunk,6048,2025-26,Brighton & Hove Al..,100670.0,11.519613053120045,11.535710586842928,100669.99999999999,102303.66855712216,11.011701634804211,12.078021545481446,60577.8823228188,175960.68394856402,-0.01609753372288303,0.016227958250940453,0.41602743188999064,-0.03869344300146936
Axel Disasi,6885,2025-26,Chelsea,86785.0,11.371200597317179,11.38739187389876,86785.00000000007,88201.6135726444,10.838643020396905,11.91378362719731,50951.189967024395,149309.54747248685,-0.016191276581581704,0.01632325370333964,0.41946884897210596,-0.038599473170076566
Gabriel Jesus,5543,2025-26,Arsenal,138856.0,11.84119990558015,11.857194856510523,138855.99999999997,141094.86846477172,11.305250534967547,12.410484643546729,81246.11037689983,245359.6979909619,-0.01599495093037362,0.016123671031656867,0.4312099054188999,-0.03709318995080896
Chadi Riad,11167,2025-26,Crystal Palace,46285.0,10.742594818539608,10.75809565754741,46285.00000000003,47008.06138557969,10.193892885059588,11.281467170384271,26738.385907005242,79336.57828786747,-0.015500839007801304,0.015621937681314927,0.4243198803498432,-0.036531022291534335
Lewis Dunk,6048,2025-26,Brighton & Hove Al..,100670.0,11.519613053120045,11.534723723202879,100669.99999999999,102202.75760038264,11.010858025036725,12.07632256921467,60526.79893623939,175661.98303840245,-0.015110670082833622,0.015225564720201198,0.41569370846940973,-0.03635049021663409
Lyle Foster,7498,2025-26,Burnley,34714.0,10.454927149187373,10.470392800525142,34713.99999999998,35255.06324943774,9.921767996069821,11.023234508901297,20367.971073100904,61280.57519119721,-0.015465651337768449,0.015586312422589286,0.42973996833189315,-0.03598839409282999
Adam Smith,825,2025-26,Bournemouth,46285.0,10.742594818539608,10.757341655185293,46285.00000000003,46972.629801681695,10.211915380330527,11.295351918859858,27224.66518373802,80445.8437219604,-0.01474683664568488,0.014856428684923085,0.422705527887843,-0.03488678446996245
Nikola Milenkovic,6174,2025-26,Nottingham Forest,80999.0,11.302204433654575,11.316152398105464,80998.99999999994,82136.70098244048,10.791656873693107,11.855552226399983,48612.51577993727,140863.29039338615,-0.013947964450888861,0.014045864546976386,0.4150814844160882,-0.033602955021012376
Sasa Lukic,1537,2025-26,Fulham,77528.0,11.25840733889688,11.271093679480796,77528.00000000006,78517.82465001495,10.743056942038125,11.819904256005861,46306.39479138955,135930.2138163553,-0.012686340583915268,0.012767318259401706,0.42013472512494093,-0.03019588676023522
Ezri Konsa Ngoyo,7726,2025-26,Aston Villa,121499.0,11.70766954176274,11.720171254196359,121499.00000000004,123027.49254013336,11.180000931583262,12.251458054464567,71681.42884157048,209285.21721800914,-0.012501712433618195,0.012580289056974264,0.41803172832948604,-0.02990613292339509
Brajan Gruda,11310,2025-26,Brighton & Hove Al..,69428.0,11.148059926647772,11.159984758826852,69428.0,70260.88531236838,10.61398471387357,11.695479092020426,40699.05463746205,120026.85166239533,-0.011924832179079914,0.011996389243077436,0.4219477890627972,-0.02826139273194575
Will Hughes,6104,2025-26,Crystal Palace,69428.0,11.148059926647772,11.159108112284637,69428.0,70199.31746412336,10.623102394201727,11.68287261232635,41071.841618704355,118523.22064806578,-0.011048185636864716,0.011109602237186201,0.4134720526411856,-0.026720513675086092
Jorge Cuenca,8489,2025-26,Fulham,63642.0,11.06104462150408,11.071979635418174,63641.999999999956,64341.75603880909,10.502704904944455,11.585027073782875,36412.86562823808,107475.45440650756,-0.010935013914094682,0.010995192464239613,0.42227075371168515,-0.025895740630810554
Will Hughes,6104,2025-26,Crystal Palace,69428.0,11.148059926647772,11.157518706149991,69428.0,70087.82927237003,10.619438437606975,11.679950685668501,40921.62786617125,118177.407035197,-0.009458779502219627,0.009503792020078769,0.41376155751298277,-0.02286045992062188
Rúben Dias,8961,2025-26,Manchester City,231426.0,12.352019768006743,12.360028605073209,231425.99999999983,233286.90302359295,11.817768209854242,12.895033019538243,135640.16835572527,398327.7783613875,-0.008008837066466157,0.008041028335593793,0.4202976121431084,-0.01905515719118386
Dango Ouattara,9662,2025-26,Brentford,86785.0,11.371200597317179,11.378776501135862,86785.00000000007,87444.97920170048,10.82533726132779,11.905545166046991,50277.722835015906,148084.51146241094,-0.007575903818683116,0.007604761211043462,0.4214458681749446,-0.017975983135130214
Nicolò Savona,12905,2025-26,Nottingham Forest,75213.0,11.228092662823174,11.23492997305924,75213.00000000004,75729.023548351,10.682121837658732,11.768654346339778,43568.90059721683,129139.25571802775,-0.006837310236065264,0.006860829223019427,0.4239134285361655,-0.016129024880564617
Emiliano Buendía,2203,2025-26,Aston Villa,92570.0,11.435731196638752,11.441899937319473,92570.0,93142.8114397214,10.906309203875471,11.995383234604649,54518.254066006855,162004.12258418935,-0.00616874068072093,0.006187873390098239,0.42490500984322793,-0.014517928802479724
Gabriel Jesus,5543,2025-26,Arsenal,138856.0,11.84119990558015,11.846157828498207,138855.99999999997,139546.1517485004,11.293480279762072,12.399300155045673,80295.41708006152,242630.75345759373,-0.004957922918057633,0.004970269549032201,0.431438443792127,-0.011491611351274087
Lisandro Martínez,10802,2025-26,Manchester United,138856.0,11.84119990558015,11.84569843937183,138855.99999999997,139482.0600270174,11.306170126305833,12.387844158196566,81320.85887963348,239867.02570855452,-0.00449853379168097,0.004508699854651098,0.4220178814290247,-0.010659581002701035
Gabriel Gudmundsson,9944,2025-26,Leeds United,69428.0,11.148059926647772,11.15250248988821,69428.0,69737.12887709007,10.62923726086159,11.700035439973398,41324.59252922086,120574.9881205417,-0.004442563240438346,0.0044525101845087275,0.4177746397377426,-0.010633874864274095
Ibrahima Konaté,6326,2025-26,Liverpool,161998.0,11.995345441355964,11.998521945820734,161998.00000000012,162513.40871244608,11.45962523967212,12.536334687784514,94808.53275472781,278265.5337296516,-0.0031765044647702467,0.0031815745407101424,0.42008093640997013,-0.00756164869540806
Bruno Guimarães,8327,2025-26,Newcastle United,208283.0,12.246657812008882,12.249353826357925,208283.00000000006,208845.2942888257,11.717598614762975,12.7865864191129,122711.39137030437,357390.25717563933,-0.0026960143490430966,0.002699664825384938,0.4170683174085776,-0.0064642031928835485
Amadou Onana,9667,2025-26,Aston Villa,127284.0,11.75418394570961,11.756896077031442,127284.00000000004,127629.68219115523,11.230018203758684,12.306697717045267,75357.96716123378,221171.3889767868,-0.002712131321832345,0.0027158338137957747,0.42006925726135674,-0.006456390880670717
Martín Zubimendi,7526,2025-26,Arsenal,170397.0,12.04589215621927,12.04812581349348,170397.00000000006,170778.0361258449,11.514602203247257,12.585229810273859,100166.81447886612,292209.5287328152,-0.002233657274208767,0.0022361668682244354,0.41770809060380065,-0.005347412043132792
Lyle Foster,7498,2025-26,Burnley,34714.0,10.454927149187373,10.456281462941842,34713.99999999998,34761.04685289538,9.91196338277984,11.007019516318579,20169.237035835817,60294.90779514227,-0.0013543137544687056,0.0013552702913925416,0.4272389425066282,-0.0031699211371577973
Sandro Tonali,7958,2025-26,Newcastle United,190927.0,12.159651672609437,12.16044862355711,190926.99999999997,191079.2208987755,11.6175625521186,12.690498234054683,111029.75923353991,324647.46639534726,-0.0007969509476737358,0.0007972727732354742,0.4186085919145113,-0.0019038093413918508
Emiliano Buendía,2203,2025-26,Aston Villa,92570.0,11.435731196638752,11.436419517441724,92570.0,92633.74047948432,10.899268971621451,11.99255726514399,54135.77380978181,161546.94734118757,-0.0006883208029719867,0.0006885651883365766,0.42654921521694006,-0.0016136960951197892
Nikola Milenkovic,6174,2025-26,Nottingham Forest,80999.0,11.302204433654575,11.302676668386662,80998.99999999994,81037.26004644932,10.772693044250442,11.838610387398925,47699.303724707206,138496.89243236682,-0.00047223473208646283,0.00047235208396861076,0.4158703691422429,-0.0011355334910262416
Sandro Tonali,7958,2025-26,Newcastle United,190927.0,12.159651672609437,12.159993446975244,190926.99999999997,190992.26544850823,11.619495507539849,12.694368321509332,111244.58429827473,325906.3187153877,-0.0003417743658076233,0.0003418345677052503,0.41936436891634465,-0.0008149818895934884
Matheus Nunes,11000,2025-26,Manchester City,150427.0,11.92123984338312,11.920770140981853,150427.00000000012,150356.36019832332,11.387457649102462,12.47255239954888,88207.41530832222,261071.2321500322,0.00046970240126675833,-0.000469595230090293,0.42335248349514953,0.0011094830420952044
Enzo Fernández,11356,2025-26,Chelsea,208283.0,12.246657812008882,12.243904645594645,208283.00000000006,207710.3481512171,11.683269871600753,12.775202465924389,118570.31484764417,353344.80215816974,0.0027531664142372847,-0.00274939312753782,0.4260202857179336,0.006462524218999622
Dominik Szoboszlai,9788,2025-26,Liverpool,167784.0,12.030438676886035,12.02769930278487,167783.99999999994,167325.00308559826,11.492301341565096,12.563669321255341,97957.70992417606,285976.75906049256,0.002739374101166092,-0.002735641744157248,0.41799694888621036,0.006553574394419374
Martín Zubimendi,7526,2025-26,Arsenal,170397.0,12.04589215621927,12.043074759322181,170397.00000000006,169917.59685511034,11.509547311275673,12.58156753758358,99661.75458468549,291141.33130267286,0.002817396897089708,-0.0028134482701556644,0.4182514245670891,0.006736132220005833
Jarrod Bowen,1776,2025-26,West Ham United,144641.0,11.882017002964034,11.87906540370827,144641.0,144214.704217094,11.350514649256374,12.419219906887532,85008.19016841619,247512.3767208961,0.002951599255764492,-0.002947267945506484,0.41695808108585647,0.007078887278255494
Jorge Cuenca,8489,2025-26,Fulham,63642.0,11.06104462150408,11.05753152176013,63641.999999999956,63418.808070301726,10.490858507549795,11.563869378689274,35984.03755424954,105225.38740608565,0.0035130997439498657,-0.003506991133186114,0.41863792717392173,0.008391737862036472
Habib Diarra,9767,2025-26,Sunderland,75213.0,11.228092662823174,11.224523882986007,75213.00000000004,74945.05619393554,10.688877626571216,11.752583580503963,43864.24617145378,127080.46042706612,0.0035687798371668578,-0.003562466675501631,0.4150075900014618,0.008599312212950821
Dominik Szoboszlai,9788,2025-26,Liverpool,167784.0,12.030438676886035,12.026510496580242,167783.99999999994,167126.20308568428,11.477330206083122,12.559904892864795,96502.0802091163,284902.240009142,0.0039281803057935605,-0.003920498464190068,0.4223692742310767,0.009300345800353998
Nick Woltemade,8117,2025-26,Newcastle United,156213.0,11.958982141052491,11.954659907251862,156213.00000000015,155539.26364097887,11.401988260705044,12.476127807112373,89498.49490299301,262006.34248759833,0.004322233800628794,-0.00431293400050749,0.4190782827073969,0.01031366687079465
Matheus Nunes,11000,2025-26,Manchester City,150427.0,11.92123984338312,11.916296177851558,150427.00000000012,149685.16947327135,11.380757546131296,12.465756874395758,87618.3853271257,259303.1236467212,0.0049436655315613365,-0.00493149851242639,0.42331525428756683,0.011678448819146503
Jarrod Bowen,1776,2025-26,West Ham United,144641.0,11.882017002964034,11.876377949576808,144641.0,143827.65145320332,11.332615209776561,12.406843379406476,83500.1104686748,244467.89950221698,0.005639053387225701,-0.005623222646391287,0.41911285928364683,0.013454737220098769
Dango Ouattara,9662,2025-26,Brentford,86785.0,11.371200597317179,11.364606308944529,86785.00000000007,86214.59087741503,10.810514832722845,11.89486178675276,49537.96609511115,146510.87860097573,0.00659428837264997,-0.006572669500317359,0.42306072881663404,0.015587096422528297
Bryan Mbeumo,6552,2025-26,Manchester United,173570.0,12.064342016562621,12.057206398103917,173569.99999999994,172335.87193850114,11.505706384650303,12.585834553072281,99279.69146495363,292386.29438918136,0.0071356184587045846,-0.007110261344119414,0.4214147588552842,0.016932530977527983
Josh Dasilva,10405,2025-26,Brentford,34714.0,10.454927149187373,10.44750292954265,34713.99999999998,34457.22258045723,9.931868559717486,11.00624613199421,20574.751704324703,60248.29391277631,0.007424219644724062,-0.0073969412785259096,0.41917114910722325,0.01771166660810656
Mateus Fernandes,12948,2025-26,West Ham United,69428.0,11.148059926647772,11.140066719840902,69428.0,68875.25170331298,10.592631953047853,11.666727205748968,39839.20881590409,116624.9642127569,0.007993206806869324,-0.007961460746197725,0.4190610014049842,0.019074088927555966
Ibrahima Konaté,6326,2025-26,Liverpool,161998.0,11.995345441355964,11.98714521817571,161998.00000000012,160675.00389028882,11.448439041106152,12.527234315150995,93753.88424661697,275744.69227686676,0.008200223180253374,-0.008166743476532404,0.42089472671563466,0.01948283658539067
Antonín Kinsky,13348,2025-26,Tottenham Hotspur,63642.0,11.06104462150408,11.052790981529816,63641.999999999956,63118.875401877944,10.529043718229621,11.613530035957597,37384.706014750154,110582.92743628523,0.008253639974263649,-0.00821980135951122,0.4231151019187607,0.01950684326046195
Tomas Soucek,8288,2025-26,West Ham United,104142.0,11.553520233676654,11.54504028726501,104142.00000000003,103262.60681411781,11.01536760287184,12.095744194707896,60800.37013842693,179106.98923082862,0.008479946411643624,-0.008444174164911541,0.421511681883678,0.020117939255557295
Justin Kluivert,6963,2025-26,Bournemouth,104142.0,11.553520233676654,11.544928701546226,104142.00000000003,103251.08471319012,11.011697956119002,12.094908469980739,60577.65947259032,178957.36678569412,0.008591532130427737,-0.00855481253298289,0.42261734378749816,0.020329341085319395
Pape Sarr,9021,2025-26,Tottenham Hotspur,76371.0,11.243371415833355,11.234645923271561,76371.0,75707.51550606324,10.68183230030913,11.764338186785437,43556.287309772524,128583.06693267764,0.008725492561794113,-0.008687649682952447,0.42234243161652174,0.020659758311276383
Amad Diallo Traore,8127,2025-26,Manchester United,115713.0,11.658876908454458,11.649967481321362,115713.00000000003,114686.63350668803,11.077431721902864,12.167505306327625,64693.51635187391,192432.38220115134,0.00890942713309606,-0.00886993244762474,0.425294988266069,0.020948817594629705
Nathaniel Clyne,603,2025-26,Crystal Palace,34714.0,10.454927149187373,10.445843588340905,34713.99999999998,34400.09204462526,9.918357268395418,10.983551093067938,20298.61640194482,58896.33327029513,0.00908356084646833,-0.00904269042388436,0.41558808656412916,0.021857125216380936
Bryan Mbeumo,6552,2025-26,Manchester United,173570.0,12.064342016562621,12.055097783242907,173569.99999999994,171972.86270706437,11.507669600961218,12.588063302788044,99474.79238779016,293038.6792196458,0.009244233319714468,-0.009201689767445825,0.4215183573902013,0.021930796506584985
Axel Disasi,6885,2025-26,Chelsea,86785.0,11.371200597317179,11.36168075590163,86785.00000000007,85962.7311872558,10.81424818428402,11.881952652667529,49723.25813647196,144631.69254388497,0.009519841415547958,-0.009474780350801019,0.4165676206092267,0.02285305180855216
Joël Veltman,8780,2025-26,Brighton & Hove Al..,65956.0,11.096758293528822,11.087130431905885,65955.99999999996,65324.02230960655,10.575769574982472,11.64116437587591,39173.0405281793,113681.45700431982,0.009627861622936607,-0.009581807423030563,0.415666497949139,0.02316246719531068
Tomas Soucek,8288,2025-26,West Ham United,104142.0,11.553520233676654,11.543636470947687,104142.00000000003,103117.74538109812,11.016779950235579,12.096336964145646,60886.30346282123,179213.1904462092,0.009883762728966516,-0.00983517331049821,0.42119192146621953,0.02346617355470626
Brajan Gruda,11310,2025-26,Brighton & Hove Al..,69428.0,11.148059926647772,11.138066553775387,69428.0,68737.62544550443,10.605290563725672,11.68840165045287,40346.7360261291,119180.36058474967,0.009993372872385109,-0.009943748264325265,0.42257855203745337,0.023648556757559693
Lewis Hall,10216,2025-26,Newcastle United,57857.0,10.96574701173844,10.955406047679539,57857.00000000003,57261.7754037708,10.432323887226607,11.510871526673148,33938.12939716516,99793.81695907791,0.010340964058901392,-0.010287857929537113,0.4207981114457261,0.02457464465173854
Dean Henderson,7702,2025-26,Crystal Palace,115713.0,11.658876908454458,11.647978420293008,115713.00000000003,114458.73952709838,11.116272893363732,12.19824822162573,67255.76541453198,198440.22144377945,0.010898488161450004,-0.010839408475293574,0.4221354329764734,0.02581751568354463
Bruno Guimarães,8327,2025-26,Newcastle United,208283.0,12.246657812008882,12.235423635111847,208283.00000000006,205956.19503992682,11.705922128913146,12.77761509054355,121286.87472796354,354198.32213717996,0.011234176897035653,-0.01117136280960632,0.4181237414187524,0.02686806747427572
Joël Veltman,8780,2025-26,Brighton & Hove Al..,65956.0,11.096758293528822,11.085134817381272,65955.99999999996,65193.78873748988,10.575302224007853,11.640738493009593,39154.73677962922,113633.0519018644,0.011623476147549994,-0.011556359732398547,0.415682676837322,0.027962378023510603
Iyenoma Destiny Udogie,8831,2025-26,Tottenham Hotspur,76371.0,11.243371415833355,11.231427046867026,76371.0,75464.2109456093,10.688069762000772,11.763152086066393,43828.82330356459,128430.64369095897,0.011944368966329222,-0.01187347362730222,0.41944610981452957,0.0284765281804873
Maxence Lacroix,8853,2025-26,Crystal Palace,92570.0,11.435731196638752,11.423815030864583,92570.0,91473.45490001127,10.883612380978539,11.951450264003546,53294.77725223595,155040.83520057428,0.011916165774168874,-0.011845577400764019,0.4166196726717673,0.02860202375406548
James McAtee,10126,2025-26,Nottingham Forest,80999.0,11.302204433654575,11.290160199907781,80998.99999999994,80029.26862488237,10.749873167775315,11.826564123704822,46623.11463831752,136838.51895532687,0.012044233746793864,-0.011972140089600718,0.42007372163766815,0.028671714335853027
Amadou Onana,9667,2025-26,Aston Villa,127284.0,11.75418394570961,11.74218728935604,127284.00000000004,125766.12849173819,11.212622196999018,12.281953261928932,74058.35883065197,215765.7542816393,0.011996656353568724,-0.01192507705808945,0.4172022413990535,0.028755014146949264
Enzo Fernández,11356,2025-26,Chelsea,208283.0,12.246657812008882,12.234432789574347,208283.00000000006,205752.22434072194,11.668315063077538,12.751999866804331,116810.29670657314,345240.64350882923,0.012225022434535049,-0.012150658763692293,0.4228023891876218,0.028914269992713078
Jean-Ricner Bellegarde,7762,2025-26,Wolverhampton,57857.0,10.96574701173844,10.953196742342074,57857.00000000003,57135.40409623719,10.41685665180226,11.49734019275376,33417.22376260331,98452.55496436702,0.01255026939636572,-0.01247205876147815,0.4215534083537519,0.029771481258749552
Justin Kluivert,6963,2025-26,Bournemouth,104142.0,11.553520233676654,11.540341347066054,104142.00000000003,102778.51554965018,11.004813063562175,12.098006768705948,60162.01438861459,179512.69310454893,0.01317888661059996,-0.01309255103944466,0.4265123113197979,0.030899193905609124
Nathaniel Clyne,603,2025-26,Crystal Palace,34714.0,10.454927149187373,10.441920119757496,34713.99999999998,34265.38487323305,9.913669602529108,10.980919155805486,20203.681268973065,58741.52299902822,0.013007029429877193,-0.012923175858930887,0.41639013432030664,0.031237602329625757
El Hadji Malick Diouf,13723,2025-26,West Ham United,52071.0,10.860382655252224,10.847168125732441,52071.000000000015,51387.41956319817,10.288503762509949,11.367665599734075,29391.76288087806,86478.7533093186,0.013214529519782303,-0.013127853062200519,0.42103774227463836,0.03138561747075541
Dan Neil,13720,2025-26,Sunderland,32978.0,10.403626274246973,10.389882740432666,32977.99999999998,32527.852393243556,9.841328327068869,10.93720148026352,18793.664908258917,56228.76265239294,0.013743533814306375,-0.013649936526060466,0.427557704808494,0.0321442782102645
Dan Neil,13720,2025-26,Sunderland,32978.0,10.403626274246973,10.389882740432666,32977.99999999998,32527.852393243556,9.841328327068869,10.93720148026352,18793.664908258917,56228.76265239294,0.013743533814306375,-0.013649936526060466,0.427557704808494,0.0321442782102645
Wilson Isidor,7148,2025-26,Sunderland,54964.0,10.914451898012965,10.900201072007652,54964.000000000044,54186.258242181946,10.378531960030584,11.435006554311492,32160.712139057763,92502.94343407055,0.014250826005312689,-0.014150021065026143,0.41218625659588337,0.03457375343614263
Ezri Konsa Ngoyo,7726,2025-26,Aston Villa,121499.0,11.70766954176274,11.691698716586641,121499.00000000004,119573.95791416844,11.152877028011622,12.219462479539546,69763.25335701137,202694.97585700502,0.015970825176099268,-0.01584409818872259,0.41613103332992246,0.03837931780357527
Antoine Semenyo,11363,2025-26,Manchester City,190927.0,12.159651672609437,12.142317146653868,190926.99999999997,187645.87416935503,11.61501692975248,12.70980680264732,110747.47629482632,330976.8728229957,0.017334525955568836,-0.017185237450150822,0.42713506023754033,0.0405832430283964
David Møller Wolfe,13740,2025-26,Wolverhampton,57857.0,10.96574701173844,10.94756787276734,57857.00000000003,56814.69419350231,10.40692208695505,11.494412701782478,33086.871919476835,98164.75454322767,0.018179138971099462,-0.01801520656960636,0.42428723609200925,0.042846301808516354
Maxence Lacroix,8853,2025-26,Crystal Palace,92570.0,11.435731196638752,11.417038131049049,92570.0,90855.63749132225,10.878211430492097,11.942510013670212,53007.70532661841,153660.90005584504,0.018693065589703295,-0.018519633884387453,0.4152388058125374,0.04501762679218959
John McGinn,7723,2025-26,Aston Villa,133070.0,11.798638099351365,11.779522650763289,133070.00000000006,130550.44606284033,11.251652261999478,12.319848071071034,77006.05053237415,224099.09216831863,0.019115448588076234,-0.018934049276018074,0.41675931843141345,0.04586687745824713
Ismaila Sarr,5675,2025-26,Crystal Palace,92570.0,11.435731196638752,11.416212073327321,92570.0,90780.61565480207,10.88921026503763,11.957286433053167,53593.957440871054,155948.3311345694,0.01951912331143113,-0.019330067464599046,0.4167126401683653,0.046840727709974855
Bukayo Saka,7322,2025-26,Arsenal,347139.0,12.757483435774873,12.736641024447978,347139.00000000006,339978.644080298,12.180483869860318,13.274403222743942,194946.168459458,582102.3118581247,0.02084241132689435,-0.020626768872705273,0.42679542463564596,0.04883466439380754
Ismaila Sarr,5675,2025-26,Crystal Palace,92570.0,11.435731196638752,11.414284902526333,92570.0,90605.8324484867,10.887148435435213,11.955393762198486,53483.56761269388,155653.44952566468,0.02144629411241894,-0.02121818679392131,0.41677863788508973,0.051457277708009376
Mateus Fernandes,12948,2025-26,West Ham United,69428.0,11.148059926647772,11.126427116989602,69428.0,67942.18478082847,10.590768414509848,11.661590849180726,39765.03418651965,116027.46746721583,0.02163280965817016,-0.021400806867136232,0.4177841031059571,0.05177987744709309
John McGinn,7723,2025-26,Aston Villa,133070.0,11.798638099351365,11.776594125187934,133070.00000000006,130168.6820897675,11.245296503141462,12.317887786512712,76518.16437458084,223660.22251336396,0.022043974163430846,-0.02180294514340235,0.4184742239363463,0.052677017848497
Aaron Ramsdale,5603,2025-26,Southampton,83313.0,11.330371881260112,11.307819938528363,83313.00000000007,81455.13541144658,10.781690039768819,11.847537103180406,48130.39951905831,139738.75840008457,0.022551942731748653,-0.022299816217799043,0.41584294932370447,0.054231874721996434
Kenny Tete,5973,2025-26,Fulham,80999.0,11.302204433654575,11.27915865267373,80998.99999999994,79153.63732574895,10.738502876496444,11.809239863358949,46095.98734873276,134488.2922537989,0.0230457809808442,-0.022782536503549382,0.4177507654256583,0.05516634052689811
Emiliano Martinez,4401,2025-26,Aston Villa,185141.0,12.128878377198697,12.105055999354738,185141.00000000003,180782.59719665066,11.560953322764973,12.648613265431159,104918.98833123509,311330.41455713345,0.023822377843959686,-0.023540992018782257,0.42435329978002634,0.05613807611796252
Wilson Isidor,7148,2025-26,Sunderland,54964.0,10.914451898012965,10.890467344635166,54964.000000000044,53661.37293284279,10.350394143952348,11.416841825037965,31268.365022206537,90837.80353774925,0.023984553377799145,-0.02369964098605006,0.4160772818405901,0.05764446756549482
Trevoh Chalobah,6615,2025-26,Chelsea,115713.0,11.658876908454458,11.634210160725134,115713.00000000003,112893.62728315851,11.102426607387232,12.180186641925768,66330.9265740483,194888.23332562717,0.024666747729323646,-0.024365220129471364,0.42049082538275406,0.058661797690521794
Antoine Semenyo,11363,2025-26,Manchester City,190927.0,12.159651672609437,12.134582036361337,190926.99999999997,186200.00409295392,11.606606296477414,12.697765045329193,109819.91762071822,327015.21811425453,0.02506963624809977,-0.02475813220260124,0.425718367934056,0.05888784261237953
David Møller Wolfe,13740,2025-26,Wolverhampton,57857.0,10.96574701173844,10.939559568576447,57857.00000000003,56361.51385655931,10.40556350945511,11.48378642893407,33041.95000302813,97127.14119607271,0.02618744316199262,-0.025847972474216094,0.4206714211224536,0.06225153848606629
Pau Torres,6221,2025-26,Aston Villa,150427.0,11.92123984338312,11.893849365789224,150427.00000000012,146362.6219653996,11.340553700437567,12.415588511592821,84165.6213351961,246615.18781901014,0.027390477593895568,-0.027018939649135588,0.4194275725314087,0.06530442771938758
Marshall Munetsi,7908,2025-26,Wolverhampton,46285.0,10.742594818539608,10.715246196575059,46285.00000000003,45036.29469786685,10.18036738934067,11.251291529103456,26379.157306238856,76978.27656581439,0.027348621964549125,-0.02697861730870002,0.41782378360687683,0.06545491912514241
Nick Woltemade,8117,2025-26,Newcastle United,156213.0,11.958982141052491,11.9307475777891,156213.00000000015,151864.05019159368,11.37643723473586,12.458049440737437,87240.65883379735,257312.23648736964,0.02823456326339091,-0.027839871255314633,0.421993759900736,0.06690753737693282
Josko Gvardiol,9790,2025-26,Manchester City,231426.0,12.352019768006743,12.323386502512163,231425.99999999983,224893.4595588594,11.790596315185882,12.864149037224388,132004.1630984664,386213.8258258816,0.02863326549458023,-0.028227340234634055,0.4188493316837059,0.06836173136406636
Kenny Tete,5973,2025-26,Fulham,80999.0,11.302204433654575,11.273395473311199,80998.99999999994,78698.76696222396,10.734659798478916,11.805781323282266,45919.17300325856,134023.95906696565,0.0288089603433761,-0.02839828933413969,0.4179007938837153,0.06893731901211093
Carlos Alcaraz,11297,2025-26,Everton,63642.0,11.06104462150408,11.032074355949495,63641.999999999956,61824.696373511295,10.498654530948283,11.561895332016757,36265.67414530429,105017.87049758571,0.02897026555458382,-0.028555099250316813,0.4148261094254903,0.06983713150241659
Trevoh Chalobah,6615,2025-26,Chelsea,115713.0,11.658876908454458,11.628905494834989,115713.00000000003,112296.3445977742,11.098936665969411,12.176044678612685,66099.83551784931,194082.6787115714,0.02997141361946909,-0.029526979701726117,0.4202364373778916,0.07132035909708068
Boubacar Kamara,5789,2025-26,Aston Villa,173570.0,12.064342016562621,12.034097364247813,173569.99999999994,168398.99721423458,11.492663224564783,12.571451355466486,97993.16593104505,288210.92968613544,0.030244652314808107,-0.029792030798901675,0.42089193980012607,0.0718584735292644
Bukayo Saka,7322,2025-26,Arsenal,347139.0,12.757483435774873,12.726272157054664,347139.00000000006,336471.6534156334,12.164152604600853,13.2681619659516,191788.29079487346,578480.5694778177,0.03121127872020857,-0.030729323367200554,0.43073206716505325,0.07246100557507051
Chadi Riad,11167,2025-26,Crystal Palace,46285.0,10.742594818539608,10.711330296431111,46285.00000000003,44860.27800589512,10.157985448720327,11.244143687552546,25795.276756193754,76430.00271587,0.03126452210849706,-0.030781505760071527,0.4237674062003898,0.0737775526174205
Lisandro Martínez,10802,2025-26,Manchester United,138856.0,11.84119990558015,11.809512674586434,138855.99999999997,134524.98744790527,11.277470309573996,12.348099636336862,79020.10989178723,230520.55158607016,0.03168723099371462,-0.031190676327236166,0.41770876156328896,0.07585962735166028
El Hadji Malick Diouf,13723,2025-26,West Ham United,52071.0,10.860382655252224,10.828285470131204,52071.000000000015,50426.173732897376,10.277077279719217,11.35042827588325,29057.818519827168,85000.84795500524,0.03209718512101922,-0.0315881444009648,0.4187706278194501,0.07664621869052786
Rayan Ait Nouri,6674,2025-26,Manchester City,92570.0,11.435731196638752,11.402836303472677,92570.0,89574.42649442005,10.869399706855585,11.952612160999054,52542.65920300608,155221.08253721354,0.03289489316607508,-0.032360089722155615,0.42261810079336315,0.07783597792977368
Ross Barkley,592,2025-26,Aston Villa,104142.0,11.553520233676654,11.5204965340057,104142.00000000003,100758.98020460703,10.980702619653767,12.06096402749703,58728.80449621329,172984.66823863346,0.03302369967095409,-0.032484682408567174,0.42146674255521177,0.07835422427578141
Dean Henderson,7702,2025-26,Crystal Palace,115713.0,11.658876908454458,11.625827197397346,115713.00000000003,111951.19148417079,11.093011236590288,12.173048964489116,65709.31782021876,193502.12950799378,0.03304971105711196,-0.032509817529830155,0.4213794732545856,0.07843218086027712
Rayan Ait Nouri,6674,2025-26,Manchester City,92570.0,11.435731196638752,11.402466006927458,92570.0,89541.26316396496,10.867430490438535,11.952494970279362,52439.29117710191,155202.8930154913,0.033265189711293885,-0.032718341104407876,0.4233406733411992,0.07857782586480462
Matt Doherty,6852,2025-26,Wolverhampton,63642.0,11.06104462150408,11.027628669090028,63641.999999999956,61550.44874878559,10.518483850800006,11.583791853219148,36991.995052607046,107342.77923832554,0.033415952414051375,-0.032864323107607715,0.415632633303087,0.08039780743030311
Jean-Ricner Bellegarde,7762,2025-26,Wolverhampton,57857.0,10.96574701173844,10.931601750449222,57857.00000000003,55914.77112835165,10.390829652824808,11.477116648367668,32558.66895466618,96481.47343221892,0.034145261289218354,-0.03356947079261595,0.4238176409593305,0.08056592739256677
Morato,13068,2025-26,Nottingham Forest,46285.0,10.742594818539608,10.707845183863036,46285.00000000003,44704.203528631464,10.168268318454107,11.245177707129413,26061.90501212817,76509.07474292447,0.03474963467657233,-0.03415353724464868,0.4201589437303679,0.08270592640025413
Jefferson Lerma,2182,2025-26,Crystal Palace,80999.0,11.302204433654575,11.267943833121574,80998.99999999994,78270.89152093243,10.734717055426191,11.79634274169051,45921.80232745593,132764.9047460303,0.03426060053300084,-0.033680767405369336,0.41419596826667615,0.08271591989746863
Alejandro Garnacho,10552,2025-26,Chelsea,104142.0,11.553520233676654,11.517723658908709,104142.00000000003,100479.97237043246,10.95129701286145,12.045046115979494,57026.96342154534,170252.8974021163,0.03579657476794473,-0.03516379202980134,0.42672900125552765,0.08388596665008373
Altay Bayindir,12054,2025-26,Manchester United,46285.0,10.742594818539608,10.70656074278594,46285.00000000003,44646.8191901495,10.161533635248206,11.233671207573465,25886.96933283418,75633.7571800587,0.03603407575366724,-0.0353933414680896,0.4182972074149502,0.08614467205352745
Altay Bayindir,12054,2025-26,Manchester United,46285.0,10.742594818539608,10.70656074278594,46285.00000000003,44646.8191901495,10.161533635248206,11.233671207573465,25886.96933283418,75633.7571800587,0.03603407575366724,-0.0353933414680896,0.4182972074149502,0.08614467205352745
Cristhian Mosquera,10024,2025-26,Arsenal,69428.0,11.148059926647772,11.111838169350342,69428.0,66958.16060722178,10.564066398562034,11.64172991936551,38717.25210913393,113745.76756125463,0.03622175729742949,-0.035574111205539785,0.42045317030294416,0.0861493261457181
Pau Torres,6221,2025-26,Aston Villa,150427.0,11.92123984338312,11.884940587579235,150427.00000000012,145064.4918814423,11.337868700612841,12.406795163911973,83939.93708832894,244456.11259749474,0.03629925580388438,-0.03564857451493281,0.4170443850412125,0.0870393106966235
James Tarkowski,1665,2025-26,Everton,115713.0,11.658876908454458,11.621976988533259,115713.00000000003,111520.98089593185,11.08424556742589,12.161939601076591,65135.840043769254,191364.32970514675,0.03689991992119879,-0.03622772812102513,0.42046507496808594,0.08775977392176879
James Tarkowski,1665,2025-26,Everton,115713.0,11.658876908454458,11.622105062956683,115713.00000000003,111535.264924024,11.088830508703403,12.161765891096323,65435.1743210387,191331.09052457186,0.03677184549777479,-0.03610428453134937,0.41860847504698223,0.0878430507018467
William Saliba,6888,2025-26,Arsenal,254569.0,12.447331126269555,12.40931415612113,254569.00000000012,245072.6743907543,11.869572046949271,12.939775307638856,142852.0912060724,416554.6343916287,0.038016970148424534,-0.037303542887177146,0.4175425307984803,0.09104933592207584
Mikel Merino,5304,2025-26,Arsenal,161998.0,11.995345441355964,11.956390305365694,161998.00000000012,155808.64321954903,11.419549517098483,12.499775653919011,91084.10034234752,268276.0928546193,0.03895513599026934,-0.0382063777358429,0.42145298147576293,0.09243056213261025
Boubacar Kamara,5789,2025-26,Aston Villa,173570.0,12.064342016562621,12.02440712560028,173569.99999999994,166775.04201721842,11.477422014353028,12.560243590276519,96510.94039666388,284998.75234244106,0.03993489096234093,-0.03914822828127856,0.42246559865923733,0.09452814877490792
Ollie Watkins,8865,2025-26,Aston Villa,150427.0,11.92123984338312,11.881482984086299,150427.00000000012,144563.7790620411,11.340435411329091,12.410876012896852,84155.66592941455,245455.74344127704,0.039756859296820934,-0.038977184534418695,0.417635129947236,0.09519519898109101
Emiliano Martinez,4401,2025-26,Aston Villa,185141.0,12.128878377198697,12.088494501891319,185141.00000000003,177813.20675721447,11.550707601147204,12.629887246543781,103849.49555707227,305554.66379473335,0.04038387530737886,-0.039579527186228626,0.4210446901785248,0.09591351286310229
Dennis Cirkin,8537,2025-26,Sunderland,32978.0,10.403626274246973,10.361819147016133,32977.99999999998,31627.66621368356,9.804119230486128,10.920242880678156,18107.183288841105,55283.22478267112,0.04180712723083957,-0.04094650331482869,0.4354584878436379,0.09600714740425831
Matt Doherty,6852,2025-26,Wolverhampton,63642.0,11.06104462150408,11.02055996266029,63641.999999999956,61116.89376896334,10.513222721298204,11.579796705424389,36797.88119180306,106914.78050380178,0.04048465884378949,-0.0396767265490811,0.4161265592938961,0.09728929322003825
Marshall Munetsi,7908,2025-26,Wolverhampton,46285.0,10.742594818539608,10.701167969819991,46285.00000000003,44406.69169630954,10.169300471901005,11.245657783963226,26088.819817087522,76545.8142755555,0.04142684871961677,-0.04058136121185017,0.41994354963217245,0.09864861302406586
Bernd Leno,181,2025-26,Fulham,104142.0,11.553520233676654,11.512432696954368,104142.00000000003,99949.73533743588,10.984470161918072,12.051634160858802,58950.488857204284,171378.24055446757,0.04108753672228538,-0.04025527320931179,0.41635675507812026,0.09868348770893894
Jefferson Lerma,2182,2025-26,Crystal Palace,80999.0,11.302204433654575,11.260509624756464,80998.99999999994,77691.15956433846,10.724575770509473,11.789243947462246,45458.43962271346,131825.7642341613,0.041694808898110836,-0.040838040416072786,0.4153830037660542,0.10037678123583882
Ollie Watkins,8865,2025-26,Aston Villa,150427.0,11.92123984338312,11.878968888614393,150427.00000000012,144200.78589653788,11.33410564250007,12.407421640991252,83624.65604651369,244609.30735689626,0.042270954768726554,-0.04139026972193973,0.4187569733881558,0.10094388262173391
João Gomes,11384,2025-26,Wolverhampton,86785.0,11.371200597317179,11.32859804050403,86785.00000000007,83165.34522799053,10.77520753540966,11.845956820667741,47819.39663972593,139518.10449723274,0.04260255681314895,-0.041708299498871206,0.41775556367604905,0.10197962760391947
Aaron Ramsdale,5603,2025-26,Southampton,83313.0,11.330371881260112,11.287475391436129,83313.00000000007,79814.69086068244,10.755430131821502,11.8274218899092,46882.924375157745,136955.94562522473,0.042896489823982975,-0.04198995522088541,0.41824031761839103,0.10256421491895097
William Saliba,6888,2025-26,Arsenal,254569.0,12.447331126269555,12.402945000198697,254569.00000000012,243516.72225686195,11.860311240584545,12.93213551926704,141535.26324538543,413384.36302072025,0.04438612607085801,-0.043415646615016616,0.4181749751014378,0.10614247315992821
Morato,13068,2025-26,Nottingham Forest,46285.0,10.742594818539608,10.697789726525643,46285.00000000003,44256.92482651567,10.154341198694452,11.22436643228394,25701.439760545043,74933.25681370535,0.044805092013964654,-0.0438171151233522,0.41747307307147147,0.10732450762469659
Alejandro Garnacho,10552,2025-26,Chelsea,104142.0,11.553520233676654,11.507987168912651,104142.00000000003,99506.38772796406,10.948654581837895,12.034466858095225,56876.46988375426,168461.2314739894,0.04553306476400287,-0.04451241835221111,0.4236324280197146,0.10748248186959827
Rayan,14395,2025-26,Bournemouth,52071.0,10.860382655252224,10.814457113626247,52071.000000000015,49733.6480783612,10.273027830980492,11.357156036196246,28940.38425631258,85574.6480446306,0.04592554162597651,-0.0448877863232666,0.4229753834090568,0.10857733907782101
Ross Barkley,592,2025-26,Aston Villa,104142.0,11.553520233676654,11.507588441904321,104142.00000000003,99466.7193539002,10.96696001279623,12.047458196937717,57927.2243977255,170664.05926460325,0.04593179177233253,-0.04489332494190455,0.4215591214316595,0.10895693969648501
João Gomes,11384,2025-26,Wolverhampton,86785.0,11.371200597317179,11.325257272899268,86785.00000000007,82887.96937814952,10.767100632165853,11.847717987044794,47433.28849641075,139764.03735380113,0.0459433244179106,-0.0449044261318264,0.42160561619872056,0.10897227800745322
Marcus Tavernier,10741,2025-26,Bournemouth,86785.0,11.371200597317179,11.324655112913213,86785.00000000007,82838.07198212,10.781903122370366,11.871113088338362,48140.65657564529,143072.40344371894,0.04654548440396589,-0.045479380283229426,0.4249580453232397,0.10952959925387827
Mikel Merino,5304,2025-26,Arsenal,161998.0,11.995345441355964,11.949048945817447,161998.00000000012,154668.9770756281,11.412424083555948,12.49443605345551,90437.38630831237,266847.4180360782,0.04629649553851678,-0.045241440785515986,0.42214972880479223,0.109668424209565
Mamadou Sarr,11253,2025-26,Chelsea,46285.0,10.742594818539608,10.693955094332267,46285.00000000003,44087.536940845945,10.119954287452096,11.247905539557976,24832.63560036133,76718.0663233318,0.04863972420734086,-0.047476786413613116,0.4400730568865361,0.11052647610708335
Josko Gvardiol,9790,2025-26,Manchester City,231426.0,12.352019768006743,12.304853270354949,231425.99999999983,220763.82427717338,11.777410132525466,12.848949221341151,130274.94485517868,380387.82085029996,0.04716649765179426,-0.04607164157366266,0.41806370754776834,0.11282131598664295
Marcus Tavernier,10741,2025-26,Bournemouth,86785.0,11.371200597317179,11.321231065430911,86785.00000000007,82554.9121193206,10.779548413346383,11.865821319520052,48027.430342210624,142317.29176895707,0.049969531886267404,-0.0487421545276197,0.4238121439560176,0.11790490810346659
Harrison Reed,910,2025-26,Fulham,57857.0,10.96574701173844,10.915634951948904,57857.00000000003,55029.065039725785,10.385663190888698,11.473890653135049,32390.88446366574,96170.7229421945,0.05011205978953548,-0.04887800888871256,0.4245747189912026,0.118028835792679
André,13022,2025-26,Wolverhampton,75213.0,11.228092662823174,11.177361848265878,75213.00000000004,71492.50234549947,10.617779395640287,11.699057698137752,40853.791796157064,120457.15354786486,0.050730814557296,-0.04946615152301564,0.42186348659727074,0.12025410154950396
Martin Odegaard,2517,2025-26,Arsenal,260354.0,12.469801363323091,12.419186467700863,260353.99999999983,247504.10021326935,11.88363665670731,12.95883300894044,144875.4597773085,424569.3557554942,0.05061489562222832,-0.04935549208666078,0.4194905981948148,0.12065799767632063
Martin Odegaard,2517,2025-26,Arsenal,260354.0,12.469801363323091,12.419186467700863,260353.99999999983,247504.10021326935,11.88363665670731,12.95883300894044,144875.4597773085,424569.3557554942,0.05061489562222832,-0.04935549208666078,0.4194905981948148,0.12065799767632063
Marc Cucurella,7134,2025-26,Chelsea,127284.0,11.75418394570961,11.70307222781241,127284.00000000004,120941.70835889612,11.165250779912474,12.241367363176892,70631.86180967276,207183.99383673936,0.05111171789720004,-0.04982787813946699,0.41984962867793574,0.12173815196203865
Konstantinos Mavropanos,6722,2025-26,West Ham United,92570.0,11.435731196638752,11.381671188676021,92570.0,87698.47470626418,10.81438733811031,11.946178412589543,49730.17793869836,154225.62839506415,0.054060007962730694,-0.05262531374890155,0.44157117337569085,0.12242648800975099
Andrey Santos,11808,2025-26,Chelsea,57857.0,10.96574701173844,10.913773037756643,57857.00000000003,54926.69910849021,10.38431882153879,11.464735971519229,32347.367065289483,95294.31915782996,0.05197397398179682,-0.050647300957702895,0.4215275057471185,0.12329912822575542
Harrison Reed,910,2025-26,Fulham,57857.0,10.96574701173844,10.91332854409789,57857.00000000003,54902.289519902166,10.385137027171812,11.469206043589885,32373.845512371467,95721.24959648275,0.05241846764054969,-0.051069196123163345,0.4229522907487314,0.12393470560889004
Armando Broja,8384,2025-26,Burnley,69428.0,11.148059926647772,11.092582934561934,69428.0,65681.17998398888,10.53095814676939,11.650536639039302,37456.346831055336,114751.92743796053,0.055476992085838006,-0.05396698761322687,0.43680640328895187,0.12700590391560587
Curtis Jones,6665,2025-26,Liverpool,127284.0,11.75418394570961,11.701591127088403,127284.00000000004,120762.71261406734,11.179657943281327,12.237870864879557,71656.84682293698,206460.8368538818,0.052592818621207016,-0.051234148722013026,0.41286446943085714,0.1273851893666398
Antonín Kinsky,13348,2025-26,Tottenham Hotspur,63642.0,11.06104462150408,11.006930711298386,63641.999999999956,60289.55345358272,10.481799120585258,11.558963362682096,35659.50741574544,104710.40934332006,0.054113910205693116,-0.052676637227259376,0.420258375442565,0.12876343070785187
Diogo Dalot,7281,2025-26,Manchester United,98356.0,11.496358995661653,11.44190701472748,98355.99999999999,93143.47065881109,10.894783666546678,11.973575507137197,53893.49761098805,158509.40346319036,0.05445198093417325,-0.05299655680577596,0.4208933871446759,0.12937238406992643
Rayan,14395,2025-26,Bournemouth,52071.0,10.860382655252224,10.804213666208533,52071.000000000015,49226.794223269964,10.271289732925444,11.34481876792058,28890.124983051544,84525.36427362823,0.05616898904369094,-0.054621685328302694,0.4188400901233414,0.13410604755421124
Cristhian Mosquera,10024,2025-26,Arsenal,69428.0,11.148059926647772,11.091484392904993,69428.0,65609.06499107205,10.545190389885281,11.619457342285196,37993.26057819419,111240.3386632394,0.05657553374277846,-0.05500568947583031,0.4191279904802447,0.13498390713050007
Declan Rice,5553,2025-26,Arsenal,289283.0,12.57516418352398,12.517500908030131,289283.00000000006,273073.7668809931,11.968147369514266,13.056778992037376,157651.31818794194,468259.00741999765,0.057663275493847976,-0.0560324426910913,0.4247324031536459,0.13576377753544844
Konstantinos Mavropanos,6722,2025-26,West Ham United,92570.0,11.435731196638752,11.37507145724651,92570.0,87121.58747103109,10.80812636960723,11.938036370929154,49419.785293233115,152975.0069763065,0.060659739392242784,-0.05885721647368382,0.4408372678872945,0.13760120527684425
Tom Cairney,6835,2025-26,Fulham,57857.0,10.96574701173844,10.907279799312326,57857.00000000003,54571.195893615986,10.37824348516111,11.46138290637268,32151.43563143042,94975.32285110574,0.0584672124261143,-0.05679181613951711,0.42258960680877444,0.1383545915093251
Joseph Gomez,987,2025-26,Liverpool,138856.0,11.84119990558015,11.782027174999616,138855.99999999997,130877.82511685231,11.21090200581479,12.295885121186423,73931.07208463848,218792.82372560678,0.059172730580533184,-0.05745646484953952,0.4233089287860924,0.1397861622012573
Joseph Gomez,987,2025-26,Liverpool,138856.0,11.84119990558015,11.782027174999616,138855.99999999997,130877.82511685231,11.21090200581479,12.295885121186423,73931.07208463848,218792.82372560678,0.059172730580533184,-0.05745646484953952,0.4233089287860924,0.1397861622012573
Armando Broja,8384,2025-26,Burnley,69428.0,11.148059926647772,11.086815945955596,69428.0,65303.48173791774,10.518015056114264,11.640083752923976,36974.656997428276,113558.6754842612,0.061243980692175626,-0.059407130582506476,0.4377779629392972,0.13989735865408964
Dilane Bakwa,8920,2025-26,Nottingham Forest,69428.0,11.148059926647772,11.08904785844124,69428.0,65449.39840211665,10.551576849474733,11.623714421799992,38236.685873534785,111714.91131731078,0.059012068206531154,-0.057305432936039534,0.4182972074149502,0.14107688782151317
Daniel Bentley,11361,2025-26,Wolverhampton,28928.0,10.272599831178495,10.211587941117923,28928.00000000001,27215.751892727756,9.677665559399648,10.770678904454913,15956.202272041986,47603.32533411123,0.061011890060571616,-0.059189992646303036,0.42644194337141167,0.14307197265404312
Bernd Leno,181,2025-26,Fulham,104142.0,11.553520233676654,11.493362410354413,104142.00000000003,98061.70601766575,10.967759196553768,12.044606510521504,57973.53819792057,170178.06930819864,0.060157823322240844,-0.058384647714987935,0.42013472512494093,0.143186981995718
Mamadou Sarr,11253,2025-26,Chelsea,46285.0,10.742594818539608,10.67920070069616,46285.00000000003,43441.81266113106,10.10950425828916,11.242850609326153,24574.474628286756,76331.23532118251,0.06339411784344762,-0.06142783491128809,0.4421779684901068,0.1433678798152649
Marc Cucurella,7134,2025-26,Chelsea,127284.0,11.75418394570961,11.693820281436032,127284.00000000004,119827.91323783535,11.152248562778817,12.230977866126027,69719.42272374117,205042.58927467396,0.0603636642735772,-0.05857835047739455,0.4208689880797509,0.1434262584872108
Chemsdine Talbi,13717,2025-26,Sunderland,52071.0,10.860382655252224,10.799551153921302,52071.000000000015,48997.803279212276,10.278247455022672,11.358037262957916,29091.842334638142,85650.09283293577,0.06083150133092197,-0.05901935282187279,0.42128274664868476,0.1443958999385523
Nicolò Savona,12905,2025-26,Nottingham Forest,75213.0,11.228092662823174,11.166335694872025,75213.00000000004,70708.53404199131,10.60657007119441,11.69510151092441,40398.394297245395,119981.53996956984,0.06175696795114938,-0.05988946004026869,0.42469331658148324,0.14541544578156895
Chemsdine Talbi,13717,2025-26,Sunderland,52071.0,10.860382655252224,10.799230559152688,52071.000000000015,48982.09703701671,10.293152282886037,11.363781609648903,29528.71380099938,86143.5182511471,0.061152096099535314,-0.059320984098313864,0.41770876156328896,0.14639888296973125
Tom Cairney,6835,2025-26,Fulham,57857.0,10.96574701173844,10.903182738915794,57857.00000000003,54348.06770801203,10.375105223865344,11.461957762348174,32050.691051215526,95029.93625374357,0.06256427282264632,-0.06064836220315602,0.42403828897929474,0.14754392338777986
Kevin Danso,5261,2025-26,Tottenham Hotspur,86785.0,11.371200597317179,11.30911229008464,86785.00000000007,81560.47342702698,10.78282457443991,11.860130247030181,48185.03724891962,141509.64841215897,0.06208830723253911,-0.060200801670485506,0.4203135549101754,0.14771902192354447
Kevin Danso,5261,2025-26,Tottenham Hotspur,86785.0,11.371200597317179,11.308707657792603,86785.00000000007,81527.47769711139,10.775621072952749,11.857349205109804,47839.17625858748,141116.64809521812,0.06249293952457613,-0.060581002510672104,0.42203898878586676,0.14807385380283825
Josh Dasilva,10405,2025-26,Brentford,34714.0,10.454927149187373,10.3925791372251,34713.99999999998,32615.681444270158,9.868739751625094,10.940200947847186,19315.979435495927,56397.675199922036,0.06234801196227302,-0.0604458879912952,0.4180333175537795,0.1491460353617676
Declan Rice,5553,2025-26,Arsenal,289283.0,12.57516418352398,12.511821442963813,289283.00000000006,271527.2441500044,11.966679153907034,13.049990565812351,157420.02043289883,465091.0238825286,0.06334274056016653,-0.06137849735378728,0.4226567094164555,0.14986805875534595
Oliver Scarles,12358,2025-26,West Ham United,11571.0,9.356343666096025,9.290534468581107,11570.999999999995,10833.973504238766,8.73401735857769,9.857168684051677,6209.628382257996,19093.749559108743,0.06580919751491798,-0.06369600689320104,0.4382003532729848,0.15018061264300478
Alex Iwobi,500,2025-26,Fulham,109927.0,11.607580885011611,11.543322121838976,109927.00000000009,103085.33518972043,11.005041074046401,12.077451856890757,60175.73375067763,175860.46913314896,0.06425876317263501,-0.06223825639087445,0.41840380119556636,0.1535807346611552
Daniel Bentley,11361,2025-26,Wolverhampton,28928.0,10.272599831178495,10.206626371428944,28928.00000000001,27081.048527904873,9.66974298172153,10.760997393467251,15830.279572352138,47144.66736895203,0.06597345974955005,-0.06384649723780202,0.4257556910560342,0.15495614300753338
André,13022,2025-26,Wolverhampton,75213.0,11.228092662823174,11.161523184816584,75213.00000000004,70369.0612117926,10.605060262132861,11.692514786972088,40337.44494817205,119671.57932371619,0.06656947800659019,-0.06440294614238808,0.4242731554910957,0.15690240389952576
Fabian Schär,76,2025-26,Newcastle United,104142.0,11.553520233676654,11.487690490092907,104142.00000000003,97507.07656242822,10.962660659291945,12.035368623009106,57678.7051021279,168613.21331929544,0.06582974358374649,-0.06371035161195104,0.4185197470707973,0.157291845951084
Yves Bissouma,5609,2025-26,Tottenham Hotspur,101827.0,11.531040394395399,11.463579710814184,101826.99999999994,95184.19660237378,10.934244339851254,12.024792939646542,56062.72896234139,166839.39897091856,0.06746068358121526,-0.06523616916560607,0.42548031672400116,0.15855183172897605
Diogo Dalot,7281,2025-26,Manchester United,98356.0,11.496358995661653,11.430053916045347,98355.99999999999,92045.93749075462,10.885618087192007,11.954934280706619,53401.78019618571,155581.9456156004,0.06630507961630627,-0.06415533886336747,0.41719643927845623,0.1589301187013516
Neco Williams,8204,2025-26,Nottingham Forest,86785.0,11.371200597317179,11.304196553516169,86785.00000000007,81160.52254150316,10.768765261233321,11.834532041884009,47512.31474828612,137933.2004206531,0.06700404380100977,-0.06480932717055837,0.41581162679984673,0.16114038060138838
Bruno Fernandes,1228,2025-26,Manchester United,347139.0,12.757483435774873,12.688571387476353,347139.00000000006,324022.5208891233,12.142619968075968,13.218097701961275,187702.70626719762,550232.3290930991,0.06891204829851993,-0.06659142047098349,0.41960037996383576,0.16423256886578436
James McAtee,10126,2025-26,Nottingham Forest,80999.0,11.302204433654575,11.233484904756832,80998.99999999994,75619.6675242727,10.700345456461434,11.76805042879181,44370.18079407745,129061.28919649543,0.06871952889774313,-0.06641233195134802,0.4165678172253815,0.16496600566856284
Alex Iwobi,500,2025-26,Fulham,109927.0,11.607580885011611,11.538790692376892,109927.00000000009,102619.26351628004,11.01019285102262,12.077035503469146,60486.55080474557,175787.26384943843,0.06879019263471875,-0.06647808530861425,0.4162313809240866,0.16526911661969304
Ryan Yates,11003,2025-26,Nottingham Forest,69428.0,11.148059926647772,11.078372204584413,69428.0,64754.389044463795,10.539083123023765,11.613947619283511,37761.92661779005,110629.11508342123,0.06968772206335849,-0.06731593817388093,0.4193611237406836,0.16617592360910077
Rodrigo Gomes,12756,2025-26,Wolverhampton,40500.0,10.609081944147828,10.538389362918442,40499.99999999998,37735.73729144772,9.995551066452075,11.067909579311873,21927.689174307958,64080.4096197661,0.07069258122938571,-0.06825340021116699,0.41838340792782125,0.16896602467940475
Victor Lindelöf,6080,2025-26,Aston Villa,98356.0,11.496358995661653,11.426100509453079,98355.99999999999,91682.75689458725,10.867455340204252,11.932947303682566,52440.59432224317,152198.47936621722,0.07025848620857467,-0.0678478497032488,0.4157044061793585,0.16901068442912093
Alexis Mac Allister,8379,2025-26,Liverpool,202498.0,12.218490227244933,12.14624648988162,202498.00000000012,188384.65365211322,11.586059552383714,12.677066209992816,107586.47885109519,320315.93611663947,0.0722437373633138,-0.06969622587821551,0.42565902914794645,0.16972208367792901
Curtis Jones,6665,2025-26,Liverpool,127284.0,11.75418394570961,11.682465473880312,127284.00000000004,118474.97470310926,11.151041155415681,12.226404999693829,69635.29257188662,204107.09290829612,0.07171847182929802,-0.06920764037028052,0.41955594564322396,0.17093899532122223
Fabian Schär,76,2025-26,Newcastle United,104142.0,11.553520233676654,11.481681586934117,104142.00000000003,96922.91681053682,10.9565754093936,12.033375550791712,57328.775466988605,168277.48768911877,0.07183864674253648,-0.06931961350332443,0.42011632062662846,0.17099703871390873
Victor Lindelöf,6080,2025-26,Aston Villa,98356.0,11.496358995661653,11.42477028338386,98355.99999999999,91560.87785235379,10.863937896971374,11.93057179149542,52256.4580255092,151837.35674352094,0.07158871227779429,-0.06908701195296876,0.41614993348837237,0.17202624947624687
Bafode Diakite,7268,2025-26,Bournemouth,80999.0,11.302204433654575,11.228569824308488,80998.99999999994,75248.89778779623,10.675598472970254,11.765604722814738,43285.6032766746,128746.02646151533,0.07363460934608668,-0.07098979261723866,0.4252687175078942,0.1731484266644179
Kieran Trippier,652,2025-26,Newcastle United,133070.0,11.798638099351365,11.722726007251607,133070.00000000006,123342.2017883702,11.15267428385146,12.276391994166074,69749.11049579497,214569.14799476214,0.0759120920997578,-0.07310286474509542,0.4384213297626364,0.17314872006993134
Emil Krafth,1545,2025-26,Newcastle United,52071.0,10.860382655252224,10.787965463066545,52071.000000000015,48433.394140354794,10.2394606540968,11.310828633787045,27985.02770562591,81700.58115041218,0.07241719218567866,-0.06985857501575195,0.41799694888621036,0.17324813585037077
Bruno Fernandes,1228,2025-26,Manchester United,347139.0,12.757483435774873,12.684851980595678,347139.00000000006,322819.5840685555,12.1400550689658,13.21190121445113,187221.8820943644,546833.3568618977,0.07263145517919511,-0.07005670907459131,0.4181835064903162,0.1736832133547501
Oliver Scarles,12358,2025-26,West Ham United,11571.0,9.356343666096025,9.280529508207723,11570.999999999995,10726.11050594281,8.73201606109173,9.844297099567168,6197.2114963759395,18849.544899001135,0.0758141578883027,-0.07301784582639226,0.43395928308510684,0.17470339002618882
Jacob Ramsey,8941,2025-26,Newcastle United,115713.0,11.658876908454458,11.584891239820065,115713.00000000003,107460.85644526866,11.01324949280134,12.09856481972966,60671.722437129254,179612.89886211843,0.07398566863439271,-0.07131561323906019,0.423438541971956,0.17472587235408701
Yves Bissouma,5609,2025-26,Tottenham Hotspur,101827.0,11.531040394395399,11.45652960207619,101826.99999999994,94515.4906108365,10.92726505669668,12.019224878379337,55672.806595287235,165913.002916043,0.07451079231920943,-0.07180324854079419,0.426030908541476,0.17489527361828835
Neco Williams,8204,2025-26,Nottingham Forest,86785.0,11.371200597317179,11.298595783609926,86785.00000000007,80707.2261179315,10.765699148385371,11.828305608718546,47366.85667287947,137077.03054877638,0.0726048137072528,-0.0700325388266241,0.4145786197702684,0.175129179955024
Jacob Ramsey,8941,2025-26,Newcastle United,115713.0,11.658876908454458,11.584813345540514,115713.00000000003,107452.48610738659,11.014280545711088,12.096654480917351,60734.311484905644,179270.10299226927,0.07406356291394367,-0.07138795029610706,0.42229095049208504,0.17538515288485168
James Garner,7438,2025-26,Everton,167784.0,12.030438676886035,11.95442333513871,167783.99999999994,155502.4715042974,11.396977526630188,12.50352694563646,89051.15841225507,269284.3684766343,0.0760153417473255,-0.0731984485749687,0.4317230771356063,0.1760743072889956
David Raya,9676,2025-26,Arsenal,185141.0,12.128878377198697,12.049976550589772,185141.00000000003,171094.3958823403,11.475168715308277,12.623231794926516,96293.71496240365,303527.8051693668,0.07890182660892542,-0.0758697647612346,0.4479197376685419,0.1761517074903101
David Raya,9676,2025-26,Arsenal,185141.0,12.128878377198697,12.050143453680953,185141.00000000003,171122.95461600402,11.483654421995597,12.618834799264333,97114.32045374588,302196.1201817645,0.0787349235177448,-0.075715510794454,0.44289351850054054,0.1777739348823835
Conor Gallagher,9040,2025-26,Tottenham Hotspur,138856.0,11.84119990558015,11.764890564956625,138855.99999999997,128654.1135849172,11.219246326739942,12.301529022011056,74550.56605453177,220031.1656200388,0.07630934062352424,-0.07347098011668761,0.4222553529987572,0.18071846829553118
Tijjani Reijnders,11965,2025-26,Manchester City,190927.0,12.159651672609437,12.082573386065016,190926.99999999997,176763.45914900815,11.545164099471053,12.636069514308415,103275.39290060189,307449.5420123223,0.0770782865444204,-0.07418301681266569,0.42561952902241895,0.1810966868025466
Benoit Badiashile Mukinayi,7240,2025-26,Chelsea,121499.0,11.70766954176274,11.630274311215722,121499.00000000004,112450.16429401527,11.07011738583911,12.15905468083167,64222.04526872175,190813.05157037647,0.07739523054701891,-0.07447662701738099,0.4248516620469587,0.18217000770133376
Bafode Diakite,7268,2025-26,Bournemouth,80999.0,11.302204433654575,11.225311051076073,80998.99999999994,75004.07456348879,10.674329043430566,11.7542359963898,43230.688846176876,127290.62544325605,0.07689338257850231,-0.07401233887469179,0.4213284510784731,0.18250223164772889
Kyle Walker-Peters,885,2025-26,West Ham United,75213.0,11.228092662823174,11.149335879253432,75213.00000000004,69516.64465462085,10.62162331556536,11.69861473055098,41011.136560975174,120403.8063067025,0.0787567835697427,-0.07573631347478753,0.4201909465044753,0.18743093877893413
Alexis Mac Allister,8379,2025-26,Liverpool,202498.0,12.218490227244933,12.138483362670504,202498.00000000012,186927.85383551312,11.579106714646699,12.668085461966433,106841.03504603324,317452.12923684274,0.08000686457442896,-0.07689037009988736,0.42486783477809453,0.1883100061368872
Ben Winterburn,13242,2025-26,Bournemouth,4629.0,8.440312147080279,8.360366763121961,4628.999999999997,4273.262120673506,7.820891463217281,8.899714963683294,2491.126056796522,7328.88395824158,0.07994538395831796,-0.07684983351187984,0.42090573932582165,0.18993654989444683
Dilane Bakwa,8920,2025-26,Nottingham Forest,69428.0,11.148059926647772,11.068067115473657,69428.0,64090.505554295756,10.532956900381466,11.603257206976053,37531.28970955742,109452.73274919162,0.07999281117411527,-0.07687812475808382,0.4175803935057499,0.19156266055152757
Conor Gallagher,9040,2025-26,Tottenham Hotspur,138856.0,11.84119990558015,11.760026374314236,138855.99999999997,128029.83013308095,11.217722045696009,12.30279179401306,74437.01507938447,220309.19158308028,0.08117353126591276,-0.07796688560032713,0.4233427288506308,0.1917442434556457
Max Weiss,13731,2025-26,Burnley,23143.0,10.04949084665597,9.964995312024772,23142.999999999993,21267.774964753517,9.432129504541154,10.546594178732695,12482.081225773412,38046.633951167554,0.08449553463119841,-0.08102774209248917,0.434811234127245,0.1943269354592418
Max Weiss,13731,2025-26,Burnley,23143.0,10.04949084665597,9.964995312024772,23142.999999999993,21267.774964753517,9.432129504541154,10.546594178732695,12482.081225773412,38046.633951167554,0.08449553463119841,-0.08102774209248917,0.434811234127245,0.1943269354592418
Benoit Badiashile Mukinayi,7240,2025-26,Chelsea,121499.0,11.70766954176274,11.623624401556354,121499.00000000004,111704.85507639516,11.055259603336113,12.155381870753732,63274.88699028129,190113.5132208771,0.08404514020638665,-0.08061090974909156,0.4292155075563261,0.19581105231934653
Emil Krafth,1545,2025-26,Newcastle United,52071.0,10.860382655252224,10.777709537278772,52071.000000000015,47939.19316457079,10.224067551699246,11.297594705507441,27557.534579275776,80626.47130775459,0.08267311797345123,-0.07934948119738866,0.41883935617345985,0.19738622160237645
Kieran Trippier,652,2025-26,Newcastle United,133070.0,11.798638099351365,11.712278304119275,133070.00000000006,122060.25698288972,11.148611288238813,12.267123683423456,69466.29103903846,212589.63273858523,0.08635979523208981,-0.08273647717073968,0.4363904627929629,0.19789569799343107
Cody Gakpo,11296,2025-26,Liverpool,190927.0,12.159651672609437,12.075228415107656,190926.99999999997,175469.88577522992,11.538526368858602,12.62470772104993,102592.14215174464,303976.1220220192,0.08442325750178092,-0.08095824176135408,0.4237764239363772,0.19921650364026772
Ryan Yates,11003,2025-26,Nottingham Forest,69428.0,11.148059926647772,11.063522588194653,69428.0,63799.90078974007,10.520817851245603,11.59996049438547,37078.43755872598,109092.48938603635,0.08453733845311895,-0.08106382454139434,0.421030253653727,0.200786850159813
Dennis Cirkin,8537,2025-26,Sunderland,32978.0,10.403626274246973,10.316125790682744,32977.99999999998,30214.967556809683,9.757466475511686,10.873197654814918,17281.789790071136,52742.59672206663,0.08750048356422901,-0.08378411192887068,0.4353053643257119,0.20100943093078416
Kyle Walker-Peters,885,2025-26,West Ham United,75213.0,11.228092662823174,11.14213657772727,75213.00000000004,69017.9634015998,10.612143868648484,11.68778525527225,40624.20105429062,119106.92040487724,0.08595608509590491,-0.08236656692859264,0.4196642294970017,0.2048210904201427
Tijjani Reijnders,11965,2025-26,Manchester City,190927.0,12.159651672609437,12.072251929924235,190926.99999999997,174948.37580197726,11.533678462662259,12.623217368681566,102095.98385837102,303523.4264200584,0.08739974268520179,-0.0836897044316556,0.42508638212293975,0.20560466380671963
Rodrigo Gomes,12756,2025-26,Wolverhampton,40500.0,10.609081944147828,10.52302034032566,40499.99999999998,37160.194616507215,9.975047733343647,11.04307968491465,21482.655878882317,62508.86635306225,0.08606160382216821,-0.08246433045661149,0.41669538900979397,0.2065336120629485
James Garner,7438,2025-26,Everton,167784.0,12.030438676886035,11.94026463271155,167783.99999999994,153316.2576229656,11.38008537097294,12.484823880928596,87559.50954255514,264294.7131776273,0.0901740441744856,-0.08622837920799561,0.4310165463523295,0.20921248833165182
Youri Tielemans,5956,2025-26,Aston Villa,179355.0,12.0971279365408,12.009289790419654,179354.99999999994,164272.79400474456,11.484232647240642,12.550696716663241,97170.4912218259,282290.8423315037,0.08783814612114682,-0.08409136068275425,0.41608367579204836,0.21110692687940696
Florian Wirtz,8397,2025-26,Liverpool,231426.0,12.352019768006743,12.261921462312975,231425.99999999983,211486.5609604184,11.701996560686041,12.78554010026995,120811.68420723043,357016.5075336949,0.09009830569376831,-0.0861590272466423,0.4227472746221017,0.21312569258857586
Pedro Porro,6912,2025-26,Tottenham Hotspur,129599.0,11.772208062900312,11.680055640643305,129599.00000000003,118189.81109785236,11.144358914476937,12.21845628326462,69171.51734147554,202491.12649458848,0.0921524222570067,-0.08803454426459822,0.41906182700155403,0.21990173363288698
Cody Gakpo,11296,2025-26,Liverpool,190927.0,12.159651672609437,12.065265960546721,190926.99999999997,173730.44399048015,11.529448715478326,12.614460794521486,101665.05143847835,300877.1951398058,0.0943857120627154,-0.09006874883866514,0.4233202290363858,0.22296527684861153
Pedro Porro,6912,2025-26,Tottenham Hotspur,129599.0,11.772208062900312,11.677386019342261,129599.00000000003,117874.70718216285,11.140622130937324,12.213523427951163,68913.51696328023,201494.72171325042,0.09482204355805024,-0.09046592039936402,0.4185951765494281,0.22652445338641775
Omari Hutchinson,10348,2025-26,Nottingham Forest,86785.0,11.371200597317179,11.274162315647882,86785.00000000007,78759.14042092119,10.746955401867329,11.811899893336712,46487.27465714,134846.51403199226,0.09703828166929718,-0.09247980156799995,0.4154908085792139,0.23355097072092437
Marc Guiu,11633,2025-26,Chelsea,34714.0,10.454927149187373,10.354584779958852,34713.99999999998,31399.678500493246,9.78797004478201,10.888181128361722,17817.099487106072,53538.829276598466,0.10034236922852102,-0.095475067681821,0.4292501594084163,0.23376198477552296
Lucas Digne,1823,2025-26,Aston Villa,156213.0,11.958982141052491,11.857175446044092,156213.00000000015,141092.1297547333,11.323186298459586,12.431059899341772,82716.48607129847,250460.35079046263,0.10180669500839912,-0.09679649097877153,0.43223971007069034,0.23553295228647367
Bernardo Silva,3635,2025-26,Manchester City,289283.0,12.57516418352398,12.472865075732992,289283.00000000006,261152.87598273443,11.925318571867725,13.032842285536107,151041.80793346796,457183.4895854512,0.10229910779098716,-0.09724084725775665,0.4321032006821356,0.23674693367115462
Lewis Miley,11386,2025-26,Newcastle United,41657.0,10.637248705981328,10.532985780019194,41656.999999999985,37532.373644139094,9.980572363076282,11.103834584982353,21601.673584577533,66424.38621960978,0.10426292596213393,-0.0990140037895406,0.4382436197987089,0.23791088164620236
Adam Armstrong,4419,2025-26,Wolverhampton,57857.0,10.96574701173844,10.865458042485466,57857.00000000003,52335.95737588577,10.33160122496721,11.403617009822124,30686.209710828876,89644.38590396293,0.10028896925297381,-0.09542566369003323,0.41824969172288007,0.2397825299998603
Nathan Patterson,10292,2025-26,Everton,46285.0,10.742594818539608,10.6400491762021,46285.00000000003,41773.82549526552,10.09172633284073,11.183572571059136,24141.434356623475,71937.91039130866,0.10254564233750862,-0.09746515079906033,0.42598659366330044,0.24072504595898303
Kyle Walker,638,2025-26,Burnley,115713.0,11.658876908454458,11.557171115711066,115713.00000000003,104522.90871100234,11.014766909746523,12.090395286895102,60763.85814072579,178151.51475840752,0.10170579274339175,-0.09670556712726908,0.41965915381708835,0.24235332845312127
Bernardo Silva,3635,2025-26,Manchester City,289283.0,12.57516418352398,12.470556273414395,289283.00000000006,260550.6188222503,11.923652142935511,13.029390574636913,150790.31543371288,455608.14128735045,0.10460791010958381,-0.09932274339573961,0.43140666837087993,0.2424809762552221
Andrew Robertson,1688,2025-26,Liverpool,202498.0,12.218490227244933,12.115305664580164,202498.00000000012,182645.09724165432,11.578632306870311,12.662675713098665,106790.36037494177,315739.424358933,0.10318456266476872,-0.09803999426337931,0.42294229886791523,0.24396841588311607
Djed Spence,10764,2025-26,Tottenham Hotspur,98356.0,11.496358995661653,11.391816753469058,98355.99999999999,88592.76427465098,10.819736284596258,11.913892393821934,49996.90005339775,149325.7883599735,0.10454224219259522,-0.0992642617161028,0.4268877957261424,0.24489395864495808
Youri Tielemans,5956,2025-26,Aston Villa,179355.0,12.0971279365408,11.993625329442203,179354.99999999994,161719.5831128331,11.464594918742907,12.532346022523578,95280.87843644015,277157.8322670313,0.10350260709859782,-0.09832687623521429,0.4165858155283331,0.24845446782034836
Julio Soler,13474,2025-26,Bournemouth,23143.0,10.04949084665597,9.944152781615108,23142.999999999993,20829.067642620503,9.41380897922144,10.489115230375539,12255.466806116137,35921.360307446404,0.10533806504086307,-0.09998411430581561,0.41953347553903464,0.25108381376604144
Djed Spence,10764,2025-26,Tottenham Hotspur,98356.0,11.496358995661653,11.389185982569824,98355.99999999999,88360.00068582708,10.815563252723184,11.904637283452361,49788.691954552436,147950.1282153733,0.10717301309182936,-0.10163080355212603,0.42490500984322793,0.2522281700829362
Joël Piroe,13835,2025-26,Leeds United,52071.0,10.860382655252224,10.751946559309527,52071.000000000015,46719.884969624014,10.222669987141513,11.315346679545112,27519.046649032836,82070.5477662701,0.10843609594269665,-0.10276574351128265,0.42631059748101846,0.25435937221223964
James Justin,7753,2025-26,Leeds United,75213.0,11.228092662823174,11.121979498041327,75213.00000000004,67640.67039237384,10.597228952140524,11.663900177020775,40022.77582510247,116295.72486529696,0.1061131647818474,-0.10067846791945809,0.41616449802202443,0.25497889725382494
Matz Sels,6903,2025-26,Nottingham Forest,109927.0,11.607580885011611,11.492639395335642,109927.00000000009,97990.8308334325,10.921443629052975,12.068638577327043,55349.6470959938,174317.36274344177,0.11494148967596907,-0.10858268820733379,0.4475810340111849,0.2568059880595761
Leandro Trossard,7698,2025-26,Arsenal,185141.0,12.128878377198697,12.018903632400201,185141.00000000003,165859.7122698852,11.466835877803817,12.56431154420366,95494.64065199201,286160.47952850565,0.109974744798496,-0.10414380245388553,0.42818292942134256,0.2568405633244621
Andrew Robertson,1688,2025-26,Liverpool,202498.0,12.218490227244933,12.109833922505263,202498.00000000012,181648.4341349584,11.57149467840724,12.654095652392597,106030.8371433741,313041.94118373597,0.1086563047396698,-0.10296183599364786,0.4223795302506174,0.2572480363222123
Callum Hudson-Odoi,6456,2025-26,Nottingham Forest,150427.0,11.92123984338312,11.804373500319052,150427.00000000012,133835.40840606412,11.201756112350976,12.347918598458815,73257.97993619287,230478.82223093786,0.11686634306406773,-0.11029663287798058,0.4471782162646166,0.261341762217935
Hee-Chan Hwang,8845,2025-26,Wolverhampton,75213.0,11.228092662823174,11.115492548430215,75213.00000000004,67203.30241067786,10.57563024952208,11.677095395473495,39167.582967144735,117840.45466564855,0.11260011439295958,-0.10649352624309864,0.4297394350401528,0.2620195058022515
Timothy Castagne,6157,2025-26,Fulham,104142.0,11.553520233676654,11.442845032067401,104142.00000000003,93230.88277803927,10.893444431437436,11.974918137457994,53821.368517280396,158722.36727088288,0.11067520160925248,-0.10477153523036577,0.42193972378001576,0.26230097658914564
José Sá,9740,2025-26,Wolverhampton,83313.0,11.330371881260112,11.218174733113504,83313.00000000007,74470.71986048376,10.685693172902157,11.769028064154428,43724.78150458027,129187.52675148881,0.11219714814660797,-0.10613325818919381,0.42266586994353356,0.2654511663352356
Kyle Walker,638,2025-26,Burnley,115713.0,11.658876908454458,11.547441818411441,115713.00000000003,103510.89559946963,11.01095222442573,12.081082873066334,60532.50088647283,176500.1856799468,0.11143509004301677,-0.10545145662570667,0.41751420102243575,0.26690131681779283
Timothy Castagne,6157,2025-26,Fulham,104142.0,11.553520233676654,11.440243622148737,104142.00000000003,92988.66362569554,10.88941153146396,11.973880001709565,53604.74539201428,158557.67636975492,0.11327661152791713,-0.1070973898552408,0.42310813867800917,0.2677249647852369
Leandro Trossard,7698,2025-26,Arsenal,185141.0,12.128878377198697,12.013701478158955,185141.00000000003,164999.1196706226,11.4666510171361,12.560663840874325,95476.98889570497,285118.54882924695,0.11517689903974215,-0.10879211157646022,0.42683189252788634,0.2698413615665265
Nathan Aké,579,2025-26,Manchester City,190927.0,12.159651672609437,12.044590379900848,190926.99999999997,170175.32423632793,11.497521862623598,12.587645380606409,98470.4426336585,292916.23702503747,0.11506129270858878,-0.10868905793141906,0.4253144699710548,0.2705322786605859
Wataru Endo,8808,2025-26,Liverpool,109927.0,11.607580885011611,11.491896248961817,109927.00000000009,97918.03561178685,10.966271080488482,12.051476089771594,57887.329516421705,171351.15259255646,0.11568463604979407,-0.10924490241899831,0.4233955012614066,0.2732306689729558
Callum Hudson-Odoi,6456,2025-26,Nottingham Forest,150427.0,11.92123984338312,11.798049062367253,150427.00000000012,132991.63934041635,11.19295921909256,12.341959666206447,72616.35480107891,229109.49250819444,0.12319078101586634,-0.11590579257436331,0.44828545398692526,0.27480432371883146
Nathan Aké,579,2025-26,Manchester City,190927.0,12.159651672609437,12.04273297638229,190926.99999999997,169859.53150097397,11.49575575153219,12.586125152072361,98296.6846097876,292471.2741914916,0.11691869622714712,-0.1103430551940061,0.4254104016777226,0.274837417623185
Nico González,9802,2025-26,Manchester City,173570.0,12.064342016562621,11.9499860551797,173569.99999999994,154813.98769399713,11.405367289043413,12.47048915099091,89801.42775364709,260533.13055308582,0.11435596138292148,-0.10806021954256392,0.41556001012348176,0.2751851925043055
Hee-Chan Hwang,8845,2025-26,Wolverhampton,75213.0,11.228092662823174,11.110352615518615,75213.00000000004,66858.76301812692,10.572133723816265,11.66796497497078,39030.868162639985,116769.4096183204,0.11774004730455978,-0.1110743751994086,0.42754135662069936,0.27538867405759504
Shumaira Mheuka,13476,2025-26,Chelsea,9836.0,9.193906065512758,9.06897090312837,9836.0,8680.684912225728,8.462503311869728,9.621403726389687,4732.893589377276,15083.209186535047,0.12493516238438751,-0.11745781697583081,0.4521479515118251,0.2763147814042901
Shumaira Mheuka,13476,2025-26,Chelsea,9836.0,9.193906065512758,9.06897090312837,9836.0,8680.684912225728,8.462503311869728,9.621403726389687,4732.893589377276,15083.209186535047,0.12493516238438751,-0.11745781697583081,0.4521479515118251,0.2763147814042901
Wataru Endo,8808,2025-26,Liverpool,109927.0,11.607580885011611,11.490310580094436,109927.00000000009,97762.89148160898,10.964126949079493,12.048041349579531,57763.34230083375,170763.6120691981,0.1172703049171755,-0.11065624021751795,0.4228919669540941,0.2773055864877789
Alisson,1257,2025-26,Liverpool,271926.0,12.513288926904204,12.395680773099441,271925.99999999994,241754.1637829063,11.849101386673542,12.93467376210667,139957.52205706423,414434.9682399433,0.1176081538047633,-0.11095605501898913,0.4235388301014893,0.2776797437358501
Cristian Romero,7218,2025-26,Tottenham Hotspur,231426.0,12.352019768006743,12.229843603755219,231425.99999999983,204810.14789665915,11.645676082772802,12.770776593202925,114195.51770324567,351784.39424172026,0.122176164251524,-0.11500804621494859,0.43896083275335446,0.27833044576023247
James Justin,7753,2025-26,Leeds United,75213.0,11.228092662823174,11.110192047943256,75213.00000000004,66848.02836993134,10.579679205977468,11.651635844860117,39326.49635358617,114878.13387447322,0.11790061487991821,-0.11121709850782038,0.4182266157709993,0.2819060538807862
Nico González,9802,2025-26,Manchester City,173570.0,12.064342016562621,11.946510457374034,173569.99999999994,154276.84704562466,11.399817676546569,12.470452625966884,89304.43940025504,260523.61471149206,0.11783155918858768,-0.1111548824933761,0.41771095525742846,0.28208874511316084
Omari Hutchinson,10348,2025-26,Nottingham Forest,86785.0,11.371200597317179,11.253622778572527,86785.00000000007,77157.94380664767,10.727431507095243,11.794120301301525,45588.445350316775,132470.16807569753,0.11757781874465145,-0.11092995556089638,0.41617135273937117,0.2825226147131876
Lucas Digne,1823,2025-26,Aston Villa,156213.0,11.958982141052491,11.836865644843243,156213.00000000015,138255.4599455808,11.3094623168986,12.410180365477798,81589.02712670126,245285.05146881132,0.12211649620924803,-0.11495547780542799,0.4294479530955476,0.2843569175938729
Lewis Miley,11386,2025-26,Newcastle United,41657.0,10.637248705981328,10.512723147694333,41656.999999999985,36779.50203336109,9.96173091492518,11.081752464683357,21198.458437336958,64973.64947210444,0.12452555828699552,-0.11708711541010872,0.43697926329763814,0.28496903342110735
Marc Guiu,11633,2025-26,Chelsea,34714.0,10.454927149187373,10.333844896275947,34713.99999999998,30755.139021244107,9.778179769202547,10.862400986031439,17643.50653082953,52176.20465351648,0.12108225291142638,-0.11404220138145628,0.4230116721270696,0.28623856240792844
Erling Haaland,8260,2025-26,Manchester City,520709.0,13.162948543883036,13.02617755329857,520708.9999999997,454146.6086196189,12.372625287211783,13.591049957492512,236244.14318835488,798946.0542168412,0.1367709905844663,-0.12783030710124238,0.4753714916627246,0.28771391003292457
Ryan Gravenberch,10697,2025-26,Liverpool,231426.0,12.352019768006743,12.228778226116287,231425.99999999983,204592.0628715683,11.657324610368631,12.75044504730022,115533.51672111251,344704.27215624537,0.12324154189045622,-0.11595039938654919,0.4264837255400057,0.28897126551408286
Hamed Junior Traore,6986,2025-26,Bournemouth,63642.0,11.06104462150408,10.938135328311029,63641.999999999956,56281.2972322974,10.406433248179344,11.492710242792405,33070.70123742724,97997.77355136469,0.12290929319305022,-0.11565794236043116,0.42381373907107095,0.2900078073505755
Reiss Nelson,6492,2025-26,Arsenal,104142.0,11.553520233676654,11.431036119789256,104142.00000000003,92136.39075186741,10.890149052886546,11.972254777131987,53644.29536029629,158300.1922034038,0.12248411388739733,-0.11528114735776744,0.42218630730187695,0.2901186319143629
Ryan Gravenberch,10697,2025-26,Liverpool,231426.0,12.352019768006743,12.227430085186526,231425.99999999983,204316.42842835013,11.654708215026668,12.748572372785379,115231.62785225816,344059.3554259816,0.12458968282021665,-0.1171414256464257,0.426773890116933,0.2919337047214392
Andrey Santos,11808,2025-26,Chelsea,57857.0,10.96574701173844,10.839562693793463,57857.00000000003,50998.07089490019,10.30503333116279,11.405519320363318,29881.65023197649,89815.08157314693,0.1261843179449773,-0.11854968465526787,0.4293574145372902,0.2938910885723578
Reece James,8067,2025-26,Chelsea,289283.0,12.57516418352398,12.451215458963693,289283.00000000006,255559.7575441918,11.912486311950747,12.993184744501974,149115.97021529145,439407.4829490462,0.12394872456028594,-0.1165752652447889,0.42163724885928244,0.29397005339452986
Erling Haaland,8260,2025-26,Manchester City,520709.0,13.162948543883036,13.022487791278046,520708.9999999997,452473.999683708,12.367801585942436,13.591564148205984,235107.31126440267,799356.9710084213,0.1404607526049908,-0.13104248306883834,0.4774540838295612,0.29418693307298566
Cristian Romero,7218,2025-26,Tottenham Hotspur,231426.0,12.352019768006743,12.221424263425686,231425.99999999983,203093.0118588773,11.632688098089279,12.766702248911708,112721.92529292207,350354.01533574675,0.1305955045810574,-0.12242785227728327,0.44243851227904835,0.2951720995271092
Jordan Pickford,741,2025-26,Everton,219855.0,12.300728065571555,12.144635040974082,219854.9999999998,188081.3242618867,11.408846862434757,12.763920591336143,90114.44616117701,349380.8018540576,0.15609302459747276,-0.1445210513207028,0.5286854702904242,0.29524742662537284
Adam Armstrong,4419,2025-26,Wolverhampton,57857.0,10.96574701173844,10.841795024365265,57857.00000000003,51112.04484643005,10.300169780526344,11.36881390675241,29736.667301121826,86578.11565530885,0.12395198737317514,-0.11657975964135672,0.4169342305122957,0.29729386148235604
Tyrique George,12573,2025-26,Chelsea,11456.0,9.346356175893625,9.21648569198749,11455.99999999999,10060.642412294512,8.654027247616416,9.767413295302829,5732.189276445588,17454.556400323047,0.1298704839061351,-0.12180146540725212,0.4343904052461524,0.2989718058633051
Ben Doak,11231,2025-26,Bournemouth,46285.0,10.742594818539608,10.617124775350524,46285.00000000003,40827.0561723089,10.059187230730062,11.131393982807918,23368.50463596768,68280.48892305425,0.12547004318908428,-0.11792035924578434,0.41832419807180976,0.2999349398562548
John Stones,586,2025-26,Manchester City,231426.0,12.352019768006743,12.224563677361898,231425.99999999983,203731.6099173931,11.678242389047304,12.767396030648419,117975.69560229406,350597.1695849872,0.12745609064484498,-0.11966844729030769,0.4249360702278939,0.29994180201386544
Milos Kerkez,11709,2025-26,Liverpool,161998.0,11.995345441355964,11.86230549678065,161998.00000000012,141817.8044514712,11.287140256224474,12.423343459005117,79787.94629400579,248535.11824439449,0.1330399445753141,-0.12457064623346527,0.44329257648185555,0.300117691189804
João Palhinha,10715,2025-26,FC Bayern,230136.0,12.346430062748905,12.214187217002094,230136.00000000012,201628.5167680666,11.640727965253893,12.764312624497197,113631.85559662397,349517.79795800644,0.132242845746811,-0.12387233302018594,0.438369419547932,0.3016698698626977
Reiss Nelson,6492,2025-26,Arsenal,104142.0,11.553520233676654,11.426020644477022,104142.00000000003,91675.4348659288,10.885705112998279,11.968331690229673,53406.42781841803,157680.37945423034,0.12749958919963156,-0.11970737199277172,0.42238951942233804,0.30185310794169473
José Sá,9740,2025-26,Wolverhampton,83313.0,11.330371881260112,11.202969525609518,83313.00000000007,73346.92730780109,10.67430655548792,11.755495679702204,43229.71666536883,127451.07361536144,0.12740235565059344,-0.11962206008904944,0.4218286934627145,0.3020239201955913
Alisson,1257,2025-26,Liverpool,271926.0,12.513288926904204,12.38344827768712,271925.99999999994,238814.908714036,11.82370014624746,12.923306070005111,136447.17432635618,409750.46420287073,0.12984064921708338,-0.12176508052177415,0.4290140547608958,0.3026489406960059
Sebastiaan Bornauw,7791,2025-26,Leeds United,57857.0,10.96574701173844,10.836707574578185,57857.00000000003,50852.670134651096,10.271405811248595,11.360036483302006,28893.47881104312,85821.49952300078,0.12903943716025523,-0.1210627904203282,0.42473203232546936,0.30381376335979565
John Stones,586,2025-26,Manchester City,231426.0,12.352019768006743,12.221900145316406,231425.99999999983,203189.68362158086,11.6717855307956,12.76927560148781,117216.39080153378,351256.763363315,0.13011962269033717,-0.12201013014276264,0.42818854929273537,0.3038839382913521
Nathan Patterson,10292,2025-26,Everton,46285.0,10.742594818539608,10.613914360435375,46285.00000000003,40696.19134940584,10.069672708801724,11.154767459248141,23614.834249360076,69895.26261865202,0.1286804581042329,-0.12074772929878333,0.42335248349514953,0.30395583614358845
Raúl Jiménez,4105,2025-26,Fulham,104142.0,11.553520233676654,11.426016871268509,104142.00000000003,91675.08895227687,10.880021544840377,11.952554841800074,53103.74403901679,155212.18558676395,0.1275033624081452,-0.11971069355037502,0.4184516003900346,0.30470277157334463
João Palhinha,10715,2025-26,FC Bayern,230136.0,12.346430062748905,12.212735489688303,230136.00000000012,201336.01805686246,11.642567939168126,12.759800132387943,113841.12955699411,347944.15034669265,0.13369457306060184,-0.12514331500998382,0.43589098873232285,0.30671561586858725
Mads Hermansen,12910,2025-26,West Ham United,69428.0,11.148059926647772,11.017217340389273,69428.0,60912.940794869566,10.469602523473306,11.55428280167157,35227.21219818647,104221.44640648819,0.13084258625849898,-0.12264589510183836,0.4231907760907748,0.309181091958472
Matz Sels,6903,2025-26,Nottingham Forest,109927.0,11.607580885011611,11.469416526621961,109927.00000000009,95741.39962636023,10.911814603985668,12.053146825667348,54819.23211543723,171637.67607058826,0.13816435838965013,-0.12904564277784206,0.44529367628328176,0.3102769380038407
Dane Scarlett,9332,2025-26,Tottenham Hotspur,11571.0,9.356343666096025,9.213141646700581,11570.999999999995,10027.052019606725,8.622632355945736,9.801063343803705,5554.992510914312,18051.9311977479,0.14320201939544397,-0.13343254518998104,0.4597678544957155,0.31146592349852603
Tyrone Mings,1024,2025-26,Aston Villa,121499.0,11.70766954176274,11.562071396714261,121499.00000000004,105036.36224107593,10.95813701299508,12.155288432652787,57418.37178959234,190095.7501116881,0.14559814504847957,-0.13549607617284185,0.46707167869287486,0.3117254838827817
Virgil van Dijk,833,2025-26,Liverpool,404996.0,12.911634938653833,12.771368226192182,404995.9999999997,351992.5836658856,12.167401701751213,13.318473329584055,192412.44625484647,608329.3362365565,0.140266712461651,-0.1308739255057189,0.4490935304252045,0.31233296175263453
Tyrique George,12573,2025-26,Chelsea,11456.0,9.346356175893625,9.20992056167433,11455.99999999999,9994.802778061625,8.63460118899176,9.748481393761736,5621.890806333857,17127.198060639832,0.13643561421929462,-0.12754864018316753,0.4345832018922302,0.3139458994853844
Virgil van Dijk,833,2025-26,Liverpool,404996.0,12.911634938653833,12.769657496287671,404995.9999999997,351390.9324941706,12.166488466570428,13.318532845769841,192236.8077383134,608365.5428152952,0.14197744236616217,-0.13235949862672503,0.44947305185104497,0.31587531617627074
Mads Hermansen,12910,2025-26,West Ham United,69428.0,11.148059926647772,11.01535754435162,69428.0,60799.758569691665,10.475085922746324,11.551589806961598,35420.913135789575,103941.1534927176,0.13270238229615217,-0.1242761051781462,0.4200007351313933,0.31595750006160694
Rodrigo Bentancur,6108,2025-26,Tottenham Hotspur,127284.0,11.75418394570961,11.614663467104627,127284.00000000004,110708.33776256158,11.033142215103114,12.162658928596496,61890.75277250061,191502.03357431293,0.1395204786049824,-0.13022581186510837,0.44068382563824365,0.31659995327242724
Florian Wirtz,8397,2025-26,Liverpool,231426.0,12.352019768006743,12.216997736352912,231425.99999999983,202195.99751089886,11.656568255173314,12.735625549902196,115446.16462792107,339633.5786378891,0.13502203165383087,-0.12630388326765787,0.42099695475357257,0.3207197347374282
Rodrigo Bentancur,6108,2025-26,Tottenham Hotspur,127284.0,11.75418394570961,11.61302676870984,127284.00000000004,110527.28816936299,11.035403089167202,12.161588625823649,62030.84053184367,191297.17699530805,0.14115717699976926,-0.13164821839851865,0.43938415850198853,0.3212614161626185
Jordan Pickford,741,2025-26,Everton,219855.0,12.300728065571555,12.130163892799656,219854.9999999998,185379.15597320514,11.396745724690584,12.745464134632957,89030.51834150583,342991.5941902656,0.17056417277189873,-0.15681173512903818,0.526205926394746,0.3241395891158131
Tyrell Malacia,10803,2025-26,Manchester United,57857.0,10.96574701173844,10.829808026068678,57857.00000000003,50503.01040489657,10.297158670391894,11.371253200567129,29647.258587033186,86789.56534572516,0.13593898566976215,-0.127106306844521,0.41906071950966955,0.32438971094408536
Julio Soler,13474,2025-26,Bournemouth,23143.0,10.04949084665597,9.912555537539916,23142.999999999993,20181.184474725742,9.383869533001876,10.464075611352145,11893.953731689997,35033.04602912015,0.13693530911605478,-0.12797889319769484,0.4214451556124494,0.3249184556815196
Joël Piroe,13835,2025-26,Leeds United,52071.0,10.860382655252224,10.72149917101407,52071.000000000015,45318.79406059273,10.189418721853986,11.281989681130309,26619.01676807328,79378.04385724687,0.13888348423815344,-0.12967306061737405,0.4262693454318297,0.3258115689681094
Filip Jorgensen,9272,2025-26,Chelsea,80999.0,11.302204433654575,11.159997075523783,80998.99999999994,70261.75071204503,10.591496484260666,11.702618959873645,39793.997175379525,120886.90132884278,0.14220735813079166,-0.1325602697311685,0.4335072668303922,0.3280391564610834
Filip Jorgensen,9272,2025-26,Chelsea,80999.0,11.302204433654575,11.159997075523783,80998.99999999994,70261.75071204503,10.591496484260666,11.702618959873645,39793.997175379525,120886.90132884278,0.14220735813079166,-0.1325602697311685,0.4335072668303922,0.3280391564610834
Tyrone Mings,1024,2025-26,Aston Villa,121499.0,11.70766954176274,11.553442834025375,121499.00000000004,104133.93968005394,10.94952862615358,12.146925487725134,56926.205045197996,188512.61054100192,0.15422670773736513,-0.14292348348501713,0.4671674384813526,0.3301315439250615
Eddie Nketiah,6482,2025-26,Crystal Palace,115713.0,11.658876908454458,11.519828743404211,115713.00000000003,100691.71609848886,10.9977642608516,12.076823834194354,59739.42828246395,175750.0588128329,0.1390481650502462,-0.129815006969927,0.42099784376058436,0.3302823686890923
Raúl Jiménez,4105,2025-26,Fulham,104142.0,11.553520233676654,11.413579739204224,104142.00000000003,90541.96235558159,10.865327192807275,11.947945792449284,52329.10954988331,154498.4464474757,0.1399404944724303,-0.13059128540280035,0.4223864069454992,0.33130918081482413
Hamed Junior Traore,6986,2025-26,Bournemouth,63642.0,11.06104462150408,10.920919751751416,63641.999999999956,55320.65774244878,10.390559185776834,11.472112461126233,32549.863827922993,95999.86310880091,0.14012486975266292,-0.13075236883742158,0.42197076795653693,0.3320724571307172
Joe Willock,6630,2025-26,Newcastle United,92570.0,11.435731196638752,11.29054390102772,92570.0,80059.98222062644,10.738160697331946,11.856176860994044,46080.21661847741,140951.30658835208,0.1451872956110325,-0.13514116646185118,0.4361968567992267,0.33284810137423687
Harvey Barnes,6681,2025-26,Newcastle United,138856.0,11.84119990558015,11.697018599959648,138855.99999999997,120211.77780406481,11.118465109940274,12.22418220075106,67403.3685404553,203653.90551399303,0.14418130562050102,-0.1342701949929075,0.43139834216799383,0.33421849721516633
Reece James,8067,2025-26,Chelsea,289283.0,12.57516418352398,12.433874555905485,289283.00000000006,251166.30652082086,11.895084467730094,12.975304469663088,146543.50764209218,431620.5621079608,0.1412896276184945,-0.1317626458491484,0.42145058793375006,0.33524600905457635
Eddie Nketiah,6482,2025-26,Crystal Palace,115713.0,11.658876908454458,11.516520156624164,115713.00000000003,100359.1160306594,10.996690376299167,12.077560888750405,59675.3083942165,175879.64468152274,0.1423567518302935,-0.13268936048102314,0.42170438627101475,0.3375747477732085
Joe Willock,6630,2025-26,Newcastle United,92570.0,11.435731196638752,11.288480885081038,92570.0,79894.98539166227,10.741001609532471,11.853570365678305,46211.31544093352,140584.3934479063,0.1472503115577144,-0.1369235671204249,0.4340715368677904,0.3392305162882954
Joe Worrall,10756,2025-26,Burnley,34714.0,10.454927149187373,10.311022458819732,34713.99999999998,30061.158250589186,9.79590396636584,10.878683867591297,17959.029176216998,53032.75452221399,0.1439046903676413,-0.13403358153513842,0.42244933916954364,0.3406436630970497
Nick Pope,5552,2025-26,Newcastle United,138856.0,11.84119990558015,11.68833444615792,138855.99999999997,119172.3513545709,11.088131690111066,12.23410169229089,65389.46227988417,205684.11128372652,0.1528654594222285,-0.14175583802953473,0.4471031181693358,0.3419020203843272
Milos Kerkez,11709,2025-26,Liverpool,161998.0,11.995345441355964,11.83783895933075,161998.00000000012,138390.092470302,11.244503146843597,12.413849515568822,76457.48148837472,246186.69592976876,0.1575064820252141,-0.14572962338854853,0.45622346717850476,0.3452397637484684
Pedro Lima,13156,2025-26,Wolverhampton,9720.0,9.18204377282107,9.033198069850558,9720.000000000005,8375.605751609246,8.488510556883229,9.59274531074034,4857.624037163052,14657.055264495308,0.1488457029705117,-0.13831216547230027,0.4308200046260824,0.3454939449705869
Stefan Ortega Moreno,8786,2025-26,Nottingham Forest,69428.0,11.148059926647772,11.000913274814069,69428.0,59927.84823808264,10.453201879634934,11.544648525214654,34654.15890334143,103222.15997507078,0.1471466518337028,-0.1368345878020015,0.4258306915764975,0.34555201103269684
Noussair Mazraoui,10696,2025-26,Manchester United,138856.0,11.84119990558015,11.694016422427516,138855.99999999997,119851.41890482335,11.161208628734812,12.243315750003314,70346.92936210021,207588.0638638942,0.14718348315263263,-0.13686539361047864,0.42218685235398606,0.3486216643933417
Donyell Malen,9749,2025-26,Aston Villa,150427.0,11.92123984338312,11.764658388845705,150427.00000000012,128624.2464083517,11.194153694603255,12.343955249440626,72703.14627786777,229567.15806879578,0.1565814545374149,-0.14493909731396892,0.44859800820778384,0.3490462544918138
Rodrigo Muniz,10717,2025-26,Fulham,80999.0,11.302204433654575,11.154887328891531,80998.99999999994,69903.64156090679,10.629134053497602,11.701557767374782,41320.327643838245,120758.68403839518,0.14731710476304372,-0.13698142494466795,0.41840884627099223,0.35208888644679937
Kiernan Dewsbury-Hall,9739,2025-26,Everton,115713.0,11.658876908454458,11.509328643210816,115713.00000000003,99639.96390555178,10.9748333774016,12.060198033673515,58385.11463235648,172852.21302162152,0.1495482652436415,-0.13890432444451573,0.4234577879411319,0.3531597942046383
Rodrigo Muniz,10717,2025-26,Fulham,80999.0,11.302204433654575,11.153908800754706,80998.99999999994,69835.2713587835,10.62947214010331,11.705082968713624,41334.3001930775,121185.13746370889,0.14829563289986858,-0.1378255119349183,0.4196523072101416,0.3533773801596408
Noussair Mazraoui,10696,2025-26,Manchester United,138856.0,11.84119990558015,11.69125836748987,138855.99999999997,119521.3147809831,11.16420786503292,12.25094672819652,70558.23614642912,209178.23103235997,0.14994153809028,-0.13924270624976146,0.42399393826366566,0.3536407588851826
Callum Marshall,12359,2025-26,West Ham United,11571.0,9.356343666096025,9.191788594919222,11570.999999999995,9815.19247920262,8.59347986538469,9.782777678762498,5395.359644900493,17724.82117151567,0.16455507117680312,-0.1517420724913469,0.4640075741788489,0.3546387609469848
Wilson Odobert,10822,2025-26,Tottenham Hotspur,86785.0,11.371200597317179,11.215636257967544,86785.00000000007,74281.91499016239,10.65453217236948,11.776698415217318,42383.252645742745,130182.2581976516,0.15556433934963465,-0.1440696550076358,0.4378160207747797,0.35531897410775587
Harvey Barnes,6681,2025-26,Newcastle United,138856.0,11.84119990558015,11.68591946152381,138855.99999999997,118884.89678114952,11.1060708396902,12.214094776285226,66573.09651734271,201609.87885245922,0.15528044405633956,-0.14382600117280098,0.43229836393235727,0.3591973900707074
Nilson Angulo,14424,2025-26,Sunderland,40500.0,10.609081944147828,10.457703954486215,40499.99999999998,34810.5307574825,9.914242308505722,10.992419786707394,20215.255924812307,59420.998785204145,0.1513779896616132,-0.14048072203746872,0.4206536920922602,0.3598636895558546
Sebastiaan Bornauw,7791,2025-26,Leeds United,57857.0,10.96574701173844,10.809241130248312,57857.00000000003,49474.90835833266,10.234113303033892,11.345040550422377,27835.775996913108,84544.11282113763,0.15650588149012812,-0.1448760157226847,0.4334310980408431,0.3610859539095191
Sam Johnstone,978,2025-26,Wolverhampton,92570.0,11.435731196638752,11.269421530635451,92570.0,78386.63919940563,10.675711003120304,11.854637522469952,43290.474598716624,140734.50018479707,0.16630966600330055,-0.1532176817607688,0.45996118737062475,0.36157326002659557
Giorgi Mamardashvili,9693,2025-26,Liverpool,144641.0,11.882017002964034,11.727189403256547,144641.0,123893.96178814948,11.19830481845469,12.288276472780142,73005.577473969,217134.41557033776,0.15482759970748639,-0.14343815523849063,0.42525521997793797,0.3640815972006617
Kiernan Dewsbury-Hall,9739,2025-26,Everton,115713.0,11.658876908454458,11.503601242670213,115713.00000000003,99070.9113465372,10.968230891336928,12.052587452472064,58000.89093570934,171541.69284364535,0.15527566578424512,-0.14382211725098146,0.42306447705323097,0.3670260071603884
Donyell Malen,9749,2025-26,Aston Villa,150427.0,11.92123984338312,11.756979788756471,150427.00000000012,127640.36682293634,11.191078245532129,12.331318041425048,72479.8918584977,226684.3114333797,0.1642600546266486,-0.15147967570358883,0.4448674635764968,0.36923368885214825
Emile Smith-Rowe,7230,2025-26,Fulham,127284.0,11.75418394570961,11.592506022723562,127284.00000000004,108282.27865925073,11.032609051431743,12.145568628790212,61857.76313358484,188256.99761874025,0.16167792298604766,-0.14928601663012872,0.43422401676035605,0.37233758784760196
Joe Worrall,10756,2025-26,Burnley,34714.0,10.454927149187373,10.297332590605192,34713.99999999998,29652.415466920374,9.784028246267896,10.866503444779818,17747.002374134074,52390.69915981373,0.15759455858218097,-0.14580816192543664,0.42233045862897356,0.37315461237104663
Mateo Kovacic,2254,2025-26,Manchester City,190927.0,12.159651672609437,12.002342780908803,190926.99999999997,163135.5372359577,11.43604593934859,12.514767015271385,92599.14063305275,272328.22932743654,0.15730889170063378,-0.14556067378653773,0.42086577812913856,0.37377449028978804
Ki-Jana Hoever,8351,2025-26,Wolverhampton,31243.0,10.349582636730188,10.191497058999834,31243.000000000015,26674.399669981143,9.666212709821576,10.743273023683598,15774.489386142779,46316.40205060721,0.15808557773035403,-0.14622796562490378,0.4202178275767711,0.3761991218744112
Tyrell Malacia,10803,2025-26,Manchester United,57857.0,10.96574701173844,10.807146502106256,57857.00000000003,49371.38318954862,10.267639307878916,11.347588859233966,28784.852358605276,84759.83462326186,0.15860050963218342,-0.14666534404568857,0.4213450709512113,0.3764147739384572
Idrissa Gueye,668,2025-26,Everton,161998.0,11.995345441355964,11.801927273154773,161998.00000000012,133508.41426229195,11.08816600344043,12.396334872246808,65391.706082849574,241912.34735763905,0.19341816820119107,-0.17586381151438998,0.5103854195335251,0.3789649170972962
Morgan Gibbs-White,6857,2025-26,Nottingham Forest,173570.0,12.064342016562621,11.900377688759237,173569.99999999994,147321.25669454288,11.363927570835541,12.471364903699088,86156.0929249382,260761.39396005042,0.16396432780338444,-0.15122857236536882,0.4320694989908889,0.37948600441902974
Stefan Ortega Moreno,8786,2025-26,Nottingham Forest,69428.0,11.148059926647772,10.98790252275253,69428.0,59153.179293054476,10.442945155252188,11.522492451208544,34300.5271419623,100960.28961408294,0.16015740389524247,-0.14799246279520545,0.4211881299818018,0.3802514660186705
Ola Aina,725,2025-26,Nottingham Forest,92570.0,11.435731196638752,11.271775885712644,92570.0,78571.40895720458,10.719689125471895,11.819101634560175,45236.837364433304,135821.15628082116,0.1639553109261076,-0.15122168135244055,0.4289385935345012,0.38223492452637053
Aaron Wan-Bissaka,5584,2025-26,West Ham United,138856.0,11.84119990558015,11.662200712292787,138855.99999999997,116098.250531269,11.027973758997918,12.226152768503264,61571.6931979765,204055.61697320902,0.17899919328736225,-0.1638946064176627,0.4674725954919221,0.38290842075780107
Amine Adli,8211,2025-26,Bournemouth,92570.0,11.435731196638752,11.2749412499028,92570.0,78820.5132918299,10.744175897796778,11.815720575174227,46358.239718139834,135362.70896004734,0.16078994673595126,-0.14853069793853402,0.41806588793938965,0.38460432045405785
Aaron Wan-Bissaka,5584,2025-26,West Ham United,138856.0,11.84119990558015,11.662642450607832,138855.99999999997,116149.54734762714,11.032681555176222,12.221350327172694,61862.24828813411,203077.99640373542,0.17855745497231723,-0.16352518186014886,0.46376215208008736,0.38501946347161603
Alex Murphy,12199,2025-26,Newcastle United,5786.0,8.663369301573839,8.485987569666772,5786.000000000002,4845.381241530412,7.879065274405315,9.056546843591954,2640.402418983635,8573.490416250288,0.17738173190706696,-0.16256805365876073,0.45939743638041414,0.38611824503126335
Tosin Adarabioyo,5590,2025-26,Chelsea,86785.0,11.371200597317179,11.208490454041026,86785.00000000007,73752.99587137016,10.68072834328079,11.759347919440243,43508.22846864007,127942.99645205362,0.1627101432761524,-0.15016424645537707,0.4208261777376819,0.3866445384906076
Joachim Andersen,6314,2025-26,Fulham,161998.0,11.995345441355964,11.806518653002223,161998.00000000012,134122.81609313478,11.147694871010627,12.393151027556149,69402.65917785506,241143.35765254524,0.18882678835374023,-0.17207116079745005,0.485917894949679,0.3885981362618779
Emile Smith-Rowe,7230,2025-26,Fulham,127284.0,11.75418394570961,11.5858483618772,127284.00000000004,107563.75979605089,11.030265739918264,12.138193640262022,61712.97848574278,186873.70420232497,0.16833558383240899,-0.1549310219976521,0.43226089514406724,0.38943051690184655
Wilson Odobert,10822,2025-26,Tottenham Hotspur,86785.0,11.371200597317179,11.199083679537614,86785.00000000007,73062.46160550351,10.630316849062417,11.762146243618858,41369.23124268622,128301.52663871969,0.17211691777956517,-0.15812108537761763,0.441586124051516,0.38976976042726785
Nilson Angulo,14424,2025-26,Sunderland,40500.0,10.609081944147828,10.446752592247288,40499.99999999998,34431.3769885916,9.909092844129777,10.974280984073648,20111.420612682723,58352.87143847098,0.16232935190054043,-0.14984254349156503,0.4155858686527528,0.3906036372862727
Mateo Kovacic,2254,2025-26,Manchester City,190927.0,12.159651672609437,11.995752086668256,190926.99999999997,162063.88952987245,11.430106569046043,12.502202410796006,92050.7841658132,268927.9267359259,0.1638995859411807,-0.1511735399923925,0.4182809261246003,0.3918409272440914
Idrissa Gueye,668,2025-26,Everton,161998.0,11.995345441355964,11.792175450507276,161998.00000000012,132212.7817893412,11.06841370788857,12.394110724643165,64112.723033963855,241374.89427487485,0.20316999084868748,-0.1838616415675433,0.5172240711461098,0.39280845997458286
Max Kilman,7332,2025-26,West Ham United,92570.0,11.435731196638752,11.265441001488947,92570.0,78075.23510455764,10.703853329038697,11.814959282621794,44526.102559361134,135259.69679271948,0.17029019514980526,-0.15658166679747612,0.43350082071830875,0.39282554267748615
Max Kilman,7332,2025-26,West Ham United,92570.0,11.435731196638752,11.265441001488947,92570.0,78075.23510455764,10.703853329038697,11.814959282621794,44526.102559361134,135259.69679271948,0.17029019514980526,-0.15658166679747612,0.43350082071830875,0.39282554267748615
Amine Adli,8211,2025-26,Bournemouth,92570.0,11.435731196638752,11.271733719985177,92570.0,78568.09596426986,10.74172307772922,11.811084408914915,46244.66818684831,134736.59281059465,0.16399747665357545,-0.15125747040866525,0.4172140498559146,0.3930775502651749
Nick Pope,5552,2025-26,Newcastle United,138856.0,11.84119990558015,11.660455343827875,138855.99999999997,115895.79129497123,11.051664170247227,12.210950911352203,63047.791270841255,200977.03678655354,0.18074456175227382,-0.1653526581856653,0.45229867781396604,0.399613287896047
Morgan Gibbs-White,6857,2025-26,Nottingham Forest,173570.0,12.064342016562621,11.892174987033178,173569.99999999994,146117.75888010382,11.355229424398434,12.458471837260593,85409.93571081395,257420.94766181865,0.17216702952944374,-0.15816236169785175,0.43043284025678225,0.39998581294757735
Ola Aina,725,2025-26,Nottingham Forest,92570.0,11.435731196638752,11.264616712766712,92570.0,78010.90426172296,10.70899098009966,11.802889933532049,44755.45593939456,133637.0003678398,0.17111448387204042,-0.15727660946610178,0.42678746573773496,0.40093605742674726
Harrison Armstrong,12757,2025-26,Everton,13307.0,9.496120637138368,9.318528796735896,13307.000000000011,11141.576793429573,8.749886917391937,9.883078166964747,6308.974519367084,19594.949524811305,0.17759184040247256,-0.16272812854666238,0.4421174552584021,0.40168475207267346
Sam Johnstone,978,2025-26,Wolverhampton,92570.0,11.435731196638752,11.251848395775705,92570.0,77021.15569725922,10.66614374381527,11.834138562407269,42878.26881950081,137878.93682015373,0.18388280086304754,-0.16796850278427977,0.4556961564480504,0.4035206315899886
Ben Doak,11231,2025-26,Bournemouth,46285.0,10.742594818539608,10.573241193413898,46285.00000000003,39074.118714884244,10.019446248256637,11.093934862397946,22457.98977111623,65770.0376024493,0.1693536251257104,-0.1557930492625209,0.4192144723738087,0.40397847948030696
Mathys Tel,9780,2025-26,Tottenham Hotspur,104142.0,11.553520233676654,11.383042215344098,104142.00000000003,87818.79548751528,10.8491338760079,11.929220936526235,51488.53571510074,151632.3836204516,0.17047801833255605,-0.15673987932327732,0.4213987205018673,0.40455276686536745
Giorgi Mamardashvili,9693,2025-26,Liverpool,144641.0,11.882017002964034,11.70756914932691,144641.0,121486.80293130352,11.179864584977828,12.256242275828651,71671.65585200081,210288.8877863211,0.17444785363712434,-0.16008045484127237,0.41995150046850405,0.41540000081558887
Harrison Armstrong,12757,2025-26,Everton,13307.0,9.496120637138368,9.309073817589832,13307.000000000011,11036.72045063068,8.737554315884568,9.887951385105088,6231.6340032248845,19690.67792475193,0.1870468195485362,-0.17060791683845558,0.44883034966272123,0.41674280647263423
Joachim Andersen,6314,2025-26,Fulham,161998.0,11.995345441355964,11.796866288437524,161998.00000000012,132834.4321023971,11.160627374372035,12.374123985499446,70306.05120270135,236598.4688272135,0.19847915291843954,-0.1800242465808404,0.4734487968192466,0.419219890834816
Myles Lewis-Skelly,12272,2025-26,Arsenal,80999.0,11.302204433654575,11.124892099402636,80998.99999999994,67837.97080288305,10.604692624535819,11.686330040657065,40322.617744888565,118933.71887158618,0.1773123342519387,-0.16248384791314585,0.4220035956932022,0.4201678280979512
Tosin Adarabioyo,5590,2025-26,Chelsea,86785.0,11.371200597317179,11.194330310220943,86785.00000000007,72715.98809957087,10.67242882535727,11.745845551673334,43148.6172113897,126227.06022920714,0.17687028709623576,-0.16211340554737794,0.41879627260585356,0.42233013678871895
Mathys Tel,9780,2025-26,Tottenham Hotspur,104142.0,11.553520233676654,11.37519035872581,104142.00000000003,87131.94709143678,10.838003682581792,11.915242917808722,50918.62471642304,149527.5940105366,0.17832987495084396,-0.16333518569417949,0.42028763420347626,0.42430435834452385
Harry Maguire,1687,2025-26,Manchester United,231426.0,12.352019768006743,12.148484878062426,231425.99999999983,188806.80616701953,11.49314219174523,12.720636917995213,98040.11316259536,334580.8820545775,0.2035348899443168,-0.18415905660116116,0.47891019712456906,0.42499594113126693
Melker Ellborg,14425,2025-26,Sunderland,17357.0,9.76180877420419,9.584045799848221,17357.00000000001,14530.09041982879,9.051709447203748,10.121177702157704,8532.112368976781,24863.036027721664,0.17776297435596966,-0.16286855909265538,0.41725576643671936,0.4260288021278408
Melker Ellborg,14425,2025-26,Sunderland,17357.0,9.76180877420419,9.574597618429369,17357.00000000001,14393.44458515492,9.028673629302096,10.14286632542714,8337.791904645308,25408.19322276755,0.18721115577482195,-0.1707412234167822,0.4347051211911525,0.43066241147984946
Callum Olusesi,13224,2025-26,Tottenham Hotspur,9257.0,9.133243321591216,8.911726905265423,9257.000000000002,7417.461022372931,8.201937804436996,9.518943982745437,3647.0125974513912,13614.225706406449,0.22151641632579278,-0.19871869694577834,0.5138333183677738,0.4311055908742053
Callum Olusesi,13224,2025-26,Tottenham Hotspur,9257.0,9.133243321591216,8.911726905265423,9257.000000000002,7417.461022372931,8.201937804436996,9.518943982745437,3647.0125974513912,13614.225706406449,0.22151641632579278,-0.19871869694577834,0.5138333183677738,0.4311055908742053
Matheus Cunha,7080,2025-26,Manchester United,231426.0,12.352019768006743,12.153943253426844,231425.99999999983,189840.2078261393,11.551779060241516,12.720642012925229,103960.8267477432,334582.5867301937,0.19807651457989905,-0.17969369117497846,0.45603486117736813,0.43434511578460244
Joshua Zirkzee,8044,2025-26,Manchester United,121499.0,11.70766954176274,11.517813562451806,121499.00000000004,100489.0063719507,10.947545028652351,12.040625976976953,56813.3963040756,169502.01224081116,0.18985597931093423,-0.17292318149161173,0.4264683189593077,0.4451819065346556
Tawanda Chirewa,12234,2025-26,Wolverhampton,5786.0,8.663369301573839,8.456225597960437,5786.000000000002,4703.2686454996865,7.857054031972824,9.041431586360845,2582.8970737596774,8444.859382592897,0.2071437036134025,-0.187129511666145,0.4620879225890606,0.448277683720415
Anthony Elanga,9524,2025-26,Newcastle United,104142.0,11.553520233676654,11.36339469931301,104142.00000000003,86110.19449372405,10.811110393472003,11.89800999653516,49567.47834616812,146972.8555490357,0.1901255343636432,-0.17314633391211975,0.42405665134530746,0.4483493744538034
Joshua Zirkzee,8044,2025-26,Manchester United,121499.0,11.70766954176274,11.511212404800578,121499.00000000004,99827.84062804296,10.93872702851178,12.03671992496717,56314.60933328498,168841.21605148565,0.19645713696216305,-0.17836491964507586,0.42838472804626804,0.45859976815266984
Adama Traoré,900,2025-26,West Ham United,80999.0,11.302204433654575,11.10129078409136,80998.99999999994,66255.62799761923,10.549813617192711,11.67194605962989,38169.32335674731,117235.20908303579,0.20091364956321556,-0.18201918545143422,0.43780283345838206,0.4589135432864086
Harry Maguire,1687,2025-26,Manchester United,231426.0,12.352019768006743,12.133690996234222,231425.99999999983,186034.16542202554,11.484587950623746,12.703494535992595,97205.0227156133,328894.2322394577,0.21832877177252108,-0.1961397361488092,0.4755595120630678,0.45909873787482297
Tawanda Chirewa,12234,2025-26,Wolverhampton,5786.0,8.663369301573839,8.45144493782537,5786.000000000002,4680.832807709528,7.871680258173942,9.049626719235881,2620.9674712772576,8514.35871162989,0.21192436374846935,-0.19100711930357295,0.4595788151308725,0.4611273556813546
Anthony Elanga,9524,2025-26,Newcastle United,104142.0,11.553520233676654,11.359122508582155,104142.00000000003,85743.09576302755,10.81697906605488,11.896140903279006,49859.23479016257,146698.40427421135,0.1943977250944986,-0.17667131644266937,0.42103774227463836,0.46171092416625936
Adama Traoré,900,2025-26,West Ham United,80999.0,11.302204433654575,11.099782478804464,80998.99999999994,66155.76810385306,10.551153166507753,11.66861748185826,38220.488648819824,116845.6279786485,0.20242195485011116,-0.18325203886649089,0.435981551773441,0.46429018390048826
Romeo Lavia,10004,2025-26,Chelsea,80999.0,11.302204433654575,11.094938390653363,80998.99999999994,65836.07382613771,10.50750036844828,11.648571244568968,36587.906357162,114526.61415618626,0.2072660430012121,-0.1871989305283058,0.44519171164632204,0.4655658171054911
Matheus Cunha,7080,2025-26,Manchester United,231426.0,12.352019768006743,12.14273783731348,231425.99999999983,187724.83206388322,11.54991545836513,12.700772738147975,103767.26371058365,328000.2630588277,0.20928193069326362,-0.18883430529031583,0.44900990198698687,0.4660964708509457
Romeo Lavia,10004,2025-26,Chelsea,80999.0,11.302204433654575,11.092524472718098,80998.99999999994,65677.34019488157,10.500935557150129,11.646181508625803,36348.493800275275,114253.25016412575,0.20967996093647656,-0.18915862918206866,0.44682062794103794,0.4692709956178338
Issa Diop,3203,2025-26,Fulham,75213.0,11.228092662823174,11.013291934379373,75213.00000000004,60674.29753785835,10.400071951142044,11.572916300503797,32860.99004709636,106181.68154245637,0.2148007284438016,-0.1933003930456395,0.45758821324246163,0.46941927748035206
Myles Lewis-Skelly,12272,2025-26,Arsenal,80999.0,11.302204433654575,11.10252974583074,80998.99999999994,66337.7682985264,10.582764928856337,11.656863939078168,39448.03753361328,115480.30554357346,0.19967468782383513,-0.18100509514282345,0.41906246741127184,0.4764795307423046
Christian Nørgaard,7083,2025-26,Arsenal,115713.0,11.658876908454458,11.435367394497883,115713.00000000003,92536.32859725316,10.836939370996449,12.030174296624091,50864.459199522615,167739.6468210605,0.22350951395657503,-0.200294447492908,0.46554364856136804,0.4801043138431132
Issa Diop,3203,2025-26,Fulham,75213.0,11.228092662823174,11.00671416804085,75213.00000000004,60276.4993541788,10.394772512680166,11.568870712462967,32687.300587898928,105752.97791969769,0.22137849478232496,-0.1985893481954082,0.45807740618110915,0.4832774806072819
Kai Havertz,5220,2025-26,Arsenal,254569.0,12.447331126269555,12.236500801936614,254569.00000000012,206178.16482552822,11.662592436252304,12.775946617562463,116143.73829812645,353607.8428746037,0.21083032433294058,-0.19008926921373723,0.43437797249820886,0.4853614540360007
James Maddison,6818,2025-26,Tottenham Hotspur,170098.0,12.044135899471904,11.836322169539216,170097.99999999988,138180.3413883674,11.287158018038417,12.378734269375961,79789.36350301064,237691.77783949807,0.20781372993268832,-0.18764276247594033,0.4258812575933613,0.4879616706004762
Ki-Jana Hoever,8351,2025-26,Wolverhampton,31243.0,10.349582636730188,10.14440631317386,31243.000000000015,25447.353214198967,9.624060439558182,10.70153210374024,15123.336884006205,44422.86498761939,0.2051763235563282,-0.18550224964955492,0.42037831695293115,0.4880754198825658
Ben Davies,660,2025-26,Tottenham Hotspur,94885.0,11.460431450006158,11.2497555870636,94884.99999999994,76860.13161386496,10.707448740526843,11.812888604024508,44686.48396123367,134979.90514208016,0.21067586294255847,-0.18996541482989932,0.43129018122494833,0.4884782267572099
Ben Winterburn,13242,2025-26,Bournemouth,4629.0,8.440312147080279,8.232771638649574,4628.999999999997,3761.2469036046095,7.6922162514096435,8.76789977401672,2190.2254913875267,6423.665036559315,0.20754050843070537,-0.18746016340362676,0.4196806689583229,0.49452005722788134
Pedro Lima,13156,2025-26,Wolverhampton,9720.0,9.18204377282107,8.971389881416506,9720.000000000005,7873.538678078822,8.432280056280375,9.522262825775673,4591.96037155835,13659.487570312473,0.21065389140456325,-0.18996515657625332,0.4252595565897931,0.4953536919753711
Christian Nørgaard,7083,2025-26,Arsenal,115713.0,11.658876908454458,11.427198983196481,115713.00000000003,91783.52442934546,10.830528435913001,12.017041385524433,50539.40709986461,165551.12609764584,0.23167792525797637,-0.20680023481073487,0.46292105247997806,0.5004696243923725
Wilfried Gnonto,11155,2025-26,Leeds United,57857.0,10.96574701173844,10.753052747470184,57857.00000000003,46771.59565503382,10.199710647996687,11.288786878077623,26894.402709631846,79919.43674442796,0.2126942642682561,-0.1916000543575747,0.4249058679259241,0.5005679618087461
Ben Davies,660,2025-26,Tottenham Hotspur,94885.0,11.460431450006158,11.242593317414816,94884.99999999994,76311.5981808071,10.695570092357585,11.802836341037313,44158.7973681807,133629.83856591978,0.21783813259134277,-0.19574644906142025,0.4320027500603677,0.5042517265478108
Leon Bailey,5221,2025-26,Aston Villa,121499.0,11.70766954176274,11.472168202251234,121499.00000000004,96005.2144540553,10.864489114872272,12.06007408057988,52285.27121227094,172830.78865895828,0.2355013395115062,-0.2098271224120753,0.46646052269033916,0.5048687467767649
Dan Ndoye,8662,2025-26,Nottingham Forest,104142.0,11.553520233676654,11.338451725499159,104142.00000000003,83988.89101292372,10.777368612707939,11.868752895413108,47922.851960507745,142735.12079175326,0.21506850817749523,-0.19351567078677484,0.4258063605419879,0.5050852408680442
Leon Bailey,5221,2025-26,Aston Villa,121499.0,11.70766954176274,11.470514403999575,121499.00000000004,95846.57076293042,10.863282339650452,12.060022775900674,52222.21149283688,172821.92180694174,0.23715513776316577,-0.21113284255071738,0.46691133246858174,0.5079232849400241
Dan Ndoye,8662,2025-26,Nottingham Forest,104142.0,11.553520233676654,11.337502679187134,104142.00000000003,83909.21852902907,10.771797182020265,11.858311372176365,47656.5899599133,141252.49219060328,0.21601755448951998,-0.19428070779292655,0.42390628151695214,0.5095880007168079
Mohamed Salah,1250,2025-26,Liverpool,462852.0,13.045164788055859,12.810430921091381,462852.00000000035,366014.4853146628,12.197303131986919,13.376571691647305,198252.76529686377,644719.1925449553,0.2347338669644774,-0.20921917737276166,0.4600946352699411,0.5101860551509304
James Maddison,6818,2025-26,Tottenham Hotspur,170098.0,12.044135899471904,11.824369111146197,170097.99999999988,136538.48390352319,11.269927358317394,12.363809839397996,78426.29986712102,234170.68909817265,0.21976678832570684,-0.19729518334417054,0.4267810390076867,0.5149403751316811
Dane Scarlett,9332,2025-26,Tottenham Hotspur,11571.0,9.356343666096025,9.118554283369091,11570.999999999995,9122.002800976888,8.523326732589853,9.706484304565143,5029.7619492698,16422.759322272777,0.23778938272693395,-0.21164957212195207,0.46161194334020905,0.5151283153687439
Wesley Fofana,7589,2025-26,Chelsea,231426.0,12.352019768006743,12.124754292697618,231425.99999999983,184379.0310394598,11.557737320228416,12.676727330261098,104582.10737798037,320207.4055897001,0.22726547530912455,-0.2032916308476146,0.4365768054436746,0.5205624130172565
Mohamed Salah,1250,2025-26,Liverpool,462852.0,13.045164788055859,12.80331535020646,462852.00000000035,363419.32017440133,12.185479328849677,13.372197655947062,195922.45551532594,641905.3218777637,0.24184943784939783,-0.2148260779376538,0.4630011810297627,0.522351665089708
Kai Havertz,5220,2025-26,Arsenal,254569.0,12.447331126269555,12.220562951944629,254569.00000000012,202918.1599665102,11.646602770499323,12.756164881880778,114301.39126290026,346681.5788347055,0.2267681743249259,-0.2028952466069706,0.4328984867470858,0.5238368376589213
Dwight McNeil,6756,2025-26,Everton,86785.0,11.371200597317179,11.147922611800633,86785.00000000007,69418.46702200267,10.607616336615976,11.688055227369464,40440.684906293915,119139.08056092088,0.2232779855165461,-0.20010984591804326,0.4215359879651547,0.5296771613601894
Wesley Fofana,7589,2025-26,Chelsea,231426.0,12.352019768006743,12.123508398704246,231425.99999999983,184149.45610899985,11.560673226961184,12.66353719334266,104889.6047980641,316011.5456934965,0.22851136930249716,-0.20428363231011215,0.4302851883974395,0.5310695684263924
Tyler Dibling,10586,2025-26,Everton,46285.0,10.742594818539608,10.516608828930629,46285.00000000003,36922.697365511565,9.9622672688708,11.051855738489849,21209.83190034305,63059.87057395294,0.2259859896089793,-0.20227509202740537,0.42510571948774867,0.53159950395702
Archie Gray,10184,2025-26,Tottenham Hotspur,86785.0,11.371200597317179,11.14656042428024,86785.00000000007,69323.96906693272,10.596165812303967,11.672727462293079,39980.247565362624,117326.85356999534,0.2246401730369385,-0.20119872020588042,0.42002327259533817,0.5348279195314088
Chris Wood,4456,2025-26,Nottingham Forest,92570.0,11.435731196638752,11.20830204426378,92570.0,73739.10120642347,10.652718176702228,11.732303555564297,42306.43748732979,124529.20246715333,0.22742915237497208,-0.20342334226613948,0.42120298812456347,0.5399514219678656
Tyler Dibling,10586,2025-26,Everton,46285.0,10.742594818539608,10.511288582558548,46285.00000000003,36726.775836091976,9.95642069342222,11.049164388302078,21086.182984885552,62890.379869818855,0.23130623598106048,-0.20650802989970934,0.4263367386679635,0.5425435225304491
Alphonse Areola,2310,2025-26,West Ham United,138856.0,11.84119990558015,11.58545229471572,138855.99999999997,107521.16536264814,10.965862561674237,12.173324367945899,57863.68587445414,193555.42827775443,0.25574761086442876,-0.22566424668254764,0.47109430231815436,0.5428798641926881
Malo Gusto,9017,2025-26,Chelsea,104142.0,11.553520233676654,11.294782426306902,104142.00000000003,80400.0428864072,10.639702470910292,11.858168693929112,41759.34445267408,141232.33982760535,0.2587378073697515,-0.22797677319038256,0.47538770356943566,0.544266932920279
Mason Mount,7768,2025-26,Manchester United,231426.0,12.352019768006743,12.09573271806747,231425.99999999983,179104.93368463428,11.477028170799425,12.657014136372863,96472.93727522639,313956.8864698723,0.25628704993927265,-0.22608119362286686,0.46037453301605025,0.5566925004740382
Harvey Elliott,7546,2025-26,Liverpool,98356.0,11.496358995661653,11.256593341330628,98355.99999999999,77387.49006355747,10.715583251738122,11.818514835338553,45051.47730912019,135741.47932471067,0.23976565433102515,-0.21318994201108743,0.430311569427814,0.5571908155986648
Dwight McNeil,6756,2025-26,Everton,86785.0,11.371200597317179,11.133231280564317,86785.00000000007,68406.05766771945,10.589466287706093,11.672896220228495,39713.28746523431,117346.6552471287,0.23796931675286181,-0.2117755641214566,0.42270295053739665,0.5629705599412621
Alex Murphy,12199,2025-26,Newcastle United,5786.0,8.663369301573839,8.4139550268987,5786.000000000002,4508.560722147319,7.826567805242593,8.95902750743078,2505.3124419608002,7776.789940174542,0.24941427467513932,-0.2207810711808991,0.44183204018110395,0.5645001991546519
Chris Wood,4456,2025-26,Nottingham Forest,92570.0,11.435731196638752,11.197482348701053,92570.0,72945.5564582986,10.646199559649682,11.726074053592964,42031.5484255282,123755.85261852464,0.23824884793769918,-0.21199571720537327,0.42131578711063994,0.5654875872836298
Brennan Johnson,10760,2025-26,Crystal Palace,144641.0,11.882017002964034,11.622558071940206,144641.0,111585.8033003282,11.003607338860359,12.179399580998625,60089.51807011431,194734.9039726422,0.25945893102382733,-0.22853268920756767,0.4587383411253039,0.5655924254932866
Richarlison,6026,2025-26,Tottenham Hotspur,161998.0,11.995345441355964,11.739597497452642,161998.00000000012,125440.83919825607,11.131713344213429,12.284923912240108,68302.29887777062,216407.67484608357,0.25574794390332123,-0.22566427240919035,0.4499280433953726,0.5684196565595794
Richarlison,6026,2025-26,Tottenham Hotspur,161998.0,11.995345441355964,11.73823948794859,161998.00000000012,125270.6036053578,11.12689133480793,12.285902298008839,67973.73253978704,216619.5096249513,0.25710595340737363,-0.22671512237584593,0.45219108236155814,0.5685781153945879
Mike Trésor,12094,2025-26,Burnley,40500.0,10.609081944147828,10.369130670002434,40499.99999999998,31859.7674063553,9.839922918949759,10.906889145806995,18767.26928625629,54549.88123759015,0.23995127414539397,-0.2133390763862885,0.41627959379549606,0.5764185362957615
Rico Lewis,10847,2025-26,Manchester City,104142.0,11.553520233676654,11.302700073355323,104142.00000000003,81039.15676658237,10.750757470090857,11.859376246063581,46664.362686036395,141402.98946200093,0.2508201603213305,-0.22183982671177482,0.43253044203219704,0.5798901902554635
Brennan Johnson,10760,2025-26,Crystal Palace,144641.0,11.882017002964034,11.61424137334646,144641.0,110661.61790289532,11.00003606427687,12.177023514179922,59875.30107175955,194272.74772729512,0.2677756296175744,-0.23492220115392373,0.45920465448209286,0.5831291712832946
Alphonse Areola,2310,2025-26,West Ham United,138856.0,11.84119990558015,11.567443536304571,138855.99999999997,105602.15601406901,10.950532069504872,12.152293144013926,56983.35694015725,189527.2073756619,0.2737563692755778,-0.23948438660145016,0.4688701472861201,0.5838639351643827
Jarrad Branthwaite,8476,2025-26,Everton,156213.0,11.958982141052491,11.700950292874026,156213.00000000015,120685.34788679883,11.118136310627557,12.248807989681756,67381.20967351481,208731.32942765093,0.25803184817846514,-0.2274308291448297,0.4411344383965507,0.5849279170231356
Andrés García,13392,2025-26,Aston Villa,57857.0,10.96574701173844,10.69588589931434,57857.00000000003,44172.74554174771,10.099020426210219,11.280432487851057,24318.175325946777,79254.5315348763,0.26986111242409905,-0.23651856228723078,0.4609309280327877,0.5854697439719273
Archie Gray,10184,2025-26,Tottenham Hotspur,86785.0,11.371200597317179,11.126357178350698,86785.00000000007,67937.43309312736,10.577470782189813,11.64831027973105,39239.74040733773,114496.73037539836,0.24484341896648054,-0.21717539790139653,0.41779076022833134,0.5860431638858373
Wilfried Gnonto,11155,2025-26,Leeds United,57857.0,10.96574701173844,10.714769183988972,57857.00000000003,45014.81646455373,10.177018159741145,11.254535035141084,26290.951895088085,77228.3646760247,0.25097782774946786,-0.2219642141045386,0.4203959562248599,0.5970034298218266
Mason Mount,7768,2025-26,Manchester United,231426.0,12.352019768006743,12.077731427142515,231425.99999999983,175909.641641614,11.466181300916197,12.63446610078663,95432.15186684128,306956.9666624994,0.2742883408642278,-0.23988816450349515,0.45580929338318166,0.6017611857545958
Callum Marshall,12359,2025-26,West Ham United,11571.0,9.356343666096025,9.071704254538348,11570.999999999995,8704.447468835764,8.46939314494485,9.667040429023428,4765.621942982791,15787.552467162,0.28463941155767714,-0.24773593735755178,0.46726514146095716,0.6091603809086206
Omar Marmoush,8393,2025-26,Manchester City,300854.0,12.614383700088258,12.35127800413985,300854.00000000023,231254.39946498268,11.806150476334413,12.890230000728533,134073.4439228498,396419.1849206756,0.2631056959484077,-0.2313401202411053,0.42295639046237765,0.6220634133480747
Kaye Furo,14356,2025-26,Brentford,17357.0,9.76180877420419,9.48468346191924,17357.00000000001,13155.661166266185,8.89894882769307,10.03487443913855,7323.2704209780495,22807.178098013464,0.2771253122849515,-0.2420544353133504,0.4431842735146812,0.6253049326123511
Ethan Nwaneri,11132,2025-26,Arsenal,69428.0,11.148059926647772,10.870185366761627,69428.0,52583.95687019496,10.273476635442204,11.409112710968339,28953.376193896635,90138.40640514877,0.2778745598861452,-0.24261167151300683,0.44307131033753444,0.6271553887667848
Rico Lewis,10847,2025-26,Manchester City,104142.0,11.553520233676654,11.283121856531032,104142.00000000003,79467.96575210834,10.727463585403521,11.832455851034755,45589.90780605538,137647.11977771134,0.27039837714562154,-0.23692683305382728,0.4311155497761436,0.6272062728566058
Gabriel Martinelli,7752,2025-26,Arsenal,280026.0,12.542641306073879,12.2594187253866,280025.9999999998,210957.9250264047,11.668248640665649,12.822918196990225,116802.53807618633,370613.6775911654,0.2832225806872781,-0.24664879323203978,0.4504972713997019,0.6286887816374586
Angus Gunn,5544,2025-26,Nottingham Forest,28928.0,10.272599831178495,9.999751609344846,28928.00000000001,22019.995305974506,9.47540385068578,10.584823596052273,13034.137185209333,39529.333625181585,0.2728482218336481,-0.23879994102687715,0.43284294228336506,0.6303631067525302
Malo Gusto,9017,2025-26,Chelsea,104142.0,11.553520233676654,11.251784842029458,104142.00000000003,77016.26080626668,10.597677560513578,11.813354055742504,40040.734854043025,135042.74686003354,0.30173539164719543,-0.26046877526582296,0.47429928415938766,0.6361708771750911
Enzo Le Fée,8651,2025-26,Sunderland,86785.0,11.371200597317179,11.102245656370485,86785.00000000007,66318.92483038857,10.558553644810472,11.64206856986151,38504.39517257114,113784.29448372009,0.2689549409466938,-0.23582502932086752,0.42273611058914506,0.6362241933197178
Kaye Furo,14356,2025-26,Brentford,17357.0,9.76180877420419,9.46321230848528,17357.00000000001,12876.183565666823,8.867435595090864,10.068941165133007,7096.05788738414,23597.56455287221,0.2985964657189104,-0.2581561579958049,0.4687704615669082,0.6369779885891794
Ethan Nwaneri,11132,2025-26,Arsenal,69428.0,11.148059926647772,10.852611751728915,69428.0,51667.921681483924,10.225733984379804,11.410547451200669,27603.497308187212,90267.82585748355,0.29544817491885667,-0.25580570257700175,0.4622579949361573,0.6391412980529654
Hugo Ekitike,8995,2025-26,Liverpool,289283.0,12.57516418352398,12.304709062831263,289283.00000000006,220731.99062392872,11.768066800354076,12.848909978909713,129063.40216509544,380372.89376096765,0.2704551206927164,-0.23696867557399268,0.42169372188195453,0.641354392201327
Omar Marmoush,8393,2025-26,Manchester City,300854.0,12.614383700088258,12.338824497975727,300854.00000000023,228392.31739052327,11.792911492498273,12.877204083139285,132310.1325072398,391288.9339138034,0.2755592021125306,-0.24085331293410395,0.4230395188018459,0.6513793389633749
Yoane Wissa,5786,2025-26,Newcastle United,115713.0,11.658876908454458,11.384705182313047,115713.00000000003,87964.95840499885,10.853598680774812,11.925225576438182,51718.94041285437,151027.76229576487,0.27417172614141094,-0.23980055477777928,0.4180979656132689,0.6557595317146641
Gabriel Martinelli,7752,2025-26,Arsenal,280026.0,12.542641306073879,12.242001392777134,280025.9999999998,207315.3969078742,11.634900887694098,12.808556637285667,112971.63358430065,365329.11091160914,0.3006399132967452,-0.259656614357687,0.45790478311090843,0.6565555206789087
Harvey Elliott,7546,2025-26,Liverpool,98356.0,11.496358995661653,11.207189853148895,98355.99999999999,73657.13371126018,10.650836505000383,11.777853871108197,42226.90363120255,130332.76614613281,0.28916914251275827,-0.2511170268081237,0.4397086988833111,0.6576379845273367
Enzo Le Fée,8651,2025-26,Sunderland,86785.0,11.371200597317179,11.089498188850515,86785.00000000007,65478.8793444004,10.544315399535234,11.625158578090872,37960.030506947034,111876.3631061792,0.28170240846666417,-0.2455046454525512,0.42169372188195453,0.6680260906173073
Jørgen Strand Larsen,11070,2025-26,Crystal Palace,127284.0,11.75418394570961,11.473590734709699,127284.00000000004,96141.88359542839,10.941456201938042,12.017902279505433,56468.51431893099,165693.7102926766,0.2805932109999105,-0.24466638701307036,0.4199781817203353,0.6681137811743715
Angus Gunn,5544,2025-26,Nottingham Forest,28928.0,10.272599831178495,9.980532901434776,28928.00000000001,21600.821124436807,9.45285204761266,10.561771856093802,12743.461290462648,38628.51328181138,0.2920669297437186,-0.2532901989616704,0.4326478906328828,0.6750684241554475
Yoane Wissa,5786,2025-26,Newcastle United,115713.0,11.658876908454458,11.376601831410875,115713.00000000003,87255.0197026074,10.843781208205852,11.91517407792377,51213.66563552464,149517.30083362228,0.28227507704358246,-0.24593589568495,0.41800665979396695,0.6752884683289836
Marc Guehi,7603,2025-26,Manchester City,347139.0,12.757483435774873,12.452190407390825,347139.00000000006,255809.03760065002,11.854177603508784,13.012597949891234,140669.78814204107,448021.14899286383,0.3052930283840478,-0.26309334992423794,0.45196065170397154,0.6754858575255149
Mike Trésor,12094,2025-26,Burnley,40500.0,10.609081944147828,10.324501646881137,40499.99999999998,30469.11502146221,9.78632257885169,10.855489269615049,17787.768942428487,51816.81404526251,0.2845802972666913,-0.24767617230957464,0.4171381103988758,0.6822208045066176
Conor Bradley,10120,2025-26,Liverpool,138856.0,11.84119990558015,11.553134318787613,138855.99999999997,104101.81741973737,11.022395952402977,12.10462147191618,61229.208667969295,180704.05882800152,0.2880655867925359,-0.2502893831038097,0.42223304573103015,0.6822431112510288
Andrés García,13392,2025-26,Aston Villa,57857.0,10.96574701173844,10.643906251891698,57857.00000000003,41935.265301751606,10.025196487709083,11.232710951028638,22587.506358982126,75561.16326942723,0.3218407598467419,-0.2751911557503572,0.4711148465996469,0.6831471395344115
James Ward-Prowse,843,2025-26,West Ham United,144641.0,11.882017002964034,11.559927764034057,144641.0,104811.44187818251,10.946489505429026,12.152432023624371,56753.45902751595,189553.53080712218,0.3220892389299763,-0.27536838186833257,0.47050154820153123,0.6845657366296591
Jørgen Strand Larsen,11070,2025-26,Crystal Palace,127284.0,11.75418394570961,11.465263225602088,127284.00000000004,95344.57725216175,10.929440205869419,12.006371989521385,55794.03722920482,163794.17437898563,0.28892072010752123,-0.2509303820420342,0.42016768118761133,0.6876319456338996
Conor Bradley,10120,2025-26,Liverpool,138856.0,11.84119990558015,11.545348749530993,138855.99999999997,103294.46465348726,11.012140308028036,12.11239143175739,60604.462485999706,182113.59882134883,0.29585115604915657,-0.2561036998510163,0.42926578117488745,0.6892027480956459
Estêvão,13775,2025-26,Chelsea,80999.0,11.302204433654575,10.997935260331685,80998.99999999994,59749.64473811973,10.420658454491909,11.547043536213724,33544.515070486406,103469.67686308982,0.30426917332288994,-0.26234095805973195,0.4394620115180118,0.6923674068479049
Estêvão,13775,2025-26,Chelsea,80999.0,11.302204433654575,11.004257944000129,80998.99999999994,60128.625990549685,10.427606644792654,11.529513275375685,33778.40731587405,101671.6152001997,0.29794648965444637,-0.25766211940209477,0.42991168139480734,0.6930411583323055
Djiamgone Jocelin Ta Bi,14460,2025-26,Sunderland,17357.0,9.76180877420419,9.435167596990517,17357.00000000001,12520.063648431145,8.840295537074233,10.048004420493472,6906.033623256032,23108.623708134342,0.3266411772136735,-0.2786735237407883,0.471190700097241,0.6932250087836275
James Ward-Prowse,843,2025-26,West Ham United,144641.0,11.882017002964034,11.554344853776952,144641.0,104227.91382937222,10.94248526932981,12.145778072410325,56526.655165039156,188296.43118468698,0.327672149187082,-0.2794027016587812,0.4694677550936426,0.6979651863879826
Jarrad Branthwaite,8476,2025-26,Everton,156213.0,11.958982141052491,11.651354928632257,156213.00000000015,114845.86699388278,11.076240315854278,12.203151133194591,64616.48481081581,199415.55022572988,0.3076272124202344,-0.2648123588057161,0.43966712861000873,0.6996820831086153
Luke O'Nien,14099,2025-26,Sunderland,46285.0,10.742594818539608,10.446642839459017,46285.00000000003,34427.59814658332,9.903742490724655,10.982753985216133,20004.099413760574,58849.40444964556,0.29595197908059134,-0.25618238853660374,0.4209790856741752,0.7030087459253238
Marc Guehi,7603,2025-26,Manchester City,347139.0,12.757483435774873,12.440336529099813,347139.00000000006,252794.5982455315,11.848422779806649,12.992846417732263,139862.57746158686,439258.8444420372,0.3171469066750596,-0.27177701656820047,0.44649980021287283,0.7102957415072906
Viktor Gyokeres,7254,2025-26,Arsenal,231426.0,12.352019768006743,12.053776074874275,231425.99999999983,171745.71355907083,11.542191991826899,12.609907963222405,102968.90003431177,299510.4610913743,0.2982436931324681,-0.2578806462581086,0.416572108538686,0.7159473402544688
Luke Shaw,1006,2025-26,Manchester United,231426.0,12.352019768006743,12.028222983713796,231425.99999999983,167412.6514702184,11.445020815057386,12.603184226175042,93433.95596419119,297503.3798888888,0.3237967842929468,-0.2766039620862888,0.451860407755318,0.7165858719542484
Tom Edozie,13220,2025-26,Wolverhampton,868.0,6.767343125265392,6.4327802521087305,868.0000000000001,620.9005870731849,5.842203529916509,7.03718752660704,343.5377039580461,1137.181994316972,0.33456287315666167,-0.28467674300324336,0.4662260530960675,0.7175979783517671
Tom Edozie,13220,2025-26,Wolverhampton,868.0,6.767343125265392,6.4327802521087305,868.0000000000001,620.9005870731849,5.842203529916509,7.03718752660704,343.5377039580461,1137.181994316972,0.33456287315666167,-0.28467674300324336,0.4662260530960675,0.7175979783517671
Viktor Gyokeres,7254,2025-26,Arsenal,231426.0,12.352019768006743,12.051571361738752,231425.99999999983,171367.47842689554,11.538694504759784,12.610891648769085,102609.39319237444,299805.23114346573,0.3004484062679911,-0.25951501375430736,0.4183204494593662,0.7182254815806591
Luke Shaw,1006,2025-26,Manchester United,231426.0,12.352019768006743,12.026238717702388,231425.99999999983,167080.78761373326,11.443500872505307,12.599017993553383,93292.04807201141,296266.4858196345,0.32578105030435545,-0.2780379576463604,0.4508279509375663,0.7226283322204036
Alysson Edward,14446,2025-26,Aston Villa,34714.0,10.454927149187373,10.145067697678936,34713.99999999998,25464.189927851556,9.616743123074334,10.708126684758597,15013.071240718995,44716.789854908944,0.3098594515084372,-0.2664576272440061,0.4258060792338427,0.7277008634211388
Luke O'Nien,14099,2025-26,Sunderland,46285.0,10.742594818539608,10.436571831487896,46285.00000000003,34082.607577490126,9.89276179095751,10.969099988940238,19785.631086005134,58051.322151759174,0.30602298705171194,-0.26363600351107047,0.4199360922253243,0.7287370452728549
Sasa Kalajdzic,8812,2025-26,Wolverhampton,63642.0,11.06104462150408,10.751780030925588,63641.999999999956,46712.10526394269,10.233836996772478,11.316596383110758,27828.08558391114,82173.17698684632,0.30926459057849165,-0.2660176414326589,0.4224413352340056,0.7320888482827532
Dário Essugo,13094,2025-26,Chelsea,52071.0,10.860382655252224,10.5464662792092,52071.000000000015,38041.76798809891,9.997751094904833,11.088252558903807,21975.986022162633,65397.366423789295,0.31391637604302325,-0.26942505448140236,0.4254619265728899,0.7378248356360114
Alysson Edward,14446,2025-26,Aston Villa,34714.0,10.454927149187373,10.132384736171403,34713.99999999998,25143.25540635509,9.596739334321905,10.697474827964623,14715.716952983132,44242.99026377607,0.3225424130159702,-0.2757027307036036,0.4294547593315587,0.7510509687167135
Dominic Solanke,1679,2025-26,Tottenham Hotspur,161998.0,11.995345441355964,11.666718229219178,161998.00000000012,116623.91732101362,11.105426559995072,12.2237187532941,66530.21799309953,203559.5440334185,0.3286272121367855,-0.2800903880232254,0.4363045504658533,0.7532060158114371
Daniel James,5595,2025-26,Leeds United,75213.0,11.228092662823174,10.902569203860665,75213.00000000004,54314.73287684902,10.360229116218987,11.464128512337473,31577.415620913132,95236.44871997311,0.32552345896250934,-0.27785445498984235,0.4306891639493136,0.7558199421075268
Matthijs de Ligt,7902,2025-26,Manchester United,254569.0,12.447331126269555,12.127042481511882,254569.00000000012,184801.41042165534,11.59459945055298,12.674134079460838,108509.19932640434,319378.10064825905,0.3202886447576727,-0.2740616083590097,0.4211831879005337,0.760449737688276
Matthijs de Ligt,7902,2025-26,Manchester United,254569.0,12.447331126269555,12.12111302667159,254569.00000000012,183708.87514495937,11.577887461367153,12.675829259559618,106710.84692668368,319919.96489262587,0.32621809959796444,-0.27835331424894905,0.4283647919287057,0.7615427452129588
Arnaud Kalimuendo Muinga,8056,2025-26,Nottingham Forest,86785.0,11.371200597317179,11.050010172156913,86785.00000000007,62943.594884548926,10.491361612341734,11.571220913214034,36002.14635401119,106001.81329003436,0.32119042516026575,-0.2747180401619073,0.4213098594952598,0.762361520675211
Daniel James,5595,2025-26,Leeds United,75213.0,11.228092662823174,10.901577463364868,75213.00000000004,54260.89246726628,10.365709610640623,11.461970840880142,31750.956060905428,95031.17912700873,0.3265151994583064,-0.2785702941344415,0.4277091140570084,0.7634048205360102
Hugo Ekitike,8995,2025-26,Liverpool,289283.0,12.57516418352398,12.252660939765207,289283.00000000006,209537.11600462752,11.705476957510722,12.786191343654048,121232.89285115928,357249.08854868694,0.3225032437587725,-0.2756673706901979,0.4216434731939159,0.764871898326413
George Hemmings,14193,2025-26,Aston Villa,1736.0,7.459914766241105,6.978698460807391,1735.9999999999995,1072.520228675553,6.226430459615286,7.8197485505908535,504.9462607597412,2488.279401508566,0.48121630543371374,-0.3821888083666168,0.6216371155926681,0.7741112835177525
George Hemmings,14193,2025-26,Aston Villa,1736.0,7.459914766241105,6.978698460807391,1735.9999999999995,1072.520228675553,6.226430459615286,7.8197485505908535,504.9462607597412,2488.279401508566,0.48121630543371374,-0.3821888083666168,0.6216371155926681,0.7741112835177525
Sasa Kalajdzic,8812,2025-26,Wolverhampton,63642.0,11.06104462150408,10.734364785358776,63641.999999999956,45905.62794782632,10.217768389367045,11.295811372616987,27384.484503792417,80482.81381893223,0.3266798361453027,-0.2786897340148589,0.420601218543928,0.776697312661694
Dominic Solanke,1679,2025-26,Tottenham Hotspur,161998.0,11.995345441355964,11.660180692328126,161998.00000000012,115863.96443827296,11.109302860617618,12.213384820142302,66788.61348057156,201466.79476825995,0.33516474902783777,-0.28478151311576144,0.4307603915277143,0.7780769904102799
Samuel Chukwueze,7208,2025-26,AC Milan,98650.0,11.499343648246825,11.168189113096464,98650.00000000004,70839.70990534336,10.64335083269471,11.73313090185155,41911.979562225,124632.27470015075,0.3311545351503611,-0.28190866796408176,0.42518047253592967,0.7788564069634619
Freddie Woodman,852,2025-26,Liverpool,23143.0,10.04949084665597,9.71638026374401,23142.999999999993,16586.095022848855,9.18773048764727,10.279313168023076,9775.438035575387,29122.863481816785,0.33311058291196005,-0.28332130567131053,0.42588376589903093,0.7821631383595268
Walter Benítez,5652,2025-26,Crystal Palace,80999.0,11.302204433654575,10.965004932531636,80998.99999999994,57814.08070797945,10.423642026883863,11.521447558147054,33644.74999785048,100854.85095873897,0.3371995011229387,-0.2862371052978495,0.42831162703881664,0.7872760855319468
Dário Essugo,13094,2025-26,Chelsea,52071.0,10.860382655252224,10.526147615723465,52071.000000000015,37276.58981123829,9.982824617062338,11.069713451504569,21650.383124805398,64196.10861437421,0.33423503952875855,-0.28411995522962336,0.42405244994039676,0.7881926860126321
Walter Benítez,5652,2025-26,Crystal Palace,80999.0,11.302204433654575,10.956984366526678,80998.99999999994,57352.22568234312,10.413637048166242,11.511633381458184,33309.8033462415,99869.87508684548,0.3452200671278973,-0.291939089589462,0.4283860689368116,0.8058620299784269
Arnaud Kalimuendo Muinga,8056,2025-26,Nottingham Forest,86785.0,11.371200597317179,11.031762723020586,86785.00000000007,61805.43245246054,10.472648978291085,11.552142080831004,35334.69699561937,103998.57388245237,0.33943787429659267,-0.28783277694923676,0.4211669862822048,0.8059460626126826
Daichi Kamada,6145,2025-26,Crystal Palace,127284.0,11.75418394570961,11.391768250701194,127284.00000000004,88588.46733607569,10.80278093093478,11.951654928023128,49156.31432760991,155072.5699331381,0.36241569500841564,-0.3040094015266989,0.44823611918705786,0.8085374638387237
Daichi Kamada,6145,2025-26,Crystal Palace,127284.0,11.75418394570961,11.389049587217915,127284.00000000004,88347.94947792657,10.798755625509564,11.95301496683686,48958.83883977677,155283.61949249578,0.3651343584916944,-0.3058990173318992,0.45033722497261003,0.8108020795169714
Samuel Chukwueze,7208,2025-26,AC Milan,98650.0,11.499343648246825,11.15444686685157,98650.00000000004,69872.85799987485,10.630948833247318,11.716968276180085,41395.38483801612,122634.06538875999,0.3448967813952546,-0.2917094982273207,0.42371325462633774,0.8139862929221097
Djiamgone Jocelin Ta Bi,14460,2025-26,Sunderland,17357.0,9.76180877420419,9.371920632689614,17357.00000000001,11752.667901498688,8.767184057508677,9.975393871920298,6419.068442859212,21490.093488096965,0.38988814151457696,-0.3228859882756997,0.4713861396011162,0.8271098973009637
Freddie Woodman,852,2025-26,Liverpool,23143.0,10.04949084665597,9.688222406580994,23142.999999999993,16125.55234650402,9.160374923756653,10.247490541660051,9511.622917387733,28210.657038166493,0.3612684400749764,-0.3032211750203506,0.424140930085989,0.851765096100803
Jack Harrison,8720,2025-26,Leeds United,80999.0,11.302204433654575,10.934159851806543,80998.99999999994,56057.99244759438,10.399672476323033,11.487860331562036,32847.86513128119,97523.63888384818,0.36804458184803224,-0.30791747493679655,0.42455926621630163,0.8668862303443952
Eliezer Mayenda,13718,2025-26,Sunderland,46285.0,10.742594818539608,10.36959672297204,46285.00000000003,31874.61967232142,9.798359902584863,10.892744334315816,18003.192070793928,53783.70081906478,0.3729980955675689,-0.31134018208228587,0.42697687633371817,0.8735791473541993
Jaydee Canvot,13091,2025-26,Crystal Palace,34714.0,10.454927149187373,10.047012146159044,34713.99999999998,23085.70399485269,9.450638061324874,10.640636824860852,12715.27643986959,41798.38162992058,0.4079150030283287,-0.33497424684989613,0.4642810516702347,0.8785949837084001
Casemiro,2248,2025-26,Manchester United,347139.0,12.757483435774873,12.270790840646983,347139.00000000006,213370.66722593585,11.51070337280543,12.913127541942965,99777.03748543435,405600.9512180645,0.48669259512788976,-0.38534515791675433,0.547159365275461,0.8894896551443837
Casemiro,2248,2025-26,Manchester United,347139.0,12.757483435774873,12.263175057479526,347139.00000000006,211751.84699052514,11.501283462734376,12.910937106785667,98841.55036503298,404713.4787745103,0.49430837829534724,-0.3900084778992706,0.5499799633456717,0.8987752486260415
Eliezer Mayenda,13718,2025-26,Sunderland,46285.0,10.742594818539608,10.350768876522421,46285.00000000003,31280.084867492584,9.778583344828505,10.894931190206538,17650.628860700126,53901.44891100998,0.3918259420171868,-0.3241852680675691,0.4355459581670764,0.8996202000498911
Zeki Amdouni,11701,2025-26,Burnley,46285.0,10.742594818539608,10.350861985653896,46285.00000000003,31282.99755773312,9.812050589760055,10.896454463724247,18251.37686594403,53983.619652344045,0.3917328328857117,-0.3241223386035843,0.42308293627411797,0.9259008088000639
Zeki Amdouni,11701,2025-26,Burnley,46285.0,10.742594818539608,10.347533559284061,46285.00000000003,31179.044171873404,9.814138330194728,10.89893387516552,18289.522896806015,54117.635807902414,0.3950612592555469,-0.32636827974779337,0.4232357477159657,0.933430744892261
James Trafford,9077,2025-26,Manchester City,80999.0,11.302204433654575,10.907852639594813,80998.99999999994,54602.466001261186,10.363209381490101,11.443403460246447,31671.66805517087,93282.96062808418,0.3943517940597623,-0.32588715908515875,0.4214404739402856,0.9357235919292328
Kaden Rodney,11033,2025-26,Crystal Palace,2314.0,7.747164966520335,7.347273467137254,2314.0000000000005,1550.9592859776674,6.7953467280922055,7.879979660559148,892.6790695273326,2642.818785359873,0.3998914993830809,-0.32974966033808684,0.4231723040329846,0.9449850464502774
Kaden Rodney,11033,2025-26,Crystal Palace,2314.0,7.747164966520335,7.347273467137254,2314.0000000000005,1550.9592859776674,6.7953467280922055,7.879979660559148,892.6790695273326,2642.818785359873,0.3998914993830809,-0.32974966033808684,0.4231723040329846,0.9449850464502774
Jack Harrison,8720,2025-26,Leeds United,80999.0,11.302204433654575,10.899710190161526,80998.99999999994,54159.665228367376,10.361745952355356,11.443751667513316,31625.35124891179,93315.44843697453,0.40249424349304874,-0.33135390278438726,0.4221472885014085,0.9534450521330444
Jaydee Canvot,13091,2025-26,Crystal Palace,34714.0,10.454927149187373,10.006092427468674,34713.99999999998,22160.07005705569,9.41467640307685,10.6090735594228,12266.10297017112,40499.6604116753,0.44883472171869876,-0.3616388184289997,0.4659970958393937,0.9631706414612293
Lutsharel Geertruida,13064,2025-26,RB Leipzig,115067.0,11.65327853694168,11.2399015882985,115066.99999999991,76106.46154832348,10.673684427576545,11.76367180645893,43202.829994244006,128497.40958352736,0.4133769486431813,-0.3385900253910892,0.4252613549539174,0.9720538765813227
Alexander Isak,5232,2025-26,Liverpool,347139.0,12.757483435774873,12.340686116464576,347139.00000000006,228817.89462122013,11.789888185418086,12.886223957488347,131910.7194020099,394834.2852265433,0.4167973193102963,-0.3408464775746312,0.4277381967423284,0.9744215561870362
Lutsharel Geertruida,13064,2025-26,RB Leipzig,115067.0,11.65327853694168,11.234607414693382,115066.99999999991,75704.60013490883,10.667525895235617,11.766600868909364,42937.575437725056,128874.34120862625,0.4186711222482984,-0.34208243775444835,0.42880690323192533,0.9763628315980144
Souza,14410,2025-26,Tottenham Hotspur,40500.0,10.609081944147828,10.194532721320652,40499.99999999998,26755.500210299164,9.664449353998233,10.738002684538761,15746.696096998534,46072.93577197479,0.4145492228271763,-0.33937036517779806,0.4188495690923213,0.9897329576476248
Alexander Isak,5232,2025-26,Liverpool,347139.0,12.757483435774873,12.327950076669913,347139.00000000006,225922.12751871205,11.77476129638012,12.874515026846542,129930.32185001264,390238.14670089795,0.42953335910496016,-0.3491882861945445,0.42907172192517706,1.0010758974693363
Luca Netz,8401,2025-26,Nottingham Forest,46285.0,10.742594818539608,10.31938374740031,46285.00000000003,30313.57040598007,9.807545393466466,10.885344074313954,18169.331279845395,53387.149151327,0.42321107113929735,-0.3450670755972766,0.42050590333872584,1.0064331268100948
Luca Netz,8401,2025-26,Nottingham Forest,46285.0,10.742594818539608,10.301900058156754,46285.00000000003,29788.16626253559,9.759413668807174,10.875595331476863,17315.47550813641,52869.210541837485,0.44069476038285416,-0.35641857486149786,0.4354811215597086,1.0119721351053579
James Trafford,9077,2025-26,Manchester City,80999.0,11.302204433654575,10.873523711945667,80998.99999999994,52759.79695185562,10.315855718662132,11.394111358762757,30206.80817125733,88796.28540617868,0.4286807217089077,-0.34863644055043075,0.4206841871564221,1.0190084029697848
Jadon Sancho,6345,2025-26,Manchester United,318211.0,12.670473106305474,12.058913731111552,318210.9999999999,172630.35969118896,11.174265786541893,12.70391728456516,71271.49635001514,329033.3016230307,0.6115593751939219,-0.45749719622769475,0.5967974320249957,1.0247352658989122
Kepa,5061,2025-26,Arsenal,115713.0,11.658876908454458,11.228952458183915,115713.00000000003,75277.69645713411,10.706213589317615,11.776857362773757,44631.32223493097,130202.95215301467,0.4299244502705424,-0.349444777534641,0.4177143979775047,1.0292306234885762
Jadon Sancho,6345,2025-26,Manchester United,318211.0,12.670473106305474,12.052544577275116,318210.9999999999,171534.33807457433,11.166434095924755,12.702404182074307,70715.4922769223,328535.81547035277,0.6179285290303582,-0.46094151970053077,0.5992626452926348,1.0311480848745518
Souza,14410,2025-26,Tottenham Hotspur,40500.0,10.609081944147828,10.176783621858423,40499.99999999998,26284.786159435535,9.653025503631161,10.724455515134698,15567.82044284743,45452.97320945396,0.43229832228940523,-0.35099293433492473,0.41802115075632523,1.0341541845603945
Kepa,5061,2025-26,Arsenal,115713.0,11.658876908454458,11.222442514697564,115713.00000000003,74789.22807333905,10.695535457935962,11.76740785445489,44157.26794562538,128978.38372091173,0.43643439375689397,-0.35366615615065694,0.41819374839800516,1.0436176901944711
Liam Delap,8868,2025-26,Chelsea,173570.0,12.064342016562621,11.615500113015298,173569.99999999994,110801.00103504247,11.066236186829068,12.138258292280511,63973.26594233535,186885.78641972184,0.4488419035473239,-0.36163506922254707,0.41825215771973145,1.0731370903006565
Jamie Bynoe-Gittens,10542,2025-26,Chelsea,144641.0,11.882017002964034,11.403365789982352,144641.0,89621.86803306625,10.869048290944928,11.94176031847825,52524.19776916877,153545.7436396848,0.47865121298168134,-0.3803840679125127,0.4185213325790341,1.1436721995318893
Manuel Ugarte,11766,2025-26,Manchester United,173570.0,12.064342016562621,11.54988935274243,173569.99999999994,103764.5548108019,10.976605165751453,12.121413002790842,58488.65416804056,183763.99198682833,0.5144526638201921,-0.4021745992348797,0.4466496964766841,1.1518034555454968
Jamie Bynoe-Gittens,10542,2025-26,Chelsea,144641.0,11.882017002964034,11.397614535363688,144641.0,89107.90348653584,10.868658515275325,11.943367065035497,52503.728714466146,153792.65264838512,0.48440246760034533,-0.38393744867267343,0.4193002808162665,1.1552638759443283
Arthur Masuaku,1760,2025-26,Sunderland,52071.0,10.860382655252224,10.338293990246571,52071.000000000015,30892.280826091413,9.78657152536675,10.93993614369901,17792.197945733493,56382.742573975316,0.5220886650056524,-0.4067277212634402,0.4499881465148687,1.1602275949915524
Facundo Buonanotte,11362,2025-26,Brighton & Hove Al..,40500.0,10.609081944147828,10.12124896372669,40499.99999999998,24864.807941074218,9.594437368013214,10.666312110564176,14681.878528781668,42885.488870378584,0.487832980421139,-0.3860541249117474,0.41819466370838526,1.1665212944020582
Manuel Ugarte,11766,2025-26,Manchester United,173570.0,12.064342016562621,11.538885992669615,173569.99999999994,102629.04372345329,10.963903072565069,12.105709607908945,57750.411668707886,180900.79752640417,0.5254560238930068,-0.4087166922656374,0.44547873096792034,1.1795311142045204
Liam Delap,8868,2025-26,Chelsea,173570.0,12.064342016562621,11.569123553431611,173569.99999999994,105779.72023854728,11.012979129891223,12.088855790384553,60655.32100059642,177877.46059043583,0.49521846313101037,-0.39056449709888047,0.41975602219707786,1.179776910737215
Arthur Masuaku,1760,2025-26,Sunderland,52071.0,10.860382655252224,10.332395439647916,52071.000000000015,30710.591624246284,9.78201774079517,10.92866268988733,17711.355764090582,55750.67255658551,0.5279872156043073,-0.4102169801953818,0.44736645042805967,1.1802119159787376
Jack Grealish,675,2025-26,Manchester City,312425.0,12.652122920117046,12.065257158617845,312424.9999999999,173728.91482539638,11.398802034417594,12.6570267122158,89213.78307863619,313960.83477976767,0.586865761499201,-0.44393401672274485,0.4908995660716341,1.1954904873832444
Jack Grealish,675,2025-26,Manchester City,312425.0,12.652122920117046,12.061378011729797,312424.9999999999,173056.2964032212,11.394400657178258,12.654483015390886,88821.97803638686,313163.2259251201,0.5907449083872489,-0.44608691236866044,0.49162434482175027,1.201618501218521
Chris Rigg,13719,2025-26,Sunderland,43971.0,10.691308346698754,10.136204636649886,43971.0,25239.487641377746,9.575221935116565,10.726504510082421,14402.434082967107,45546.20365264953,0.5551037100488685,-0.4259969606927806,0.4491758319869909,1.235827198434277
Facundo Buonanotte,11362,2025-26,Brighton & Hove Al..,40500.0,10.609081944147828,10.09507645956129,40499.99999999998,24222.450201962652,9.56507693791388,10.628028130659025,14257.049992004888,41274.654703905406,0.5140054845865389,-0.4019148098280823,0.41471311799974486,1.2394242243064402
Niclas Füllkrug,6098,2025-26,West Ham United,144641.0,11.882017002964034,11.346380440010783,144641.0,84657.46986355857,10.793521553976555,11.891162623022876,48703.24901226572,145969.90835928413,0.5356365629532505,-0.41470627371520824,0.4282474616855839,1.250764127929638
Tammy Abraham,702,2025-26,Aston Villa,150427.0,11.92123984338312,11.379620177772393,150427.00000000012,87518.78646166404,10.840892016436312,11.923927715714004,51065.910194773875,150831.8751415787,0.5416196656107264,-0.41819762102771457,0.4225491394318179,1.2817909565240557
Tammy Abraham,702,2025-26,Aston Villa,150427.0,11.92123984338312,11.379119187375817,150427.00000000012,87474.95087065829,10.842638137287071,11.917176272589435,51155.15708670257,149816.9654713328,0.5421206560073024,-0.4184890287604073,0.4192337931810556,1.2931225126052168
Niclas Füllkrug,6098,2025-26,West Ham United,144641.0,11.882017002964034,11.327692325452773,144641.0,83090.05431856136,10.77910186278507,11.869516247016827,48005.98800758196,142844.12023562563,0.5543246775112607,-0.42554286600229974,0.4254279521796874,1.3029813266175123
Jota Silva,12766,2025-26,Nottingham Forest,69428.0,11.148059926647772,10.5911516449127,69428.0,39780.27666032391,10.047794262132742,11.138478472743762,23103.76753779903,68765.94602167627,0.5569082817350726,-0.4270283364013956,0.42553322562951884,1.3087304308875107
Chris Rigg,13719,2025-26,Sunderland,43971.0,10.691308346698754,10.125249497834945,43971.0,24964.48369907017,9.565165012992423,10.668508106258411,14258.305826180855,42979.7708988543,0.5660588488638094,-0.43225117238474975,0.4304721209730356,1.3149721463594313
Antoni Milambo,13780,2025-26,Brentford,52071.0,10.860382655252224,10.283508764724967,52071.000000000015,29245.312160401143,9.739321366369861,10.849384097369315,16971.01968834006,51501.42110885919,0.5768738905272563,-0.4383570094601384,0.43309380476745113,1.3319837046318583
Jota Silva,12766,2025-26,Nottingham Forest,69428.0,11.148059926647772,10.582499700967563,69428.0,39437.57593608914,10.0407340294075,11.125467740033598,22941.216999453987,67877.03291262987,0.5655602256802084,-0.43196439568921563,0.4232116228887279,1.3363532452626123
Borna Sosa,7075,2025-26,Crystal Palace,57857.0,10.96574701173844,10.404252880671528,57857.00000000003,32998.67132899281,9.851819723566098,10.928199748570327,18991.88517539,55724.86877714567,0.5614941310669117,-0.4296511860450284,0.4199524111444065,1.337042284235949
Xavi Simons,8700,2025-26,Tottenham Hotspur,231426.0,12.352019768006743,11.751587052055228,231425.99999999983,126953.88321581483,11.184695708546496,12.303492421770962,72018.75306859153,220463.60110413376,0.6004327159515146,-0.451427742709052,0.43650139020111034,1.3755573966783377
Antoni Milambo,13780,2025-26,Brentford,52071.0,10.860382655252224,10.265856155417307,52071.000000000015,28733.568532141853,9.724621465278291,10.82955461892001,16723.357442557663,50490.21394904877,0.5945264998349167,-0.44818481434691393,0.4310924870827197,1.3791158919474202
Randal Kolo Muani,5743,2025-26,PSG,172602.0,12.058749438708686,11.470664273928866,172601.99999999994,95860.93650805314,10.93000412559012,12.00224884120645,55825.51002424647,163120.2129579972,0.5880851647798195,-0.44461282888927606,0.41833900964313925,1.4057621957882458
Gianluigi Donnarumma,1116,2025-26,Manchester City,289283.0,12.57516418352398,11.977022706593283,289283.00000000006,159056.7633270739,11.445178253130747,12.531567009844922,93448.66734167779,276942.006099269,0.5981414769306959,-0.4501689925537489,0.4238573433397742,1.4111858301608127
Randal Kolo Muani,5743,2025-26,PSG,172602.0,12.058749438708686,11.464538927098637,172601.99999999994,95275.54359675194,10.928124156380303,12.000623267561163,55720.65649589361,162855.26281955067,0.5942105116100489,-0.44800440552976223,0.41843826272125967,1.4200673421825167
Gianluigi Donnarumma,1116,2025-26,Manchester City,289283.0,12.57516418352398,11.969709105092544,289283.00000000006,157897.72178080093,11.441644156165962,12.53116044837389,93118.99005484946,276829.4346284794,0.6054550784314348,-0.4541755935163805,0.4250775592867733,1.4243402532171123
Douglas Luiz,6122,2025-26,Juventus,160190.0,11.984122132262973,11.383624330309932,160190.00000000015,87869.93158686541,10.850648552494114,11.918353609049156,51566.58479876845,149993.45549808865,0.6004978019530416,-0.4514643137095616,0.41656785008584984,1.4415365992101548
Douglas Luiz,6122,2025-26,Juventus,160190.0,11.984122132262973,11.381813518154669,160190.00000000015,87710.95781511288,10.841976754057546,11.91241584455254,51121.33444841424,149105.46270059465,0.6023086141083045,-0.45245672129900244,0.41763454039834313,1.442190613673423
Jorrel Hato,13776,2025-26,Chelsea,115713.0,11.658876908454458,11.050664268715684,115713.00000000003,62984.78019557283,10.507866280053396,11.58459502618091,36601.29711238352,107429.02949172223,0.6082126397387739,-0.455681036741137,0.42008846557977236,1.4478203749283325
Jorrel Hato,13776,2025-26,Chelsea,115713.0,11.658876908454458,11.049687292359568,115713.00000000003,62923.27462718547,10.509693615334779,11.583807504218447,36668.24292887434,107344.45928888628,0.6091896160948895,-0.45621257225043466,0.4190682723591228,1.4536763011561067
Xavi Simons,8700,2025-26,Tottenham Hotspur,231426.0,12.352019768006743,11.690238325955209,231425.99999999983,119399.4592150227,11.113317940557858,12.25542627414594,67057.31819234352,210117.3608766715,0.6617814420515344,-0.4840706782512648,0.44559647832237603,1.485158600317202
Borna Sosa,7075,2025-26,Crystal Palace,57857.0,10.96574701173844,10.33111973489039,57857.00000000003,30671.437680446208,9.7691415761697,10.848222060958193,17484.750588973857,51441.60817940129,0.6346272768480503,-0.4698750768196382,0.4210060024144564,1.5074067191642935
Romain Esse,13387,2025-26,Crystal Palace,46285.0,10.742594818539608,9.90012910056343,46285.00000000003,19931.943626379667,9.172271791224484,10.531982929487386,9625.469195779642,37494.75214794127,0.8424657179761788,-0.5693649427162222,0.5304947673765762,1.5880754529255279
Leny Yoro,10564,2025-26,Manchester United,130756.0,11.781095917778995,11.057338314703042,130755.99999999997,63406.556099445144,10.471558204151012,11.632553796432022,35296.174744472235,112706.78743378696,0.7237576030759527,-0.5150772729400933,0.45296539045726264,1.5978209777690275
Jeremie Frimpong,9328,2025-26,Liverpool,231426.0,12.352019768006743,11.643880152617934,231425.99999999983,113990.61278605573,11.105020708230827,12.182339489976108,66503.22165952499,195308.25218779506,0.7081396153888093,-0.5074424965818196,0.4203186694804268,1.6847684074185185
Jeremie Frimpong,9328,2025-26,Liverpool,231426.0,12.352019768006743,11.641643620103995,231425.99999999983,113735.95172277032,11.106667507370265,12.181620564627664,66612.83098202066,195167.88987666887,0.710376147902748,-0.5085428961189736,0.41939567603971734,1.6938089457924559
Leny Yoro,10564,2025-26,Manchester United,130756.0,11.781095917778995,11.01163699693567,130755.99999999997,60573.96675953498,10.433683711466276,11.58265536511243,33984.31204101553,107220.85360652952,0.7694589208433253,-0.5367404420482808,0.44827422014207546,1.7164915720548328
Benjamin Sesko,11974,2025-26,Manchester United,266140.0,12.49178152251158,11.76307344693502,266139.9999999999,128420.54433516592,11.209616784779977,12.297496383037048,73836.11406454134,219145.64203193565,0.7287080755765594,-0.5174699619179154,0.42443899896885473,1.716873513854536
Jesse Derry,14584,2025-26,Chelsea,11571.0,9.356343666096025,8.499046642968198,11570.999999999995,4909.085543647167,7.86851579419667,9.081633406808464,2612.6834637993334,8791.315732763323,0.8572970231278276,-0.5757423261907209,0.4733009295820665,1.8113148940671568
Jesse Derry,14584,2025-26,Chelsea,11571.0,9.356343666096025,8.499046642968198,11570.999999999995,4909.085543647167,7.86851579419667,9.081633406808464,2612.6834637993334,8791.315732763323,0.8572970231278276,-0.5757423261907209,0.4733009295820665,1.8113148940671568
Romain Esse,13387,2025-26,Crystal Palace,46285.0,10.742594818539608,9.797749580802297,46285.00000000003,17992.207072728394,9.119629829276485,10.406687093118041,9131.820287935177,33079.09738701543,0.9448452377373115,-0.6112734779576886,0.5021486730293612,1.8816045694938348
Zach Abbott,13306,2025-26,Nottingham Forest,17357.0,9.76180877420419,8.894809653043097,17357.00000000001,7293.016642552584,8.307164434087522,9.477222628719051,4051.804680338704,13057.86677927332,0.8669991211610935,-0.579822743414612,0.456501187870754,1.8992264296288335
Benjamin Sesko,11974,2025-26,Manchester United,266140.0,12.49178152251158,11.691591120124368,266139.9999999999,119561.09276385514,11.139795164105044,12.219061073067166,68856.55050142274,202613.62870809907,0.8001904023872122,-0.5507586504702218,0.4210783461285642,1.9003361482352192
Jair,13779,2025-26,Nottingham Forest,46285.0,10.742594818539608,9.899120891925003,46285.00000000003,19911.857187788202,9.33821414051301,10.4419961149049,11363.095430033103,34267.989051153665,0.843473926614605,-0.5697989156792008,0.4306433515632982,1.9586368245386154
Jair,13779,2025-26,Nottingham Forest,46285.0,10.742594818539608,9.868214392460086,46285.00000000003,19305.833748607358,9.285676736090691,10.421494375787196,10781.467734157708,33572.56820436768,0.8743804260795223,-0.5828922167309637,0.443142148061529,1.9731375810321636
Zach Abbott,13306,2025-26,Nottingham Forest,17357.0,9.76180877420419,8.885346969661096,17357.00000000001,7224.321206656187,8.312070906544182,9.439250624816324,4071.7385172962986,12571.292011963798,0.8764618045430943,-0.5837805377279379,0.43977204099416417,1.992991192804649
Alex Tóth,14374,2025-26,Bournemouth,46285.0,10.742594818539608,9.856993714736108,46285.00000000003,19090.408856116195,9.324091721156202,10.414944001551278,11203.734835929343,33353.367475375075,0.8856011038035003,-0.5875465300612254,0.425598798484287,2.080835535620518
Jonah Kusi-Asare,13262,2025-26,FC Bayern,19177.0,9.861519067713626,8.767823261795208,19176.999999999993,6423.17348996979,8.050919770695433,9.384575769386526,3135.6786700358157,11902.357347929528,1.0936958059184185,-0.6650584820373472,0.5203292882412285,2.101930125085277
Alex Tóth,14374,2025-26,Bournemouth,46285.0,10.742594818539608,9.822095633929422,46285.00000000003,18435.646747865147,9.295216827504484,10.372222084222267,10884.825700318954,31958.41463693279,0.9204991846101862,-0.6016928432998783,0.4201963468915699,2.1906406169868906
Jonah Kusi-Asare,13262,2025-26,FC Bayern,19177.0,9.861519067713626,8.827370747438994,19176.999999999993,6817.336099829043,8.235572624561648,9.38870630673664,3771.799676363934,11951.62629360758,1.0341483202746318,-0.6445045575518045,0.4498980461843051,2.2986281648597844
