player,player_id,season,club,market_value_eur,actual_log,pred_log,actual,pred,lower_log,upper_log,lower,upper,residual_log,residual_pct,sigma_log,z
Rio Cardines,13777,2025-26,Crystal Palace,100000.0,11.51293546492023,14.609788154090186,100000.00000000004,2212840.8537321636,13.762903231915418,15.470046848408597,948751.4897352568,5230652.855551142,-3.096852689169957,21.128408537321626,0.6660464345882636,-4.649604784814092
Djiamgone Jocelin Ta Bi,14460,2025-26,Sunderland,125000.0,11.736077016252437,14.533961700326813,124999.9999999999,2051252.6490546907,13.682409935676393,15.37883856072196,875376.0052400687,4774683.998029975,-2.7978846840743756,15.410021192437538,0.661865953355533,-4.227267877868077
Max Alleyne,13298,2025-26,Manchester City,600000.0,13.304686600863562,16.05966587132991,600000.0000000003,9432443.730515953,15.217051793289704,16.901283562356294,4061453.803134431,21884376.024967324,-2.7549792704663467,14.720739550859914,0.6571073188976593,-4.192586494224422
Mateus Mané,13484,2025-26,Wolverhampton,250000.0,12.429220196836383,15.386009098617059,249999.9999999998,4809044.100731545,14.501937796752552,16.329992305499246,1986604.1730915988,12360200.41408815,-2.9567889017806763,18.236176402926194,0.7132201274810559,-4.14568909072075
Solly March,6049,2025-26,Brighton & Hove Al..,1000000.0,13.815511557963774,15.938952370358551,999999.9999999997,8359860.102242372,15.108865296003012,16.768039183769528,3644993.0680520614,19154325.668621,-2.1234408123947777,7.359860102242375,0.6473309226196853,-3.2803018335682457
Pablo,14290,2025-26,West Ham United,1500000.0,14.220976332738882,16.298885072413576,1499999.9999999986,11981627.45337736,15.473093571605583,17.124829378511286,5246613.511492342,27366476.6390956,-2.077908739674694,6.987751635584915,0.6444289364073597,-3.2244187408139533
Zach Abbott,13306,2025-26,Nottingham Forest,300000.0,12.611541086966115,14.63907250832629,299999.99999999977,2278600.6658398104,13.797364692314893,15.490926270192372,982016.7792496271,5341014.012880249,-2.027531421360175,6.595335552799374,0.6607473675929454,-3.0685425637733896
Rio Cardines,13777,2025-26,Crystal Palace,300000.0,12.611541086966115,14.666514236866586,299999.99999999977,2341995.2849510806,13.818675026508364,15.539070560551878,1003168.480760279,5604443.830182138,-2.054973149900471,6.806650949836941,0.6712167040082374,-3.0615643764956895
Mohamadou Kanté,14219,2025-26,West Ham United,300000.0,12.611541086966115,14.654222606495143,299999.99999999977,2313384.5289225145,13.777371272081108,15.551957562039256,962577.8579071426,5677135.7031609425,-2.0426815195290278,6.711281763075054,0.6923593655956254,-2.950319763164816
Luke O'Nien,14099,2025-26,Sunderland,700000.0,13.45883704259595,15.218572040439586,700000.0000000006,4067632.9139209804,14.368614638546495,16.067140074694716,1738640.5337713545,9503207.863992764,-1.7597349978436352,4.8109041627442535,0.6626840295533618,-2.655466133731437
Freddie Potts,13724,2025-26,West Ham United,2500000.0,14.731801689838349,16.223435301665962,2499999.9999999995,11110878.28074986,15.403942044209074,17.067051713338707,4896062.359716229,25830116.481995597,-1.4916336118276128,3.4443513122999443,0.6488664777533582,-2.298829825501635
Karl Darlow,780,2025-26,Leeds United,200000.0,12.206077645517674,13.67187693638051,199999.99999999997,866204.0487634925,12.839842279625998,14.504579467132292,376939.36829143454,1991859.0669263836,-1.4657992908628366,3.3310202438174628,0.6495014581976098,-2.256806774430473
Ashley Barnes,4422,2025-26,Burnley,150000.0,11.918397239722838,13.357515030599236,150000.00000000006,632549.3053676476,12.539130265215487,14.19438286728819,279044.53774682316,1460635.5141711459,-1.4391177908763986,3.2169953691176487,0.6458010230083507,-2.228422903656177
Sasa Kalajdzic,8812,2025-26,Wolverhampton,2000000.0,14.508658238524095,15.941575876756714,2000000.0000000016,8381821.046074142,15.127190120091164,16.78285777086992,3712402.691567065,19440279.207717426,-1.4329176382326185,3.190910523037067,0.6459629553192449,-2.218265964685929
Karl Darlow,780,2025-26,Leeds United,200000.0,12.206077645517674,13.562215365448404,199999.99999999997,776237.7081430518,12.743625136805992,14.386535570102298,342361.41118507506,1770079.4758569724,-1.3561377199307305,2.8811885407152595,0.6409856943920667,-2.115706687053194
Sam Byram,902,2025-26,Leeds United,400000.0,12.899222326086994,14.271971089074611,399999.9999999999,1578476.1152219458,13.410659398953912,15.122034035716906,667075.0917354171,3693310.4877065313,-1.3727487629876176,2.946190288054866,0.6676971779341397,-2.0559451325448355
Luke O'Nien,14099,2025-26,Sunderland,1300000.0,14.077875591662238,15.383051998348586,1299999.9999999993,4794844.277670825,14.537796394469106,16.220852404082514,2059133.680422023,11082217.047954207,-1.305176406686348,2.688341752054483,0.6566485933492285,-1.9876329895558154
Josh Dasilva,10405,2025-26,Brentford,1500000.0,14.220976332738882,15.585891505699193,1499999.9999999986,5873089.275719333,14.6850258870013,16.46865026852435,2385753.2674468514,14198547.06676491,-1.3649151729603108,2.9153928504795594,0.6958856000636141,-1.9614074106944268
Myles Peart-Harris,10205,2025-26,,900000.0,13.710151153416941,15.077738163533581,899999.9999999995,3533282.4893734367,14.185447591216276,15.97600093709201,1447642.4583926117,8675389.846136892,-1.3675870101166403,2.9258694326371537,0.6985889531722268,-1.9576419064552284
Ashley Barnes,4422,2025-26,Burnley,200000.0,12.206077645517674,13.468081742171979,199999.99999999997,706501.3039463626,12.635398707792179,14.305811643579124,307243.37134336523,1632806.7608823322,-1.2620040966543051,2.5325065197318133,0.6517158658604602,-1.9364329806334877
Harrison Armstrong,12757,2025-26,Everton,1200000.0,13.997832948091215,15.289196086992835,1200000.0000000005,4365292.947849058,14.443927420447174,16.154944015711862,1874639.4152232187,10375355.819305588,-1.2913631389016196,2.6377441232075465,0.6675574871306965,-1.9344598237556616
Armando Broja,8384,2025-26,Burnley,5000000.0,15.424948670398354,16.670854908542516,4999999.999999999,17380420.135380704,15.838659760696732,17.503669376928027,7562101.066997038,39971183.977798596,-1.245906238144162,2.476084027076141,0.649607746959266,-1.917936237638938
Sam Byram,902,2025-26,Leeds United,600000.0,13.304686600863562,14.573922204608067,600000.0000000003,2134881.5781505755,13.720351427328458,15.423304251711528,909227.2368881898,4991784.661500789,-1.2692356037445052,2.55813596358429,0.6644113863614647,-1.9103158521940102
Tawanda Chirewa,12234,2025-26,Wolverhampton,450000.0,13.017005083966255,14.25665846639949,449999.99999999994,1554489.6076127514,13.397476020432581,15.11574273178053,658338.4906111538,3670147.681133329,-1.239653382433234,2.454421350250559,0.670386138405817,-1.8491632082088372
Myles Peart-Harris,10205,2025-26,,900000.0,13.710151153416941,14.970425983408322,899999.9999999995,3173753.987257828,14.092571255076212,15.861134455028221,1319245.443053892,7733981.241819349,-1.2602748299913813,2.5263933191753662,0.6900094416729777,-1.826460268334523
Harrison Reed,910,2025-26,Fulham,2000000.0,14.508658238524095,15.67950753951745,2000000.0000000016,6449462.709604826,14.840985088365851,16.496201571051074,2788417.3359414553,14595174.26920702,-1.1708493009933552,2.2247313548024104,0.6457869309372334,-1.8130582161117699
Mike Trésor,12094,2025-26,Burnley,2000000.0,14.508658238524095,15.74231094275561,2000000.0000000016,6867500.688059482,14.846415309462555,16.626253701416893,2803600.2499972503,16622265.358410794,-1.233652704231515,2.433750344029738,0.6944084865804445,-1.7765518827492055
Angus Gunn,5544,2025-26,Nottingham Forest,1000000.0,13.815511557963774,14.955010872552368,999999.9999999997,3125205.3549370305,14.11479727308364,15.779809524733828,1348895.317003363,7129911.532144596,-1.139499314588594,2.1252053549370316,0.6496087751746665,-1.7541316529817597
Idrissa Gueye,668,2025-26,Everton,500000.0,13.122365377402328,14.23688280760696,499999.99999999977,1524050.5004545818,13.419796971237636,15.06365378070361,673198.481595032,3483867.1809955793,-1.1145174302046321,2.048101000909165,0.641354925467588,-1.7377545348888979
Seamus Coleman,585,2025-26,Everton,200000.0,12.206077645517674,13.349258886876937,199999.99999999997,627348.3784778193,12.50999113917547,14.204868319480031,271030.7195101731,1476031.524516458,-1.1431812413592635,2.1367418923890966,0.6612606532341933,-1.7287906603364656
Melker Ellborg,14425,2025-26,Sunderland,500000.0,13.122365377402328,14.242841668544928,499999.99999999977,1533159.223261644,13.397002372099186,15.07643069994286,658026.7430438035,3528665.8685448654,-1.1204762911425998,2.0663184465232893,0.6552332440574592,-1.7100418840231224
Jorge Cuenca,8489,2025-26,Fulham,4000000.0,15.201805169084134,16.26772252724951,4000000.0000000005,11614007.15692595,15.421147882743448,17.088690063721373,4981032.127187222,26395128.53329254,-1.0659173581653771,1.9035017892314874,0.6505958335523098,-1.638371018064127
Josh Laurent,13728,2025-26,Burnley,1500000.0,14.220976332738882,15.273514301965804,1499999.9999999986,4297371.304807527,14.440069981182466,16.099601286138885,1867422.032934696,9816755.064955037,-1.0525379692269219,1.8649142032050208,0.6474703698476137,-1.6256156547745086
Emil Krafth,1545,2025-26,Newcastle United,750000.0,13.527829818844937,14.688833317580263,749999.9999999998,2394854.1757425955,13.812877475139869,15.64506217163394,997369.3806975947,6231091.095530927,-1.161003498735326,2.193138900990128,0.7148315307612154,-1.6241638047205156
Tawanda Chirewa,12234,2025-26,Wolverhampton,500000.0,13.122365377402328,14.203080902957511,499999.99999999977,1473395.5960471944,13.346912006608889,15.055180043780869,625877.7909217373,3454470.5242243726,-1.080715525555183,1.9467911920943903,0.6664851301829736,-1.6215148344847372
James Milner,489,2025-26,Brighton & Hove Al..,500000.0,13.122365377402328,14.247672921629553,499999.99999999977,1540584.229920407,13.342899121585893,15.138111605127888,623371.2439015624,3753169.8667607657,-1.1253075442272245,2.0811684598408156,0.7004067276118744,-1.606648679780823
Lukas Nmecha,6544,2025-26,Leeds United,5000000.0,15.424948670398354,16.431472799681064,4999999.999999999,13680372.872975094,15.603580166029822,17.254497963876407,5977900.6280597225,31155393.422178015,-1.0065241292827096,1.7360745745950195,0.6441097880873103,-1.5626592669420407
Lucas Pires,11824,2025-26,Burnley,4000000.0,15.201805169084134,16.18416551859578,4000000.0000000005,10683012.542503214,15.360871844163984,17.002466209004844,4689664.632467458,24214596.433460213,-0.9823603495116462,1.6707531356258032,0.6404722269286642,-1.5338063200999057
Marcus Edwards,13730,2025-26,Burnley,6000000.0,15.607270193858982,16.58301785962659,6000000.0,15918902.488001205,15.77098325094736,17.40192865039222,7067257.877957448,36104519.98098569,-0.9757476657676083,1.6531504146668674,0.636317505928314,-1.5334289198033373
Oleksandr Zinchenko,2958,2025-26,Ajax,8000000.0,15.894952224644102,16.85923678268773,8000000.000000002,20983285.18176337,16.02580754532956,17.67394482927118,9118423.047684273,47391090.65673912,-0.9642845580436283,1.6229106477204205,0.6430249634979591,-1.499606722572737
Jacob Bruun Larsen,5355,2025-26,Burnley,4000000.0,15.201805169084134,16.160756972051306,4000000.0000000005,10435842.949702501,15.332671519650447,16.974751749434084,4559261.881592607,23552716.143960677,-0.9589518029671726,1.6089607374256252,0.6406617883748732,-1.4968144196639008
Luke Shaw,1006,2025-26,Manchester United,10000000.0,16.118095750958314,17.058039686009792,9999999.999999996,25598380.531099156,16.224876229151732,17.88014785579328,11126899.792242622,58243778.54573253,-0.9399439350514776,1.5598380531099165,0.6458084454923907,-1.4554531480845314
Josh Laurent,13728,2025-26,Burnley,2000000.0,14.508658238524095,15.432165461178233,2000000.0000000016,5036214.480102281,14.598891124366691,16.272176622576612,2188858.3565876107,11665852.432573609,-0.9235072226541376,1.5181072400511384,0.6528366034138041,-1.4146069902100258
Nathaniel Clyne,603,2025-26,Crystal Palace,300000.0,12.611541086966115,13.503830260927966,299999.99999999977,732214.5823041523,12.660619275324661,14.331560976315465,315090.79098916874,1675396.4460450043,-0.892289173961851,1.4407152743471763,0.6519221649529102,-1.3687050723705692
Adam Smith,825,2025-26,Bournemouth,300000.0,12.611541086966115,13.531090681966411,299999.99999999977,752449.6424056254,12.66906459502383,14.398119036546019,317763.11031093285,1790702.355275639,-0.9195495950002961,1.50816547468542,0.6745949988381995,-1.3631135667829766
Hjalmar Ekdal,11704,2025-26,Burnley,5000000.0,15.424948670398354,16.262091981081305,4999999.999999999,11548797.702500459,15.429343687965908,17.08536344129999,5022023.453514594,26307467.791507166,-0.8371433106829507,1.3097595405000921,0.6461003290289423,-1.2956862472754607
Gabriel Jesus,5543,2025-26,Arsenal,17000000.0,16.648723960844016,17.471883575042167,16999999.999999974,38720647.746238425,16.649372108257744,18.281980887791626,17011022.078261387,87048925.12414892,-0.8231596141981505,1.2776851615434404,0.6369664779110773,-1.2923123001663934
Federico Chiesa,1433,2025-26,Liverpool,13000000.0,16.380459992348886,17.212598215501103,13000000.000000013,29876960.277019534,16.386581855975884,18.038410404380947,13079828.333045278,68231056.27225223,-0.8321382231522172,1.2982277136168852,0.6444651197397931,-1.2912075419817883
Mohamadou Kanté,14219,2025-26,West Ham United,1000000.0,13.815511557963774,14.71060219699389,999999.9999999997,2447559.0712155243,13.822306640022768,15.60213608202653,1006818.2278279747,5969274.266040187,-0.8950906390301157,1.4475590712155253,0.694404994734408,-1.2890037453899144
Souza,14410,2025-26,Tottenham Hotspur,3000000.0,14.914123179965662,15.745193943238888,3000000.000000001,6887328.26647075,14.903304520587612,16.576404795341517,2967718.9447740195,15813977.077517819,-0.8310707632732264,1.2957760888235825,0.6527643380101849,-1.2731558923800452
Guido Rodríguez,8267,2025-26,Valencia,4000000.0,15.201805169084134,16.023548075999546,4000000.0000000005,9097843.506386891,15.184343963874793,16.848791354528007,3930761.4154596394,20765246.50949839,-0.8217429069154125,1.2744608765967227,0.649388393216501,-1.2654105239627371
Luke Shaw,1006,2025-26,Manchester United,8000000.0,15.894952224644102,16.695283925906477,8000000.000000002,17810235.351677928,15.87143645301884,17.51328571580119,7814068.532576423,40357414.52325959,-0.8003317012623743,1.2262794189597406,0.6405716760104363,-1.249402262439926
James Hill,10747,2025-26,Bournemouth,5000000.0,15.424948670398354,16.24437667990155,4999999.999999999,11346008.791975506,15.3879417757109,17.086559094937673,4818347.419300478,26338941.22417861,-0.8194280095031949,1.2692017583951016,0.6627198779707283,-1.2364620961910973
Joe Worrall,10756,2025-26,Burnley,2000000.0,14.508658238524095,15.363212876452694,2000000.0000000016,4700656.15186737,14.430228066232994,16.2270012991111,1849133.1606590527,11150570.376773277,-0.8545546379285991,1.350328075933683,0.7010156579447184,-1.2190236098777534
Lucas Pires,11824,2025-26,Burnley,5000000.0,15.424948670398354,16.20085711071666,4999999.999999999,10862825.555130979,15.372756804434538,17.016568215624144,4745733.651233557,24558489.94195857,-0.7759084403183074,1.1725651110261963,0.6413372132143133,-1.2098291262868368
Andrew Robertson,1688,2025-26,Liverpool,7000000.0,15.76142084987672,16.536185255499312,6999999.999999995,15190566.826899426,15.724965173651388,17.369290624851892,6749405.773987518,34945162.192081735,-0.7747644056225926,1.1700809752713481,0.6415377672351859,-1.2076676466945495
Eddie Nketiah,6482,2025-26,Crystal Palace,10000000.0,16.118095750958314,16.891745020255446,9999999.999999996,21676623.377226815,16.070080368726426,17.719998844736423,9531191.211772451,49624678.80886092,-0.7736492692971311,1.1676623377226822,0.6437199001248477,-1.2018414673013587
Taiwo Awoniyi,7814,2025-26,Nottingham Forest,8000000.0,15.894952224644102,16.663187801041097,8000000.000000002,17247672.125042297,15.846353571800178,17.488615972733903,7620506.845248862,39373987.76942385,-0.7682355763969948,1.1559590156302866,0.6407328629135524,-1.1989951208428107
Angus Gunn,5544,2025-26,Nottingham Forest,1500000.0,14.220976332738882,14.991091798004758,1499999.9999999986,3240024.629266804,14.153646213905654,15.820513900393843,1402329.72499731,7426117.717995129,-0.7701154652658762,1.1600164195112048,0.6503326778074163,-1.1841869423850961
Jacob Bruun Larsen,5355,2025-26,Burnley,5000000.0,15.424948670398354,16.168301550134206,4999999.999999999,10514874.745139714,15.341447327000381,16.981134462059394,4599449.174351076,23703527.14869708,-0.743352879735852,1.1029749490279432,0.6397281163665145,-1.1619825058774946
Josh Cullen,1018,2025-26,Burnley,4000000.0,15.201805169084134,15.940314817587362,4000000.0000000005,8371257.734407461,15.110606658971705,16.751942248963577,3651345.855392262,18848468.010611113,-0.7385096485032285,1.092814433601865,0.6403712652615474,-1.1532523218411406
Martin Dubravka,6532,2025-26,Burnley,500000.0,13.122365377402328,13.855652654880936,499999.99999999977,1040957.6807025103,13.039113694146076,14.674691262166919,460059.6898163519,2361224.3589950204,-0.7332872774786079,1.0819153614050216,0.6381247583086272,-1.1491283921066036
Reiss Nelson,6492,2025-26,Arsenal,8000000.0,15.894952224644102,16.63431381611595,8000000.000000002,16756784.12189407,15.80078941747469,17.471881382613674,7281076.500088842,38720562.854077905,-0.7393615914718463,1.0945980152367585,0.6519807908934433,-1.1340235813675745
Ross Barkley,592,2025-26,Aston Villa,4000000.0,15.201805169084134,15.94045504003124,4000000.0000000005,8372431.655068627,15.102660012545789,16.78397385898726,3622444.8779678387,19461988.385879382,-0.738649870947107,1.0931079137671564,0.6559688839457966,-1.1260440685905193
Adam Smith,825,2025-26,Bournemouth,500000.0,13.122365377402328,13.910757409138157,499999.99999999977,1099929.3407122502,13.019383512934125,14.828250687200677,451071.56923447555,2753133.633460012,-0.7883920317358282,1.1998586814245014,0.7057341400127005,-1.1171232721172313
Jordan Henderson,605,2025-26,Brentford,1200000.0,13.997832948091215,14.726117511057728,1200000.0000000005,2485829.858326532,13.895774201220991,15.568392465322708,1083571.7066571813,5771209.827885366,-0.7282845629665129,1.0715248819387757,0.6525762803252766,-1.1160144567367658
Seamus Coleman,585,2025-26,Everton,300000.0,12.611541086966115,13.349333704056273,299999.99999999977,627395.3167446473,12.50999113917547,14.205242405376719,271030.7195101731,1476583.790757998,-0.7377926170901574,1.0913177224821595,0.6614066038005729,-1.1154902488887402
Omar Alderete,8986,2025-26,Sunderland,10000000.0,16.118095750958314,16.83010294483923,9999999.999999996,20380780.77305202,16.012388098670876,17.655403828362253,8996876.212225651,46520508.059399664,-0.7120071938809147,1.038078077305203,0.6410267760490725,-1.1107292557564061
Yves Bissouma,5609,2025-26,Tottenham Hotspur,10000000.0,16.118095750958314,16.823907111401077,9999999.999999996,20254895.229488246,15.999587214153005,17.641317752420054,8882442.216807775,45869810.284176305,-0.7058113604427625,1.0254895229488254,0.6405253553380865,-1.10192571544684
Hjalmar Ekdal,11704,2025-26,Burnley,6000000.0,15.607270193858982,16.31700401653464,6000000.0,12200700.603513386,15.49067940433481,17.143936890645797,5339695.661363525,27894409.623483934,-0.7097338226756573,1.0334501005855643,0.6450226235070766,-1.1003239216893463
Samuel Chukwueze,7208,2025-26,AC Milan,10000000.0,16.118095750958314,16.81872166315534,9999999.999999996,20150136.358955417,16.002570926859313,17.641597752826023,8908984.453009425,45882655.64822723,-0.700625912197026,1.0150136358955424,0.6394704950905972,-1.0956344625372663
Solly March,6049,2025-26,Brighton & Hove Al..,5000000.0,15.424948670398354,16.132206298666347,4999999.999999999,10142105.728166774,15.296781846136373,16.968931614879,4398532.93218982,23416034.300235327,-0.7072576282679925,1.0284211456333552,0.6523934956664305,-1.0840966885261747
Tom Cairney,6835,2025-26,Fulham,500000.0,13.122365377402328,13.81420647253044,499999.99999999977,998695.7645160661,12.988900043870265,14.633278297575874,437528.77686535736,2265436.143411264,-0.6918410951281118,0.997391529032133,0.64155836826718,-1.0783759192429256
John Stones,586,2025-26,Manchester City,12000000.0,16.300417291085605,16.986605751200905,12000000.000000007,23833571.43541325,16.167572879759753,17.808882843683072,10507215.657507189,54237484.60506184,-0.6861884601153001,0.9861309529511029,0.6403612671855642,-1.0715645921733365
Kyle Walker,638,2025-26,Burnley,1500000.0,14.220976332738882,14.904563137516499,1499999.9999999986,2971456.5189303635,14.073353215703241,15.740903074654115,1294134.180448838,6857838.954315142,-0.683586804777617,0.9809710126202441,0.6505988291330319,-1.050704019385562
Sasa Kalajdzic,8812,2025-26,Wolverhampton,4000000.0,15.201805169084134,15.875816483696193,4000000.0000000005,7848369.4615670545,15.05776076770103,16.727650748949873,3463397.0750457323,18396126.692743707,-0.6740113146120592,0.9620923653917633,0.6515118338140703,-1.0345342626645364
James Milner,489,2025-26,Brighton & Hove Al..,750000.0,13.527829818844937,14.247672921629553,749999.9999999998,1540584.229920407,13.342899121585893,15.138111605127888,623371.2439015624,3753169.8667607657,-0.7198431027846155,1.0541123065605433,0.7004067276118744,-1.0277501263287574
Tyrell Malacia,10803,2025-26,Manchester United,4000000.0,15.201805169084134,15.870841671144913,4000000.0000000005,7809422.247556872,15.036413054368698,16.71187294931375,3390245.0382189043,18108154.037299242,-0.6690365020607789,0.9523555618892177,0.6536849498439598,-1.0234846346401025
Tyrone Mings,1024,2025-26,Aston Villa,4000000.0,15.201805169084134,15.844018354259834,4000000.0000000005,7602732.063730613,15.030104973064839,16.67528491422805,3368926.401110178,17457586.296896085,-0.6422131851757005,0.9006830159326531,0.6418711486727837,-1.0005328740879287
Pascal Groß,239,2025-26,Brighton & Hove Al..,3500000.0,15.068273812173887,15.783331816440029,3499999.9999999995,7155069.4446656015,14.85616548650006,16.691731390549002,2831069.556210665,17747076.111455753,-0.7150580042661421,1.0443055556187435,0.7161507175096334,-0.998474185368003
Dan Ballard,13715,2025-26,Sunderland,10000000.0,16.118095750958314,16.74753333362022,9999999.999999996,18765549.630767595,15.926252067082427,17.570906323025145,8254358.698897575,42751134.868828624,-0.6294375826619039,0.8765549630767602,0.6416660512436966,-0.980942628088098
Borna Sosa,7075,2025-26,Crystal Palace,3000000.0,14.914123179965662,15.573761834274352,3000000.000000001,5802280.929573752,14.709737400786027,16.43612463225883,2445443.345515061,13744159.930161897,-0.6596386543086901,0.9340936431912501,0.6735543800369882,-0.9793398630597073
Benoit Badiashile Mukinayi,7240,2025-26,Chelsea,15000000.0,16.52356082573315,17.148479875186986,15000000.00000001,28021421.788435776,16.33099514460245,17.96791832822569,12372601.92471024,63586917.82006158,-0.6249190494538368,0.8680947858957172,0.6386497536667468,-0.9785004157066115
Josh Dasilva,10405,2025-26,Brentford,3000000.0,14.914123179965662,15.594224933345249,3000000.000000001,5922236.747616968,14.69480198985007,16.479263350576332,2409191.0248345067,14350039.903390534,-0.6801017533795868,0.9740789158723221,0.6962121496337489,-0.9768599323314924
Ross Barkley,592,2025-26,Aston Villa,5000000.0,15.424948670398354,16.05138442425403,4999999.999999999,9354651.997339256,15.211936740680716,16.891226668067954,4040732.289143853,21665390.16319551,-0.6264357538556773,0.8709303994678516,0.6551792467665085,-0.9561288104702822
Axel Disasi,6885,2025-26,Chelsea,15000000.0,16.52356082573315,17.131946738168754,15000000.00000001,27561948.49961384,16.313059408661033,17.95747824092821,12152668.416258108,62926518.15007295,-0.6083859124356046,0.8374632333075882,0.6415742000964371,-0.9482705388467244
Alex Murphy,12199,2025-26,Newcastle United,300000.0,12.611541086966115,13.273362731321741,299999.99999999977,581496.9533450865,12.386812199731196,14.18045547796522,239619.6195472502,1440433.6668240905,-0.6618216443556264,0.9383231778169566,0.6997944981600498,-0.9457371358244966
Callum Marshall,12359,2025-26,West Ham United,2000000.0,14.508658238524095,15.140685227423255,2000000.0000000016,3762841.5512748417,14.251567615627033,15.987368737113533,1546596.0374440795,8774572.631330319,-0.6320269888991596,0.8814207756374193,0.6772272332279269,-0.933256900917399
Aaron Ramsdale,5603,2025-26,Southampton,12000000.0,16.300417291085605,16.885676643989903,12000000.000000007,21545479.781130686,16.083490964657283,17.71560707888248,9659871.087653387,49407216.705410644,-0.5852593529042984,0.795456648427556,0.6367742632847716,-0.9191002002581954
Gabriel Jesus,5543,2025-26,Arsenal,25000000.0,17.034386422832473,17.616513857945215,24999999.999999963,44746054.696725756,16.798043643626173,18.435602515020335,19737749.787849985,101503364.65108301,-0.5821274351127421,0.7898421878690329,0.6388977688713521,-0.9111433213189993
Emil Krafth,1545,2025-26,Newcastle United,1500000.0,14.220976332738882,14.892912577268662,1499999.9999999986,2937038.259399568,14.003038943716174,15.895707869340686,1206263.48965954,8006047.442899639,-0.6719362445297801,0.9580255062663806,0.7384296069698851,-0.9099530113466634
Ki-Jana Hoever,8351,2025-26,Wolverhampton,3500000.0,15.068273812173887,15.64800178584458,3499999.9999999995,6249435.0512695545,14.82813734000316,16.470744791979612,2752821.591049821,14228317.425194807,-0.5797279736706926,0.7855528717913015,0.6408674854576305,-0.904598823977972
Callum Marshall,12359,2025-26,West Ham United,2000000.0,14.508658238524095,15.128983466766154,2000000.0000000016,3719066.2916702065,14.217283616615095,15.979914775262177,1494471.136665693,8709410.454121007,-0.6203252282420593,0.8595331458351018,0.6876950406332496,-0.9020353377433779
Hákon Valdimarsson,12595,2025-26,Brentford,2500000.0,14.731801689838349,15.314806826951068,2499999.9999999995,4478535.276237331,14.477943048535804,16.151077935004587,1939503.4272505885,10335321.29069963,-0.5830051371127194,0.7914141104949328,0.6527778418589919,-0.8931141649239003
Kieran Trippier,652,2025-26,Newcastle United,1500000.0,14.220976332738882,14.791560837683821,1499999.9999999986,2653952.140884175,13.978854518356822,15.634062675330773,1177440.6133251505,6162927.789327744,-0.5705845049449394,0.7693014272561183,0.6457836826397527,-0.883553611346413
Bertrand Traoré,695,2025-26,Sunderland,4000000.0,15.201805169084134,15.763737085312675,4000000.0000000005,7016232.442189645,14.93998625101437,16.58066014151707,3078601.293115331,15881414.411488088,-0.5619319162285414,0.754058110547411,0.6401131015187463,-0.8778634820866649
Kepa,5061,2025-26,Arsenal,5000000.0,15.424948670398354,16.00084035357037,4999999.999999999,8893580.133749109,15.149008880494058,16.8322561958777,3794292.860538105,20424712.99414578,-0.5758916831720171,0.7787160267498221,0.6567232317832479,-0.876916873502795
Hákon Valdimarsson,12595,2025-26,Brentford,2500000.0,14.731801689838349,15.30768307569123,2499999.9999999995,4446744.666437491,14.469805089945917,16.155060126370135,1923783.869844337,10376560.578757038,-0.5758813858528811,0.7786978665749966,0.6575065492662081,-0.8758565013467584
Joseph Gomez,987,2025-26,Liverpool,13000000.0,16.380459992348886,16.939894942578686,13000000.000000013,22745887.06384664,16.119552083838677,17.76197344928213,10014573.93993809,51751989.300442986,-0.5594349502298002,0.7496836202958936,0.640794883322326,-0.873032798466337
Federico Chiesa,1433,2025-26,Liverpool,18000000.0,16.705882371415992,17.263666052818067,17999999.999999985,31442342.225401264,16.437053392283566,18.084918120425428,13756930.887066463,71479275.06637229,-0.5577836814020749,0.7467967903000716,0.6429186251577628,-0.8675805297524286
Pascal Groß,239,2025-26,Brighton & Hove Al..,2500000.0,14.731801689838349,15.310944882136743,2499999.9999999995,4461272.771165822,14.45390449057422,16.18201616174614,1893436.4478410531,10660075.592845995,-0.5791431922983943,0.784509108466329,0.6742271745823105,-0.8589733759354604
Mateo Kovacic,2254,2025-26,Manchester City,10000000.0,16.118095750958314,16.654922154843604,9999999.999999996,17105696.529605165,15.833607018558679,17.49272208873903,7523988.083854809,39535994.31611108,-0.5368264038852892,0.7105696529605171,0.6473079747884789,-0.8293214741571943
Reinildo,7432,2025-26,Sunderland,5000000.0,15.424948670398354,15.956619527066042,4999999.999999999,8508867.470888643,15.133062742849777,16.778526320391197,3734268.3796025137,19356256.69774112,-0.531670856667688,0.7017734941777288,0.6419818101289143,-0.8281712165036652
Idrissa Gueye,668,2025-26,Everton,1000000.0,13.815511557963774,14.343528170185644,999999.9999999997,1695566.7020525637,13.525910564169092,15.162633596232432,748561.9375193607,3846342.8135433444,-0.5280166122218706,0.6955667020525642,0.6385716640253367,-0.8268713473652041
Axel Tuanzebe,934,2025-26,Burnley,5000000.0,15.424948670398354,15.959802810844815,4999999.999999999,8535996.771089265,15.121878402470841,16.78017649763033,3692735.7303778054,19388224.322497867,-0.5348541404464608,0.7071993542178533,0.6469892299010915,-0.826681675254821
Ao Tanaka,13834,2025-26,Leeds United,10000000.0,16.118095750958314,16.64878335987027,9999999.999999996,17001009.813496333,15.829495769084057,17.475033029545337,7493118.58726819,38842788.90585002,-0.5306876089119541,0.7001009813496339,0.6420105577079631,-0.8266026197552854
Bernardo Silva,3635,2025-26,Manchester City,22000000.0,16.906553056777135,17.43866896988126,22000000.000000007,37455680.66911746,16.61247300471454,18.262807782806266,16394770.06925603,85395825.0956564,-0.5321159131041249,0.7025309395053384,0.6438823214434573,-0.8264179577274708
Mike Trésor,12094,2025-26,Burnley,4000000.0,15.201805169084134,15.775183828979431,4000000.0000000005,7097006.888123375,14.883972163746478,16.66776970439711,2910896.945094467,17326880.620679174,-0.5733786598952975,0.7742517220308436,0.695953158538735,-0.8238753612372386
Ryan Yates,11003,2025-26,Nottingham Forest,7000000.0,15.76142084987672,16.283308449063934,6999999.999999995,11796440.180379707,15.460779507144284,17.095575748568482,5182402.522712112,26577504.24702584,-0.521887599187215,0.6852057400542451,0.6378199217448394,-0.8182365921709117
Lyle Foster,7498,2025-26,Burnley,8000000.0,15.894952224644102,16.411575126747092,8000000.000000002,13410855.544024663,15.59550702045195,17.232865884092917,5929834.441688092,30488674.699527945,-0.5166229021029896,0.6763569430030825,0.6388197353364932,-0.8087146866727005
Granit Xhaka,204,2025-26,Sunderland,10000000.0,16.118095750958314,16.647128544061694,9999999.999999996,16972899.537120074,15.81508737867383,17.49308613570047,7385928.86493905,39550389.89524787,-0.5290327931033794,0.6972899537120081,0.6546754933582924,-0.808084002640143
Tammy Abraham,702,2025-26,Aston Villa,14000000.0,16.454567959008102,16.975490964034602,14000000.00000001,23570133.09299377,16.15957976568994,17.81611463140939,10423565.036055626,54631140.28929944,-0.5209230050264999,0.6835809352138396,0.6463013014394485,-0.806006430539897
Aaron Hickey,8942,2025-26,Brentford,15000000.0,16.52356082573315,17.03286270515696,15000000.00000001,24961936.063299432,16.213560919650117,17.854083190656127,11001705.110058133,56745287.602328286,-0.5093018794238091,0.6641290708866278,0.6400539467855368,-0.7957171141301643
Lyle Foster,7498,2025-26,Burnley,8000000.0,15.894952224644102,16.398626564465964,8000000.000000002,13238323.66334918,15.58416766779811,17.222064205219752,5862973.741381261,30161118.080891315,-0.5036743398218615,0.6547904579186471,0.6390295101329027,-0.7881863542062548
Thiago,13222,2025-26,Brentford,22000000.0,16.906553056777135,17.408734776086778,22000000.000000007,36351090.030470245,16.581742028364193,18.217989342175425,15898605.603721054,81653017.23126917,-0.5021817193096432,0.6523222741122833,0.6383860613363631,-0.7866426755283518
Casemiro,2248,2025-26,Manchester United,6000000.0,15.607270193858982,16.112079263560776,6000000.0,9940015.748198625,15.284127977473853,16.939383558390418,4343225.128337533,22734258.150017425,-0.5048090697017944,0.6566692913664375,0.6458021852118782,-0.7816775496604645
Harrison Reed,910,2025-26,Fulham,4500000.0,15.319588176962746,15.826970777049898,4500000.000000002,7474222.386417177,14.988674427585376,16.653157125339217,3232201.746364971,17075531.098041918,-0.5073826000871513,0.6609383080927053,0.6494021683718311,-0.7813072157723948
Jayden Bogle,9205,2025-26,Leeds United,10000000.0,16.118095750958314,16.622174151376747,9999999.999999996,16554592.12305162,15.790268731811494,17.449764673839756,7204876.115419207,37873592.04737316,-0.5040784004184324,0.6554592123051626,0.6474565729110302,-0.7785516766816422
Enes Ünal,6219,2025-26,Bournemouth,7000000.0,15.76142084987672,16.25471746215074,6999999.999999995,11463944.12953638,15.45087808009673,17.08764751218417,5131342.53283542,26367624.59005327,-0.4932966122740208,0.6377063042194838,0.6385897671130424,-0.7724781035940058
Hee-Chan Hwang,8845,2025-26,Wolverhampton,6000000.0,15.607270193858982,16.108094079978592,6000000.0,9900481.784021715,15.279663330447576,16.945564867904082,4323877.379292654,22875220.860627737,-0.5008238861196102,0.6500802973369525,0.6499557322993663,-0.7705507640463939
Axel Tuanzebe,934,2025-26,Burnley,5000000.0,15.424948670398354,15.9201852501385,4999999.999999999,8204432.608971852,15.086113461558726,16.736082192282325,3562999.0604667948,18551888.325866267,-0.4952365797401459,0.6408865217943707,0.643739507129491,-0.7693120808267044
Marcus Edwards,13730,2025-26,Burnley,10000000.0,16.118095750958314,16.605843102213303,9999999.999999996,16286433.861615434,15.79115308870161,17.419942107933615,7211250.616390135,36760780.24953468,-0.48774735125498836,0.628643386161544,0.6354761886902601,-0.7675304912057423
Dominic Calvert-Lewin,5555,2025-26,Leeds United,15000000.0,16.52356082573315,17.026284801181774,15000000.00000001,24798277.692893382,16.17494676334924,17.868459567664562,10584981.013963567,57566971.53160009,-0.5027239754486246,0.6532185128595578,0.6607283384633148,-0.7608633475867435
Enes Ünal,6219,2025-26,Bournemouth,8000000.0,15.894952224644102,16.38077628468907,8000000.000000002,13004112.451072797,15.567690693233804,17.21712376133937,5767161.173989483,30012476.24536318,-0.48582406004496725,0.6255140563840993,0.6435305169933151,-0.754935542629463
Zian Flemming,13729,2025-26,Burnley,8000000.0,15.894952224644102,16.383855240999306,8000000.000000002,13044213.250867765,15.54904967480772,17.209764865035325,5660651.208971027,29792428.185940154,-0.48890301635520395,0.6305266563584703,0.6479322657046568,-0.7545588362133794
Ilia Gruev,8000,2025-26,,8000000.0,15.894952224644102,16.37596240210768,8000000.000000002,12941662.609544681,15.56397052984548,17.203551672176843,5745746.246627512,29607895.93854234,-0.4810101774635793,0.6177078261930848,0.6396867630335775,-0.751946429503233
Joe Rodon,6377,2025-26,Leeds United,12000000.0,16.300417291085605,16.77752517902772,12000000.000000007,19336888.044515464,15.965527334971476,17.601311895366678,8585001.42661724,44070971.1309546,-0.4771078879421147,0.6114073370429544,0.6382055169112409,-0.747577191515361
Pau Torres,6221,2025-26,Aston Villa,20000000.0,16.811242881518265,17.291778372800422,20000000.000000015,32338801.170807168,16.471382652256324,18.12210000356302,14237395.99944577,74187037.05285418,-0.4805354912821578,0.6169400585403572,0.6440315833587047,-0.7461365307212194
Yerson Mosquera,9958,2025-26,Wolverhampton,10000000.0,16.118095750958314,16.58951041382889,9999999.999999996,16022593.075878156,15.764325341127154,17.401338158937108,7020360.996511745,36083206.86308173,-0.47141466287057554,0.6022593075878162,0.6386847246732291,-0.7381022978305389
Christian Nørgaard,7083,2025-26,Arsenal,5000000.0,15.424948670398354,15.890991983815827,4999999.999999999,7968380.720719028,15.070596296691193,16.708457632859606,3508138.14483269,18046414.447577324,-0.4660433134174724,0.593676144143806,0.6390157762742044,-0.7293142528260386
Bertrand Traoré,695,2025-26,Sunderland,5000000.0,15.424948670398354,15.888209620109965,4999999.999999999,7946240.5998424655,15.06490980937073,16.70089953134984,3488245.7685434762,17910531.96140457,-0.4632609497116107,0.5892481199684934,0.6382855612262923,-0.7257894864824775
Reinildo,7432,2025-26,Sunderland,4000000.0,15.201805169084134,15.66662618842013,4000000.0000000005,6366917.690242489,14.846797737476132,16.492130596373052,2804672.6306952885,14535878.458029306,-0.4648210193359965,0.591729422560622,0.641930809916476,-0.7240983173817067
Daniel Bentley,11361,2025-26,Wolverhampton,1000000.0,13.815511557963774,14.279547907478259,999999.9999999997,1590481.3730743378,13.450383932539449,15.10164065937328,694107.7534972881,3618754.2076377193,-0.464036349514485,0.5904813730743383,0.6442420220958334,-0.7202826478237054
Daniel Bentley,11361,2025-26,Wolverhampton,800000.0,13.592368256649284,14.051804478950334,800000.0000000005,1266545.5200661188,13.230995106147391,14.86818796395398,557374.8718564743,2865311.461970494,-0.45943622230105063,0.5831819000826476,0.638754967736955,-0.7192683352879231
Tyrone Mings,1024,2025-26,Aston Villa,3000000.0,14.914123179965662,15.375611570663185,3000000.000000001,4759300.97079475,14.562172766187205,16.20855330222755,2109944.6908496977,10946750.485568825,-0.46148839069752334,0.586433656931583,0.6423395638251903,-0.7184492699613864
Aaron Ramsdale,5603,2025-26,Southampton,14000000.0,16.454567959008102,16.90904666513614,14000000.00000001,22054927.842192836,16.1037869787106,17.74287370008571,9857931.102895439,50772919.02721067,-0.45447870612803953,0.5753519887280587,0.6394938634368973,-0.7106850153111527
Axel Disasi,6885,2025-26,Chelsea,18000000.0,16.705882371415992,17.159428740031586,17999999.999999985,28329910.27694998,16.344004746524647,17.9820031090792,12534616.148716453,64488862.57320747,-0.4535463686155943,0.5738839042750001,0.6390692374681265,-0.7096983269175351
Wataru Endo,8808,2025-26,Liverpool,5000000.0,15.424948670398354,15.87522375455108,4999999.999999999,7843718.8820560025,15.052909256368185,16.684819890969685,3446635.0534808086,17624840.099128556,-0.4502750841527252,0.5687437764112008,0.6366940948856852,-0.7072078848690587
Radu Dragusin,9105,2025-26,Tottenham Hotspur,16000000.0,16.588099342704055,17.03192214598466,16000000.000000026,24938468.922283567,16.224137812673767,17.859835869174297,11118686.538123231,57072665.75287022,-0.44382280328060375,0.5586543076427204,0.6381717671961805,-0.6954597901291488
Joël Veltman,8780,2025-26,Brighton & Hove Al..,1500000.0,14.220976332738882,14.668734472461972,1499999.9999999986,2347200.8451137976,13.834412865429389,15.515812485982693,1019081.0870419367,5475599.379345193,-0.4477581397230903,0.5648005634091998,0.6560023489342217,-0.6825556957997839
Wesley Fofana,7589,2025-26,Chelsea,28000000.0,17.147715103853763,17.59241970619698,27999999.99999999,43680820.925384775,16.751411829774025,18.421853922560835,18838473.07194218,100117385.70516895,-0.4447046023432186,0.5600293187637426,0.6517272415382976,-0.6823477276990367
Reece James,8067,2025-26,Chelsea,35000000.0,17.370858648025116,17.803879643303205,35000000.000000015,53966801.30252601,16.980821392568593,18.624348559881412,23696107.458709266,122589085.43946071,-0.43302099527808835,0.5419086086435997,0.641226314741063,-0.6753013488739134
Wesley Fofana,7589,2025-26,Chelsea,28000000.0,17.147715103853763,17.58644102602745,27999999.99999999,43420446.38518265,16.744942689607537,18.410385382202918,18716997.686937064,98975744.40792426,-0.43872592217368833,0.550730228042238,0.649776712806906,-0.6751948993039159
Tyrell Malacia,10803,2025-26,Manchester United,5000000.0,15.424948670398354,15.864563442334491,4999999.999999999,7760546.48867118,15.027877670408573,16.70436511567067,3361431.1303777173,17972710.103178542,-0.43961477193613696,0.5521092977342362,0.6540858512200443,-0.6721056129193719
Altay Bayindir,12054,2025-26,Manchester United,5000000.0,15.424948670398354,15.863957132599806,4999999.999999999,7755842.619327297,15.0192685463253,16.71211821486071,3332616.357021291,18112595.88854314,-0.4390084622014516,0.5511685238654598,0.6604696143480197,-0.6646913842278988
Fabio Carvalho,9501,2025-26,Brentford,8000000.0,15.894952224644102,16.32135917815125,8000000.000000002,12253952.506984785,15.49874650336248,17.147558412507365,5382945.739889232,27995612.98585672,-0.42640695350714886,0.5317440633730978,0.6432881702410698,-0.6628552695868082
Aaron Hickey,8942,2025-26,Brentford,16000000.0,16.588099342704055,17.01080182332744,16000000.000000026,24417283.56592589,16.19423315169044,17.833173402330708,10791108.425013054,55571074.683046736,-0.42270248062338567,0.5260802228703656,0.6394367175062493,-0.6610544390880315
Kaoru Mitoma,10806,2025-26,Brighton & Hove Al..,22000000.0,16.906553056777135,17.32652736674006,22000000.000000007,33482294.57310798,16.50012449529032,18.14637932160231,14652542.48806323,76010291.87166147,-0.4199743099629245,0.5219224805958168,0.6422905178541579,-0.6538697027102714
Borna Sosa,7075,2025-26,Crystal Palace,4000000.0,15.201805169084134,15.636729968362005,4000000.0000000005,6179388.068775007,14.78176801383731,16.50015098541833,2628089.2871496743,14652930.640957003,-0.4349247992778711,0.5448470171937515,0.670431497632172,-0.6487236963268241
Granit Xhaka,204,2025-26,Sunderland,8000000.0,15.894952224644102,16.336028712274025,8000000.000000002,12435037.263230124,15.467500394088066,17.21522630544691,5217350.178958972,29955582.886955407,-0.4410764876299229,0.5543796579037652,0.6818797204006263,-0.6468537990406523
Santiago Bueno,10945,2025-26,Wolverhampton,10000000.0,16.118095750958314,16.530205591877525,9999999.999999996,15100003.38039546,15.700717427652258,17.344106137726094,6587716.100044898,34076075.86127252,-0.41210984091921077,0.5100003380395467,0.6411722952962569,-0.6427443043664158
Gabriel Gudmundsson,9944,2025-26,Leeds United,12000000.0,16.300417291085605,16.710111270541905,12000000.000000007,18076281.36791836,15.892323976372786,17.53205715184621,7979001.617769646,41122136.17440121,-0.40969397945629993,0.5063567806598624,0.6397460791515837,-0.6404009228155435
James Ward-Prowse,843,2025-26,West Ham United,6000000.0,15.607270193858982,16.017889020087434,6000000.0,9046503.70007543,15.186258857330662,16.83881708460792,3938295.6179809175,20559157.826533377,-0.41061882622845225,0.5077506166792385,0.6447498058122036,-0.6368653740208388
Ben Winterburn,13242,2025-26,Bournemouth,450000.0,13.017005083966255,13.501033960232313,449999.99999999994,730169.9474012882,12.573677659411024,14.536853076533063,288853.2918234199,2057192.1776164323,-0.4840288762660574,0.622599883113974,0.7659378943943037,-0.6319427199104998
Will Hughes,6104,2025-26,Crystal Palace,6000000.0,15.607270193858982,16.029110855217233,6000000.0,9148593.832291612,15.16420327151616,16.88529218839429,3852385.0653061913,21537198.09255693,-0.42184066135825127,0.5247656387152687,0.6714872290890441,-0.6282184427104154
Michael Kayode,11281,2025-26,Brentford,20000000.0,16.811242881518265,17.213994625405157,20000000.000000015,29918709.904662374,16.390734433504228,18.0361029418732,13134256.268306237,68073797.1702491,-0.40275174388689194,0.4959354952331176,0.6419447186488906,-0.6273931885202962
Santiago Bueno,10945,2025-26,Wolverhampton,10000000.0,16.118095750958314,16.51655694935197,9999999.999999996,14895308.89701211,15.687013576323995,17.333363601384413,6498054.760310298,33711971.57052235,-0.39846119839365457,0.4895308897012116,0.6423276598885793,-0.6203394673409723
James Ward-Prowse,843,2025-26,West Ham United,5000000.0,15.424948670398354,15.825798811991108,4999999.999999999,7465467.988692844,14.992544986700036,16.649085247812856,3244736.420615446,17006142.988455553,-0.4008501415927537,0.49309359773856914,0.646303406465928,-0.6202197568238963
Noussair Mazraoui,10696,2025-26,Manchester United,18000000.0,16.705882371415992,17.10548955208488,17999999.999999985,26842298.80386413,16.278717707411154,17.936277824518687,11742409.880961658,61606491.73666848,-0.39960718066888745,0.49123882243689726,0.6467013058825378,-0.6179161492855703
Victor Lindelöf,6080,2025-26,Aston Villa,6000000.0,15.607270193858982,16.00255249993948,6000000.0,8908820.289361203,15.17693495643498,16.823501255532978,3901745.987967918,20246676.3289531,-0.39528230608049775,0.48480338156020053,0.6424120397557637,-0.6153096169100111
Casemiro,2248,2025-26,Manchester United,8000000.0,15.894952224644102,16.29106882753704,8000000.000000002,11888341.160553373,15.464589186837332,17.115184184339064,5202183.475796908,27103790.51426293,-0.3961166028929366,0.48604264506917133,0.6439838467097393,-0.6151033211730184
Nathan Aké,579,2025-26,Manchester City,12000000.0,16.300417291085605,16.690098114903805,12000000.000000007,17718113.900711168,15.86624707248385,17.513013154051492,7773623.385638639,40346416.13440949,-0.3896808238181997,0.4765094917259297,0.6424899853956704,-0.6065165725162533
Jordan Henderson,605,2025-26,Brentford,2000000.0,14.508658238524095,14.903060398938933,2000000.0000000016,2966994.548512286,14.073926963358515,15.741457330878209,1294876.9005208036,6861641.008352384,-0.3944021604148382,0.4834972742561418,0.6505912245014608,-0.6062211501808424
João Palhinha,10715,2025-26,FC Bayern,15000000.0,16.52356082573315,16.91001252289789,15000000.00000001,22076240.057027128,16.077796068500934,17.722371728795476,9605015.466020638,49742572.23891804,-0.38645169716474115,0.47174933713514094,0.6416353869511694,-0.602291745474056
Will Hughes,6104,2025-26,Crystal Palace,5000000.0,15.424948670398354,15.828901733113199,4999999.999999999,7488668.726518944,14.962439738091968,16.686670780159467,3148508.543687948,17657491.93513418,-0.40395306271484444,0.49773374530378905,0.6727131372429868,-0.6004833863812814
Mohamed Salah,1250,2025-26,Liverpool,22000000.0,16.906553056777135,17.295539406551278,22000000.000000007,32460657.506487504,16.4754103365556,18.142381795259897,14294855.376241267,75707045.24562916,-0.38898634977414304,0.47548443211306785,0.6503731648021132,-0.5980971707104468
Hugo Bueno,10140,2025-26,Wolverhampton,10000000.0,16.118095750958314,16.500095290282772,9999999.999999996,14652114.566668838,15.677725678415241,17.321672268923468,6437980.89362913,33320128.737022165,-0.3819995393244575,0.46521145666688435,0.6413899537701326,-0.5955807961740575
David Møller Wolfe,13740,2025-26,Wolverhampton,8000000.0,15.894952224644102,16.273841766255938,8000000.000000002,11685293.936637472,15.451961051093441,17.10602384703516,5136902.639229203,26856644.341136057,-0.3788895416118354,0.4606617420796837,0.6453368171127617,-0.587119054057675
Nicolò Savona,12905,2025-26,Nottingham Forest,15000000.0,16.52356082573315,16.900660854924777,15000000.00000001,21870752.702871915,16.066762276654018,17.714684405398177,9499618.248421157,49361651.00006729,-0.37710002919162733,0.4580501801914601,0.6429410201491006,-0.5865235182912677
Victor Lindelöf,6080,2025-26,Aston Villa,5000000.0,15.424948670398354,15.798906653861513,4999999.999999999,7267380.849189237,14.974154855935243,16.61234604705549,3185610.607210842,16392688.759622272,-0.3739579834631588,0.4534761698378476,0.6391444700246756,-0.5850914793156566
Luca Netz,8401,2025-26,Nottingham Forest,6000000.0,15.607270193858982,15.983183076217799,6000000.0,8737921.99867404,15.150163346639678,16.797062213176673,3798675.7738223383,19718388.060870476,-0.3759128823588167,0.4563203331123401,0.642541791790018,-0.5850403618285807
Nicolò Savona,12905,2025-26,Nottingham Forest,15000000.0,16.52356082573315,16.894178117682927,15000000.00000001,21729428.930713117,16.060726178774424,17.70620934207499,9442450.325980034,48945075.61843199,-0.37061729194977744,0.4486285953808736,0.6419894515627826,-0.5772949867752357
Nathaniel Clyne,603,2025-26,Crystal Palace,750000.0,13.527829818844937,13.90825536236581,749999.9999999998,1097180.7035967044,13.056557813303138,14.748386574072212,468155.44971706526,2541807.958951091,-0.38042554352087343,0.46290760479560633,0.6600713045800295,-0.5763400724758354
Nordi Mukiele,5659,2025-26,Sunderland,15000000.0,16.52356082573315,16.88901313539892,15000000.00000001,21617486.150176957,16.070307623737747,17.71138096767704,9533357.469103536,49198856.89500995,-0.3654523096657698,0.4411657433451296,0.640268949295499,-0.5707793733678392
Jorge Cuenca,8489,2025-26,Fulham,8000000.0,15.894952224644102,16.265479330290066,8000000.000000002,11587983.847757667,15.419490320754285,17.084428266540478,4972782.594953175,26282877.21074407,-0.37052710564596403,0.44849798096970805,0.6495797845523751,-0.5704104629753741
Jadon Sancho,6345,2025-26,Manchester United,18000000.0,16.705882371415992,17.07212363064877,17999999.999999985,25961457.495799165,16.24490927032564,17.903014514470236,11352053.177590415,59590963.27810999,-0.3662412592327762,0.44230319421106595,0.64691398858593,-0.5661359403177106
Alejandro Garnacho,10552,2025-26,Chelsea,28000000.0,17.147715103853763,17.508073346693042,27999999.99999999,40147604.057122156,16.687241680826723,18.338110350929014,17667575.48771249,92074661.1437096,-0.3603582428392791,0.4338430020400776,0.6440906207726156,-0.5594837608518708
Leon Bailey,5221,2025-26,Aston Villa,14000000.0,16.454567959008102,16.810283207713375,14000000.00000001,19980815.72973573,15.998731092342979,17.647672275495065,8874841.017683998,46162219.13386511,-0.35571524870527327,0.4272011235525511,0.643338606824582,-0.5529207246880887
Anton Stach,9910,2025-26,Leeds United,20000000.0,16.811242881518265,17.16453122936723,20000000.000000015,28474832.76542026,16.346710335848137,17.987361199113224,12568575.59448915,64835327.07553224,-0.35328834784896657,0.423741638271012,0.6401041173832808,-0.5519232547561087
Arthur Masuaku,1760,2025-26,Sunderland,2500000.0,14.731801689838349,15.088845202306683,2499999.9999999995,3572745.559309934,14.243529160119326,15.919920342942287,1534213.6204003834,8202259.483319005,-0.35704351246833355,0.42909822372397377,0.6540482941839807,-0.545897781009882
Omar Alderete,8986,2025-26,Sunderland,13000000.0,16.380459992348886,16.723127176658057,13000000.000000013,18313098.413030762,15.898439100460392,17.544536788197362,8027943.699810411,41638541.06281427,-0.3426671843091711,0.4086998779254418,0.6422292098384654,-0.5335590145383754
Angel Gomes,5598,2025-26,Marseille,10000000.0,16.118095750958314,16.45821386904846,9999999.999999996,14051135.906023193,15.636144262378629,17.281876594391473,6175769.823341254,32020169.630507987,-0.340118118090146,0.40511359060231983,0.6420866653711695,-0.5297074934479985
Taiwo Awoniyi,7814,2025-26,Nottingham Forest,14000000.0,16.454567959008102,16.789600710495108,14000000.00000001,19571806.7863665,15.974980422266416,17.609851911106574,8666540.99711936,44448949.60044467,-0.33503275148700595,0.39798619902617766,0.6378492797160307,-0.5252537897920994
Benoit Badiashile Mukinayi,7240,2025-26,Chelsea,20000000.0,16.811242881518265,17.140905109559352,20000000.000000015,27809967.94595871,16.323814584860028,17.962600875109622,12284077.916565701,63249694.73899251,-0.32966222804108725,0.3904983972979345,0.6393766494672837,-0.5155994175197913
Martin Dubravka,6532,2025-26,Burnley,750000.0,13.527829818844937,13.85661389821449,749999.9999999998,1041958.7763660242,13.040489623766259,14.676636446909688,460693.13663573697,2365821.848571224,-0.32878407936955334,0.38927836848803266,0.638346854646104,-0.5150555328604689
Bruno Fernandes,1228,2025-26,Manchester United,35000000.0,17.370858648025116,17.701209098778918,35000000.000000015,48700949.181630395,16.874673571019837,18.520158466061872,21309712.7435214,110459385.24447364,-0.33035045075380154,0.391455690903725,0.6419901272061312,-0.5145724782271178
Jefferson Lerma,2182,2025-26,Crystal Palace,6000000.0,15.607270193858982,15.936191548510502,6000000.0,8336811.8457694035,15.10943352030355,16.748646284130672,3647064.8308140766,18786446.386291414,-0.32892135465151995,0.38946864096156725,0.6395430392209127,-0.514306832347374
Lewis Dunk,6048,2025-26,Brighton & Hove Al..,4000000.0,15.201805169084134,15.531283007320026,4000000.0000000005,5560968.42098103,14.709088705604268,16.361444996788727,2443857.511967766,12755140.418411264,-0.32947783823589205,0.3902421052452573,0.644671019930732,-0.5110790279843718
Josh Cullen,1018,2025-26,Burnley,7000000.0,15.76142084987672,16.085155639572797,6999999.999999995,9675965.026276182,15.260743087769068,16.901057612061987,4242837.614558766,21879431.80213313,-0.3237347896960774,0.38228071803945557,0.6399728938757436,-0.5058570336245106
Eddie Nketiah,6482,2025-26,Crystal Palace,16000000.0,16.588099342704055,16.90927552776236,16000000.000000026,22059975.968770456,16.088772862120372,17.737579256387562,9711028.526766516,50504815.017798916,-0.3211761850583059,0.37874849804815125,0.6432860185974757,-0.4992743130941199
Andrés García,13392,2025-26,Aston Villa,6000000.0,15.607270193858982,15.935308531226733,6000000.0,8329453.5451664645,15.106818514528456,16.79394947513501,3637540.191525379,19657105.309178013,-0.3280383373677509,0.3882422575277441,0.6582384458688901,-0.49835791182742695
Michael Keane,1653,2025-26,Everton,4000000.0,15.201805169084134,15.520612541475158,4000000.0000000005,5501945.746446493,14.672876971232661,16.337929997259653,2356944.293048919,12458702.30464081,-0.3188073723910243,0.3754864366116231,0.6496246834017372,-0.4907562482410621
Sam Johnstone,978,2025-26,Wolverhampton,2000000.0,14.508658238524095,14.823289158095152,2000000.0000000016,2739507.70651342,14.004439188207943,15.652192250170886,1207953.7379710763,6275678.036847169,-0.3146309195710568,0.369753853256709,0.6428750583133483,-0.48941223570957126
Joseph Gomez,987,2025-26,Liverpool,18000000.0,16.705882371415992,17.016383632042718,17999999.999999985,24553957.26608773,16.2000121555781,17.839177474192223,10853650.83067507,55905731.06000586,-0.3105012606267259,0.364108737004875,0.6395245283500924,-0.4855189236099939
Matthijs de Ligt,7902,2025-26,Manchester United,30000000.0,17.216707972959764,17.525713912413668,30000000.00000005,40862114.17509385,16.70681655508008,18.348883538602394,18016823.163626634,93071961.1634209,-0.309005939453904,0.3620704725031262,0.6406566203122439,-0.48232692780619413
James Maddison,6818,2025-26,Tottenham Hotspur,20000000.0,16.811242881518265,17.121855918071688,20000000.000000015,27285224.36054831,16.29400989843743,17.947624258542838,11923357.084653037,62309486.44144597,-0.3106130365534234,0.36426121802741446,0.6451618587278717,-0.4814497824869705
Lucas Digne,1823,2025-26,Aston Villa,6000000.0,15.607270193858982,15.917750088482252,6000000.0,8184477.793298071,15.089985125640691,16.747692252125034,3576820.5386201297,18768532.060991287,-0.3104798946232705,0.3640796322163452,0.6467586619657225,-0.4800552553553981
Ben Winterburn,13242,2025-26,Bournemouth,450000.0,13.017005083966255,13.387502636249877,449999.99999999994,651805.251355315,12.452838376205547,14.437391296635967,255974.8482417688,1862426.4894442367,-0.3704975522836218,0.44845611412292236,0.7742783818151538,-0.4785069052490632
Oleksandr Zinchenko,2958,2025-26,Ajax,18000000.0,16.705882371415992,17.01235933553754,17999999.999999985,24455343.416421756,16.183910546821775,17.832820218760467,10680289.022813639,55551451.35765694,-0.306476964121547,0.3586301898012098,0.6433263126443342,-0.4763942622862749
Joshua Zirkzee,8044,2025-26,Manchester United,20000000.0,16.811242881518265,17.11181924178168,20000000.000000015,27012741.086688474,16.299543323257957,17.940121209651487,11989516.966778416,61843724.8119477,-0.30057636026341683,0.35063705433442266,0.6400756452707774,-0.4695950587781872
Brenden Aaronson,10751,2025-26,Leeds United,15000000.0,16.52356082573315,16.825547114704236,15000000.00000001,20288140.58000065,15.998637168555462,17.65128018137367,8874007.498052353,46329068.88736884,-0.3019862889710865,0.35254270533337584,0.6447828851071787,-0.4683534503569972
Yerson Mosquera,9958,2025-26,Wolverhampton,12000000.0,16.300417291085605,16.59485627893562,12000000.000000007,16108477.060030168,15.768902765570353,17.409992929724375,7052569.833635049,36396854.070940994,-0.29443898785001466,0.3423730883358465,0.640275511745161,-0.4598629534455875
Jenson Seelt,13714,2025-26,Sunderland,5000000.0,15.424948670398354,15.717747522810587,4999999.999999999,6700866.293740297,14.886806332443365,16.533661715558907,2919158.6228944226,15152281.150305565,-0.2927988524122327,0.3401732587480596,0.6425248266222705,-0.45570044966428075
Dennis Cirkin,8537,2025-26,Sunderland,6000000.0,15.607270193858982,15.902937197603118,6000000.0,8064135.511045922,15.072983225015161,16.75603270630924,3516521.8231610944,18925724.769147214,-0.29566700374413557,0.3440225851743203,0.6566460463087982,-0.450268459554683
Lutsharel Geertruida,13064,2025-26,RB Leipzig,20000000.0,16.811242881518265,17.09823321447785,20000000.000000015,26648226.991195645,16.269854891645373,17.920448465911512,11638798.877510227,60638978.232011236,-0.2869903329595864,0.33241134955978124,0.6439832914307437,-0.44564872532946825
Jenson Seelt,13714,2025-26,Sunderland,5000000.0,15.424948670398354,15.708349950997748,4999999.999999999,6638189.378815512,14.87940027925455,16.52582962268888,2897619.031593164,15034070.591617372,-0.28340128059939396,0.32763787576310266,0.6423586061543956,-0.4411885789092649
Timothy Castagne,6157,2025-26,Fulham,10000000.0,16.118095750958314,16.399708484538486,9999999.999999996,13252654.223391417,15.572515257515377,17.21047462649122,5795052.4461371135,29813581.209766284,-0.2816127335801717,0.32526542233914224,0.6390540240239718,-0.44067124686411174
Alisson,1257,2025-26,Liverpool,17000000.0,16.648723960844016,16.931692841249493,16999999.999999974,22560086.006312717,16.099924854742163,17.74775964044976,9819931.97294982,51021599.51086204,-0.28296888040547685,0.3270638827242795,0.6429069430406922,-0.4401397176816095
Arthur Masuaku,1760,2025-26,Sunderland,2000000.0,14.508658238524095,14.79873683098293,2000000.0000000016,2673065.387083177,13.944929069191705,15.640356047283014,1138165.3599040827,6201835.695058301,-0.29007859245883516,0.3365326935415874,0.6614751582424833,-0.43853285923777396
Lutsharel Geertruida,13064,2025-26,RB Leipzig,20000000.0,16.811242881518265,17.089326207235036,20000000.000000015,26411924.96564176,16.262163437708793,17.908283503195875,11549622.970192349,59905776.04116559,-0.2780833257167714,0.320596248282087,0.6422379405747268,-0.4329911208109564
João Palhinha,10715,2025-26,FC Bayern,25000000.0,17.034386422832473,17.312544627464877,24999999.999999963,33017378.339905623,16.48065229677338,18.137849564349423,14369985.186386753,75364699.81078789,-0.2781582046324047,0.3206951335962269,0.6465597392126897,-0.43021268996909023
Mathys Tel,9780,2025-26,Tottenham Hotspur,22000000.0,16.906553056777135,17.184196372875647,22000000.000000007,29040336.590648968,16.35480615051888,18.011292557047337,12670741.461220372,66405639.42823774,-0.2776433160985121,0.3200152995749526,0.646282394962529,-0.42960061772162256
Kiernan Dewsbury-Hall,9739,2025-26,Everton,25000000.0,17.034386422832473,17.310327448219702,24999999.999999963,32944253.986558292,16.475563873126287,18.124736672980575,14297050.327966088,74382901.84915492,-0.27594102538722964,0.31777015946233367,0.6434289726714868,-0.4288601183772243
Mason Mount,7768,2025-26,Manchester United,25000000.0,17.034386422832473,17.306909175092215,24999999.999999963,32831833.77599038,16.48413212460564,18.124871889897364,14420077.369806362,74392960.3559648,-0.2725227522597429,0.31327335103961723,0.6401388027356417,-0.42572446959177174
Noussair Mazraoui,10696,2025-26,Manchester United,22000000.0,16.906553056777135,17.176237876592886,22000000.000000007,28810136.41054964,16.34606610038736,18.00866640870479,12560481.07942229,66231477.15377036,-0.2696848198157511,0.3095516550249832,0.6486677493337871,-0.4157518546169905
Chadi Riad,11167,2025-26,Crystal Palace,12000000.0,16.300417291085605,16.56764614116633,12000000.000000007,15676072.722279906,15.739799071774291,17.391852911191897,6850272.056962998,35742566.778797224,-0.2672288500807234,0.30633939352332473,0.6445530176027491,-0.4145956077819837
Nordi Mukiele,5659,2025-26,Sunderland,16000000.0,16.588099342704055,16.8524687471701,16000000.000000026,20841749.05663968,16.033206011884854,17.675983794721116,9186135.578619285,47487818.03364079,-0.26436940446604495,0.3026093160399778,0.6409339404768687,-0.4124752767334312
Ki-Jana Hoever,8351,2025-26,Wolverhampton,5000000.0,15.424948670398354,15.6883944104888,4999999.999999999,6507033.695492487,14.871839206016343,16.513878003325182,2875792.534175207,14855458.568018999,-0.26344574009044486,0.30140673909849774,0.6406456233891923,-0.4112191365590607
Adrien Truffert,8640,2025-26,Bournemouth,20000000.0,16.811242881518265,17.07692274037428,20000000.000000015,26086348.827655144,16.25059440982533,17.908684300896027,11416774.99114572,59929790.951068364,-0.2656798588560143,0.30431744138275624,0.6469079985450035,-0.41069187497073706
Lukas Nmecha,6544,2025-26,Leeds United,10000000.0,16.118095750958314,16.382256015568903,9999999.999999996,13023369.283262083,15.548072738082858,17.199395388993892,5655123.8103403915,29485092.51410058,-0.26416026461058806,0.30233692832620884,0.6442677425426374,-0.41001628231155157
Rodrigo Bentancur,6108,2025-26,Tottenham Hotspur,20000000.0,16.811242881518265,17.072697711694236,20000000.000000015,25976365.755899627,16.25156966892519,17.8896890133734,11427914.737008465,58802151.1490518,-0.26145483017597115,0.2988182877949804,0.6391164388623971,-0.40908794435228546
Lucas Digne,1823,2025-26,Aston Villa,8000000.0,15.894952224644102,16.151111607977544,8000000.000000002,10335669.317587148,15.320290245227753,16.960115887632593,4503160.417179089,23210512.164428458,-0.2561593833334417,0.29195866469839327,0.6397821553606339,-0.4003853205143697
Guglielmo Vicario,8858,2025-26,Tottenham Hotspur,18000000.0,16.705882371415992,16.960166125532744,17999999.999999985,23211678.241161644,16.142935337820163,17.78118828849203,10251506.622146077,52756010.6360818,-0.2542837541167522,0.2895376800645369,0.6391685656712053,-0.397835199936222
Jack Grealish,675,2025-26,Manchester City,25000000.0,17.034386422832473,17.288358215248433,24999999.999999963,32228386.298102025,16.45621731849586,18.09527324803609,14023110.087660113,72223297.66768073,-0.25397179241596035,0.2891354519240829,0.6394818499240102,-0.3971524640552971
Alex Tóth,14374,2025-26,Bournemouth,5000000.0,15.424948670398354,15.685904379173396,4999999.999999999,6490851.131237509,14.837965729801809,16.531136901323826,2780010.798720307,15114072.707545845,-0.2609557087750414,0.298170226247502,0.660595049557964,-0.3950312811905863
Tim Iroegbunam,9554,2025-26,Everton,11000000.0,16.213405921671733,16.467302114600194,11000000.000000013,14179418.135740371,15.649033003147174,17.298220732019303,6255882.9018532345,32547811.889266495,-0.2538961929284618,0.28903801234003224,0.6434347972658611,-0.3945950607696996
James Garner,7438,2025-26,Everton,22000000.0,16.906553056777135,17.158197052755696,22000000.000000007,28295038.16587938,16.325420035903306,17.97116358584247,12303815.243294546,63793608.95427806,-0.25164399597856146,0.2861380984490623,0.6420910420737241,-0.39191326383536124
Emiliano Buendía,2203,2025-26,Aston Villa,18000000.0,16.705882371415992,16.9560751034016,17999999.999999985,23116912.723769378,16.131092274835677,17.776256080991352,10130813.470668226,52496447.67516759,-0.25019273198560654,0.2842729290982998,0.6418648535584549,-0.38979035944802887
Joe Willock,6630,2025-26,Newcastle United,14000000.0,16.454567959008102,16.704290965376927,14000000.00000001,17971377.47077906,15.880040864670898,17.528844030275742,7881594.095774776,40990217.79681009,-0.24972300636882494,0.28366981934136065,0.6432847589266297,-0.3881997869582781
Noah Sadiki,13716,2025-26,Sunderland,17000000.0,16.648723960844016,16.895394785356498,16999999.999999974,21755882.515022155,16.08536379875399,17.724941512619775,9677979.377086982,49870564.284514606,-0.24667082451248135,0.2797577950013052,0.6396854254089919,-0.3856127007345351
Joe Worrall,10756,2025-26,Burnley,4000000.0,15.201805169084134,15.4762021760822,4000000.0000000005,5262948.537262619,14.500567513620451,16.348334425977164,1983883.825781445,12589004.68052024,-0.2743970069980666,0.3157371343156545,0.7209109720091736,-0.38062537213620723
Konstantinos Mavropanos,6722,2025-26,West Ham United,15000000.0,16.52356082573315,16.76656423624365,15000000.00000001,19126094.866485074,15.947915797683544,17.58517391116152,8435129.943605853,43365462.53360007,-0.24300341051050012,0.2750729910990041,0.6387804274035249,-0.38041774620153174
Tomas Soucek,8288,2025-26,West Ham United,10000000.0,16.118095750958314,16.36191077165022,9999999.999999996,12761082.826443449,15.527097713401652,17.174832849377808,5537742.766481429,28769685.807171445,-0.24381502069190475,0.27610828264434534,0.6428680644438983,-0.3792613666426448
Sven Botman,8635,2025-26,Newcastle United,35000000.0,17.370858648025116,17.61276189723148,35000000.000000015,44578483.80992653,16.79121435908563,18.43500167766741,19603414.30126738,101442395.9555214,-0.24190324920636286,0.27367096599790036,0.6413278134219433,-0.37719126497202066
David Brooks,6820,2025-26,Bournemouth,12000000.0,16.300417291085605,16.547265262305284,12000000.000000007,15359814.322016228,15.712419085943974,17.392828237978947,6665256.1029950315,35777444.46839747,-0.2468479712196796,0.2799845268346849,0.6556159151164497,-0.37651308567735847
Virgil van Dijk,833,2025-26,Liverpool,18000000.0,16.705882371415992,16.94560063577653,17999999.999999985,22876039.07327822,16.115391445286463,17.767051783274187,9972993.473986741,52015471.65137608,-0.2397182643605369,0.27089105962656873,0.6443994920165911,-0.372002565691602
Romeo Lavia,10004,2025-26,Chelsea,22000000.0,16.906553056777135,17.15145765345923,22000000.000000007,28104987.73104721,16.309130996922907,18.000789302825886,12105021.376943715,65711814.19494644,-0.24490459668209397,0.27749944232032725,0.6600048011794233,-0.37106487141374034
Joelinton,87,2025-26,Newcastle United,25000000.0,17.034386422832473,17.273845205459295,24999999.999999963,31764033.12923111,16.439961758770377,18.094444175652733,13796999.325336106,72163444.14020212,-0.23945878262682285,0.2705613251692463,0.6455005332926362,-0.3709660492538505
Jake O'Brien,12014,2025-26,Everton,16000000.0,16.588099342704055,16.825237118531444,16000000.000000026,20281852.308478203,16.009395748618,17.65264270460237,8969994.645810764,46392236.34504626,-0.2371377758273887,0.2676157692798856,0.6411169895768289,-0.3698822206909727
Harry Maguire,1687,2025-26,Manchester United,10000000.0,16.118095750958314,16.354788353030504,9999999.999999996,12670515.95583543,15.529725265373942,17.176154608808275,5552312.609163974,28807737.55410826,-0.23669260207218912,0.26705159558354347,0.6423586061543962,-0.3684742444554375
Tammy Abraham,702,2025-26,Aston Villa,18000000.0,16.705882371415992,16.940894556243578,17999999.999999985,22768635.532321084,16.12847882849116,17.768308458432102,10104371.697750282,52080879.29315574,-0.23501218482758546,0.2649241962400613,0.6397837111080102,-0.3673306787079329
Jéremy Doku,8981,2025-26,Manchester City,55000000.0,17.822843761378564,18.056534671378383,55000000.000000075,69478968.7610611,17.22989780633791,18.871321598456266,30398316.10141146,156931755.75351593,-0.23369090999981879,0.2632539774738365,0.6404056775460795,-0.3649107404782555
Ao Tanaka,13834,2025-26,Leeds United,13000000.0,16.380459992348886,16.613557696707236,13000000.000000013,16412562.994334063,15.795374579328717,17.444205657013466,7241757.193809011,37663636.221019164,-0.2330977043583502,0.26250484571800353,0.6432956488957703,-0.3623492631396886
Ryan Yates,11003,2025-26,Nottingham Forest,10000000.0,16.118095750958314,16.349678449310364,9999999.999999996,12605935.973374251,15.527300839419308,17.174627616450653,5538867.740571398,28763781.92599083,-0.23158269835204948,0.2605935973374256,0.6427087421604095,-0.36032293192963954
Guido Rodríguez,8267,2025-26,Valencia,8000000.0,15.894952224644102,16.130433734610172,8000000.000000002,10124144.118081672,15.279871474027232,16.95908390422911,4324777.460486326,23186571.65528521,-0.23548150996606942,0.2655180147602087,0.6551490110420504,-0.35943198569669393
Emiliano Buendía,2203,2025-26,Aston Villa,16000000.0,16.588099342704055,16.818850834469117,16000000.000000026,20152739.346782915,15.992578441143054,17.64230451663952,8820404.845408954,45915095.31185315,-0.23075149176506216,0.2595462091739302,0.64364483457394,-0.35850748638075824
Kieran Trippier,652,2025-26,Newcastle United,2500000.0,14.731801689838349,14.964032082676002,2499999.9999999995,3153526.049546578,14.136840691185695,15.804134311143747,1378959.7465104323,7305471.707064389,-0.23223039283765345,0.26141041981863145,0.6504988568366634,-0.3570035372037021
Ibrahim Sangare,5722,2025-26,Nottingham Forest,20000000.0,16.811242881518265,17.039876461085196,20000000.000000015,25137628.40873994,16.216857966110716,17.86168798400405,11038038.109128647,57178468.83482032,-0.22863357956693164,0.256881420436996,0.64173462521686,-0.35627433924057006
Tom Cairney,6835,2025-26,Fulham,1000000.0,13.815511557963774,14.046044197818059,999999.9999999997,1259270.8282933342,13.212739034042217,14.87232014795929,547291.6973756765,2877175.956551302,-0.2305326398542853,0.25927082829333464,0.647489802940608,-0.35604057207898804
Mateo Kovacic,2254,2025-26,Manchester City,15000000.0,16.52356082573315,16.75072116935312,15000000.00000001,18825466.575563613,15.937339141244799,17.578527227089445,8346384.603381356,43078181.7876654,-0.22716034361997117,0.2550311050375734,0.6403137161424238,-0.35476413809858837
Reiss Nelson,6492,2025-26,Arsenal,14000000.0,16.454567959008102,16.686236315548964,14000000.00000001,17649822.045612086,15.850657631864781,17.531121228346766,7653376.654812362,41083667.004780345,-0.2316683565408617,0.26070157468657673,0.6556371567562659,-0.35334842474003464
Trai Hume,13713,2025-26,Sunderland,15000000.0,16.52356082573315,16.74556680209491,15000000.00000001,18728682.845591135,15.920508446377639,17.56278041009126,8207084.679605075,42405150.48421704,-0.22200597636176056,0.24857885637274157,0.6407365938565104,-0.3464855581691306
Jefferson Lerma,2182,2025-26,Crystal Palace,8000000.0,15.894952224644102,16.115441828341794,8000000.000000002,9973495.95657734,15.291771507854065,16.92795381395615,4376549.9064286435,22475890.727568295,-0.22048960369769155,0.24668699457216722,0.6383606984128929,-0.3453997156245331
Phil Foden,6055,2025-26,Manchester City,70000000.0,18.064005814299346,18.290572239835065,69999999.99999991,87800014.91197082,17.445696138562976,19.140726305062945,37719815.03372617,205452680.5034919,-0.2265664255357187,0.2542859273138705,0.6613203411883924,-0.34259709164333113
Filip Jorgensen,9272,2025-26,Chelsea,15000000.0,16.52356082573315,16.74174839817503,15000000.00000001,18657305.526223637,15.920165987976098,17.56050627954384,8204274.575361298,42308825.20350403,-0.21818757244188092,0.24382036841490837,0.6399829470437137,-0.34092716602803125
Joël Veltman,8780,2025-26,Brighton & Hove Al..,2500000.0,14.731801689838349,14.955671682605706,2499999.9999999995,3127271.205207268,14.11319434372055,15.798599791710036,1346734.8634788569,7265151.106888643,-0.22386999276735686,0.25090848208290734,0.6575652327218934,-0.34045290357076874
Armando Broja,8384,2025-26,Burnley,14000000.0,16.454567959008102,16.674830763963943,14000000.00000001,17449659.729077183,15.84591541527849,17.506009841134855,7617168.601427956,40064844.66753526,-0.2202628049558406,0.24640426636265508,0.647690072902487,-0.34007438769098175
Romaine Mundle,11461,2025-26,Sunderland,6000000.0,15.607270193858982,15.824078811112015,6000000.0,7452638.412073905,15.007110069601968,16.647628096332983,3292342.1391670736,16981380.506301105,-0.21680861725303302,0.24210640201231745,0.6400522908708267,-0.3387357882245103
Filip Jorgensen,9272,2025-26,Chelsea,15000000.0,16.52356082573315,16.73686347926285,15000000.00000001,18566388.339058917,15.914842331805875,17.55350958727968,8160713.887016512,42013836.54234004,-0.213302653529702,0.23775922260392704,0.6393302077460129,-0.3336345615229257
Bernardo Silva,3635,2025-26,Manchester City,32000000.0,17.281246492014,17.495973784538258,31999999.999999955,39664762.59016551,16.665502025432232,18.31696524128239,17287633.332644463,90148172.0087546,-0.21472729252425893,0.23952383094267393,0.6443225843120273,-0.33326054022075463
Randal Kolo Muani,5743,2025-26,PSG,20000000.0,16.811242881518265,17.02056537959227,20000000.000000015,24656850.70815683,16.197029234976608,17.836766857197212,10821323.487946447,55771126.0579196,-0.20932249807400538,0.23284253540784067,0.6397478140613336,-0.3271953314621835
Jordan Pickford,741,2025-26,Everton,13000000.0,16.380459992348886,16.58742941437967,13000000.000000013,15989284.735770203,15.758224206755532,17.39942101027299,6977659.221726786,36014096.25814972,-0.2069694220307845,0.2299449796746298,0.6403171173646989,-0.3232295630055803
Robin Roefs,13712,2025-26,Sunderland,12000000.0,16.300417291085605,16.508525200147655,12000000.000000007,14776152.660655454,15.68423926197257,17.338000067945963,6480052.095031368,33868638.914867066,-0.20810790906205057,0.2313460550546204,0.6452189949566514,-0.32253841050670273
Adam Armstrong,4419,2025-26,Wolverhampton,6000000.0,15.607270193858982,15.81596998073802,6000000.0,7392450.579499809,14.983178136025012,16.650326572628387,3214485.349529798,17027266.244703624,-0.20869978687903767,0.2320750965833015,0.6504422131806699,-0.3208583063182405
Yves Bissouma,5609,2025-26,Tottenham Hotspur,20000000.0,16.811242881518265,17.01412255409189,20000000.000000015,24498501.57089789,16.197093537368325,17.83657253771149,10822019.347365042,55760289.694083996,-0.20287967257362638,0.22492507854489352,0.6396469120764563,-0.3171744735154391
Wataru Endo,8808,2025-26,Liverpool,4000000.0,15.201805169084134,15.404770993990349,4000000.0000000005,4900122.6330162,14.586452757098694,16.23116443944053,2161801.142635526,11197088.533789163,-0.20296582490621518,0.2250306582540498,0.641688456299729,-0.3162996356154037
Ibrahim Sangare,5722,2025-26,Nottingham Forest,22000000.0,16.906553056777135,17.102511161269685,22000000.000000007,26762470.88305421,16.2806993442995,17.923458394193325,11765702.146305421,60821772.170900784,-0.1959581044925507,0.21647594922973648,0.6409266317716148,-0.3057418661959698
Matthew Cash,8864,2025-26,Aston Villa,22000000.0,16.906553056777135,17.099242291399047,22000000.000000007,26675130.674712546,16.27509214724377,17.916580513609787,11699914.145774415,60404882.579984315,-0.19268923462191268,0.21250593975966078,0.6404308713534453,-0.30087436949236324
Hugo Bueno,10140,2025-26,Wolverhampton,12000000.0,16.300417291085605,16.493440923805732,12000000.000000007,14554937.703840617,15.667293711477278,17.313357675575663,6371169.174095093,33044233.973782815,-0.19302363272012713,0.21291147532005067,0.6422160524748878,-0.3005587169244338
Diego Gómez,13364,2025-26,Brighton & Hove Al..,20000000.0,16.811242881518265,17.004489030262523,20000000.000000015,24263627.81003126,16.172071668284943,17.829230877445582,10554591.891161505,55352415.65183625,-0.19324614874425805,0.21318139050156215,0.6465448906248836,-0.29889053574839364
Joelinton,87,2025-26,Newcastle United,30000000.0,17.216707972959764,17.40874464800206,30000000.00000005,36351448.88713259,16.581610109674287,18.22953223841845,15896508.418698551,82600990.19993748,-0.1920366750422957,0.2117149629044178,0.6429410201491019,-0.29868474560506536
Ben White,7298,2025-26,Arsenal,30000000.0,17.216707972959764,17.40643722983399,30000000.00000005,36267667.58764587,16.586484688644013,18.226743593520453,15974186.379066868,82370966.24388987,-0.1897292568742266,0.20892225292152716,0.6399511938185946,-0.29647457291564755
Lewis Cook,1789,2025-26,Bournemouth,11000000.0,16.213405921671733,16.406977619478567,11000000.000000013,13349340.549756879,15.562002123857358,17.23933162977711,5734447.407340694,30686445.40138239,-0.19357169780683492,0.21357641361426027,0.6544143833325858,-0.29579377033413723
Diego Coppola,10169,2025-26,Brighton & Hove Al..,10000000.0,16.118095750958314,16.30979380478158,9999999.999999996,12113047.340446597,15.46045285127057,17.15303060701142,5180709.936623108,28149230.359583836,-0.19169805382326643,0.21130473404466016,0.6603635268779405,-0.29029170452458875
Sebastiaan Bornauw,7791,2025-26,Leeds United,5000000.0,15.424948670398354,15.613320577863906,4999999.999999999,6036412.353360811,14.779221041634488,16.45119976581834,2621404.131308768,13952924.615973867,-0.18837190746555166,0.20728247067216246,0.6523267621957214,-0.2887692463076248
Timothy Castagne,6157,2025-26,Fulham,8000000.0,15.894952224644102,16.07985936899104,8000000.000000002,9624853.96055216,15.257986103283528,16.89949631524665,4231156.284345973,21845298.166679792,-0.18490714434693878,0.20310674506901968,0.6404393944688552,-0.2887191917672249
Frank Onyeka,9681,2025-26,Brentford,7000000.0,15.76142084987672,15.944540462940415,6999999.999999995,8406706.549289597,15.123417541405773,16.764269898514904,3698423.741452754,19082263.444405016,-0.1831196130636954,0.20095807846994326,0.6401827307202725,-0.28604272542257847
Harry Maguire,1687,2025-26,Manchester United,8000000.0,15.894952224644102,16.07935453220412,8000000.000000002,9619996.205989078,15.251938379399629,16.908083246965372,4205644.634844163,22033689.9551171,-0.18440230756001874,0.20249952574863442,0.646149142665422,-0.28538660099329854
Mikel Merino,5304,2025-26,Arsenal,30000000.0,17.216707972959764,17.397131862154517,30000000.00000005,35931748.94373227,16.58354566660465,18.224921271084384,15927306.814081095,82220996.47034447,-0.18042388919475272,0.1977249647910737,0.6403868770160095,-0.28174201513227165
Kyle Walker,638,2025-26,Burnley,3000000.0,14.914123179965662,15.09377764783075,3000000.000000001,3590411.46933828,14.283683625427786,15.92283271072426,1597072.7802785723,8226182.301603364,-0.1796544678650882,0.19680382311275968,0.6395181948798228,-0.2809215895707996
Bashir Humphreys,11243,2025-26,Burnley,12000000.0,16.300417291085605,16.47874330549051,12000000.000000007,14342579.175263036,15.659399559184955,17.30166973463147,6321072.183258258,32660263.19188704,-0.17832601440490592,0.19521493127191894,0.6407358961595396,-0.27831438112607904
David Brooks,6820,2025-26,Bournemouth,12000000.0,16.300417291085605,16.481301921866585,12000000.000000007,14379323.322817937,15.645037519418874,17.327149899731346,6230937.487201895,33503144.896059833,-0.18088463078098016,0.19827694356816064,0.6562804339715467,-0.27562094101501505
Daichi Kamada,6145,2025-26,Crystal Palace,10000000.0,16.118095750958314,16.29200394794338,9999999.999999996,11899463.391407283,15.472048674268931,17.112307213623374,5241134.201119785,27025925.760806926,-0.17390819698506377,0.18994633914072875,0.6399510512092557,-0.2717523420837355
Bashir Humphreys,11243,2025-26,Burnley,12000000.0,16.300417291085605,16.474619232242244,12000000.000000007,14283551.125713432,15.649447764740664,17.293095182545887,6258478.1403944865,32381413.27051902,-0.1742019411566389,0.1902959271427853,0.6412732307772708,-0.2716501060639834
Richarlison,6026,2025-26,Tottenham Hotspur,25000000.0,17.034386422832473,17.20755632952175,24999999.999999963,29726703.15279746,16.381683370554228,18.028937735505433,13015913.650114428,67587777.65255225,-0.173169906689278,0.1890681261119002,0.6426804904027176,-0.26944945315014307
Florentino Luís,8969,2025-26,Benfica,16000000.0,16.588099342704055,16.75996968658359,16000000.000000026,19000381.843461696,15.935759769602686,17.575463406582287,8333212.962840978,42946399.94886581,-0.1718703438795366,0.18752386521635406,0.6397345546329057,-0.26865884081900143
Ben Davies,660,2025-26,Tottenham Hotspur,3000000.0,14.914123179965662,15.08595457029391,3000000.000000001,3562432.97585479,14.260628539665682,15.904112796226984,1560673.3159821914,8073621.273463135,-0.1718313903282489,0.1874776586182629,0.6412095730019519,-0.267980076348183
Altay Bayindir,12054,2025-26,Manchester United,7000000.0,15.76142084987672,15.933121249538361,6999999.999999995,8311254.592139672,15.085741401663787,16.7820781914268,3561673.6576185403,19425129.870722044,-0.17170039966164197,0.18732208459138244,0.6618301235858964,-0.25943273589806254
Ladislav Krejcí,12721,2025-26,Girona,22000000.0,16.906553056777135,17.07431937282439,22000000.000000007,26018524.794768535,16.24568870025053,17.90515257295063,11360904.757470401,59718508.54567291,-0.16776631604725623,0.1826602179440239,0.647444060980883,-0.2591209436581886
Max Weiss,13731,2025-26,Burnley,4000000.0,15.201805169084134,15.369693060740751,4000000.0000000005,4731216.1868741065,14.522909005169112,16.185808094126752,2028705.6001421153,10700574.618714888,-0.16788789165661733,0.1828040467185265,0.6487843193623506,-0.258773041588958
Pau Torres,6221,2025-26,Aston Villa,30000000.0,17.216707972959764,17.381204587153558,30000000.00000005,35363987.52953731,16.565632910876012,18.21029498179359,15644544.922838157,81027160.35463499,-0.16449661419379424,0.17879958431790852,0.641669100276064,-0.2563573875117614
Liam Delap,8868,2025-26,Chelsea,28000000.0,17.147715103853763,17.312097025002004,27999999.99999999,33002602.9865844,16.490755777753595,18.138045533540478,14515907.991330514,75379470.41748448,-0.1643819211482409,0.1786643923780147,0.6426942982274912,-0.2557700007633419
Jaidon Anthony,10746,2025-26,Burnley,14000000.0,16.454567959008102,16.618374138310628,14000000.00000001,16491803.826608934,15.785091122213174,17.427189944497364,7167668.48093512,37028184.26369729,-0.16380617930252583,0.17798598761492304,0.640669042286368,-0.25567987289966054
Mikel Merino,5304,2025-26,Arsenal,25000000.0,17.034386422832473,17.19722772193697,24999999.999999963,29421247.87018477,16.378879704772643,18.02221130438401,12979472.483889876,67134678.69263439,-0.16284129910449607,0.17684991480739262,0.6411500135037137,-0.2539831485218441
Bruno Fernandes,1228,2025-26,Manchester United,45000000.0,17.622173069956816,17.784850381100593,44999999.999999985,52949562.22195893,16.965489145123513,18.61081100628539,23335563.89485772,120940711.7590939,-0.16267731114377781,0.17665693826575435,0.6419265191221095,-0.2534204559211126
Lewis Cook,1789,2025-26,Bournemouth,13000000.0,16.380459992348886,16.5483193108168,13000000.000000013,15376012.848009935,15.694500752376312,17.402702955145763,6546889.436564616,36132486.70919362,-0.16785931846791513,0.1827702190776861,0.6664594447229726,-0.2518672663385981
Mathias Jensen,7166,2025-26,Brentford,12000000.0,16.300417291085605,16.460580778078686,12000000.000000007,14084433.058972057,15.646668065450031,17.281030584592884,6241105.606763266,31993091.708110947,-0.16016348699308125,0.17370275491433734,0.6376507038909339,-0.25117746442647415
Max Alleyne,13298,2025-26,Manchester City,8000000.0,15.894952224644102,16.05958043177591,8000000.000000002,9431637.861072114,15.21382181577345,16.89852562003494,4048356.5587262004,21824103.32790875,-0.16462820713180726,0.17895473263401393,0.6572914846324718,-0.250464536633789
Harvey Elliott,7546,2025-26,Liverpool,20000000.0,16.811242881518265,16.971223034379435,20000000.000000015,23469751.781282835,16.154357255951194,17.793696789828108,10369269.763122486,53420053.71183145,-0.15998015286116996,0.17348758906414086,0.6395924988790581,-0.2501282506307519
Jarrod Bowen,1776,2025-26,West Ham United,30000000.0,17.216707972959764,17.377428111784425,30000000.00000005,35230688.15722303,16.547786075072356,18.20159968711809,15367815.99344124,80325659.60771735,-0.16072013882466152,0.17435627190743247,0.6452395973804123,-0.24908598213309305
Vitaly Janelt,9680,2025-26,Brentford,16000000.0,16.588099342704055,16.745845347754134,16000000.000000026,18733900.365804378,15.927315594556894,17.571666247921556,8263142.107091557,42783634.86854061,-0.15774600505007896,0.17086877286277172,0.6415475999237881,-0.24588355574678827
Adama Traoré,900,2025-26,West Ham United,6000000.0,15.607270193858982,15.76694671760826,6000000.0,7038788.150039659,14.923864992828408,16.607046380545462,3029368.2661456876,16306042.770914437,-0.15967652374927788,0.17313135833994314,0.6566975099360362,-0.24315079824930466
Kristoffer Ajer,9677,2025-26,Brentford,16000000.0,16.588099342704055,16.743056021706632,16000000.000000026,18681718.217099607,15.917225449422832,17.558274955024395,8180185.02221826,42214525.72769836,-0.15495667900257715,0.16760738856872354,0.6402596487072542,-0.24202162250182344
Ryan Christie,10744,2025-26,Bournemouth,9000000.0,16.012735246411598,16.167547602157253,8999999.999999996,10506950.063617941,15.345475634282735,16.988528616139213,4618014.541379427,23879444.2656982,-0.15481235574565488,0.1674388959575495,0.6410413100762662,-0.2415013717715579
Pape Sarr,9021,2025-26,Tottenham Hotspur,30000000.0,17.216707972959764,17.371073010720355,30000000.00000005,35007503.498754114,16.555869277721477,18.197890184880297,15492540.58042423,80028243.36409873,-0.1543650377605914,0.1669167832918019,0.6406386435015488,-0.24095492728455464
Jordan Pickford,741,2025-26,Everton,15000000.0,16.52356082573315,16.677681000503682,15000000.00000001,17499466.3362807,15.842016823987679,17.49467203664524,7587530.181940792,39613162.66007169,-0.15412017477053297,0.16663108908537927,0.6447876449056072,-0.23902470214530114
Ladislav Krejcí,12721,2025-26,Girona,22000000.0,16.906553056777135,17.05941937179749,22000000.000000007,25633722.629174627,16.231420210026876,17.889991815352076,11199952.786224738,58819959.25310149,-0.1528663150203542,0.16516921041702812,0.6470959405895985,-0.2362343903456893
Max Weiss,13731,2025-26,Burnley,4000000.0,15.201805169084134,15.354007262438524,4000000.0000000005,4657582.281411919,14.50902084397045,16.16967811997351,2000725.3427539866,10529359.173080571,-0.15220209335438994,0.16439557035297958,0.6479096703222897,-0.2349125199484676
Ryan Christie,10744,2025-26,Bournemouth,8000000.0,15.894952224644102,16.046303754646445,8000000.000000002,9307244.628732543,15.21778906120914,16.872271478091495,4064449.2875686265,21258586.260698035,-0.15135153000234247,0.16340557859156765,0.6455005332926356,-0.23447158010902486
Loum Tchaouna,9977,2025-26,Burnley,13000000.0,16.380459992348886,16.530611114113274,13000000.000000013,15106128.009684362,15.710226418890281,17.35585097382441,6650657.4242108455,34478653.27409087,-0.15015112176438805,0.16200984689879588,0.642044615869115,-0.2338639995619827
Phil Foden,6055,2025-26,Manchester City,80000000.0,18.197537205138154,18.349493370852556,79999999.99999988,93128736.7575687,17.512994188796096,19.193616527523865,40345650.96156008,216611616.6509725,-0.1519561657144024,0.16410920946961052,0.6556990904481952,-0.23174679960366362
Kepa,5061,2025-26,Arsenal,8000000.0,15.894952224644102,16.04616508872472,8000000.000000002,9305954.120415548,15.198478222370914,16.880906046135465,3986714.32244527,21442939.739866078,-0.15121286408061785,0.1632442650519432,0.6564035050386449,-0.23036571700164124
Aaron Wan-Bissaka,5584,2025-26,West Ham United,15000000.0,16.52356082573315,16.669985408241814,15000000.00000001,17365314.42213996,15.86140614085221,17.501301581869285,7736082.740618226,39876652.36342639,-0.14642458250866497,0.15768762814266338,0.6398093874671588,-0.2288565709989382
Nilson Angulo,14424,2025-26,Sunderland,4500000.0,15.319588176962746,15.46584777108375,4500000.000000002,5208734.9851735355,14.620867609055177,16.32049279643148,2237494.2563350433,12243340.503358185,-0.14625959412100364,0.1574966633718963,0.6631131002989754,-0.22056508015760828
Kenny Tete,5973,2025-26,Fulham,8000000.0,15.894952224644102,16.035660079737287,8000000.000000002,9208706.665246211,15.218780954852324,16.857408482850786,4068482.7900439356,20944956.491904117,-0.14070785509318462,0.1510883331557761,0.6393147079702167,-0.22009169089809158
Matthew Cash,8864,2025-26,Aston Villa,22000000.0,16.906553056777135,17.041142083993623,22000000.000000007,25169463.30962368,16.22100675227981,17.8533438516023,11083927.700346602,56703349.09964077,-0.1345890272164887,0.1440665140738033,0.6368604811839145,-0.21133204397655453
Mathias Jensen,7166,2025-26,Brentford,10000000.0,16.118095750958314,16.251010014447203,9999999.999999996,11421520.84214504,15.439908152109197,17.071270193750838,5075359.689093434,25939310.48107877,-0.1329142634888889,0.14215208421450448,0.6364800599436778,-0.20882706600525788
Riccardo Calafiori,8129,2025-26,Arsenal,40000000.0,17.50439003707821,17.636652504743363,39999999.999999985,45656314.64588713,16.820900792867267,18.45906947780471,20194093.99927897,103913509.13657966,-0.1322624676651536,0.14140786614717865,0.6391356891800726,-0.2069395746540598
Radu Dragusin,9105,2025-26,Tottenham Hotspur,22000000.0,16.906553056777135,17.03880714044532,22000000.000000007,25110762.58942317,16.230757703074858,17.870864348677987,11192535.196352815,57705574.08174038,-0.1322540836681867,0.14139829951923455,0.6398917894749052,-0.2066819512979129
Douglas Luiz,6122,2025-26,Juventus,18000000.0,16.705882371415992,16.83875429501163,17999999.999999985,20557866.96577729,16.01954858146622,17.678323253302764,9061529.394471169,47599043.872795895,-0.13287192359563704,0.14210372032096144,0.647175167506747,-0.2053106025491187
Soungoutou Magassa,10770,2025-26,West Ham United,17000000.0,16.648723960844016,16.780490955691285,16999999.999999974,19394322.064930037,15.956182851964718,17.603468545761313,8505152.671026291,44166119.374262035,-0.1317669948472684,0.14084247440765096,0.642692713431624,-0.20502332155549957
Andrés García,13392,2025-26,Aston Villa,7000000.0,15.76142084987672,15.895327399419738,6999999.999999995,8003001.961675199,15.065509844404364,16.742809670212296,3490339.4668939225,18677116.51449513,-0.13390654954301873,0.14328599452502916,0.6544028035612859,-0.20462404625147387
Jamaal Lascelles,766,2025-26,,2000000.0,14.508658238524095,14.64074628662715,2000000.0000000016,2282417.7334357183,13.811731752602293,15.467738446177105,996227.3253383306,5218592.328148609,-0.1320880481030553,0.14120886671785823,0.6460952337305651,-0.20444052394625575
Jake O'Brien,12014,2025-26,Everton,18000000.0,16.705882371415992,16.834938303551993,17999999.999999985,20479567.80666744,16.011809704039283,17.65951391189606,8991673.97136413,46712104.70706565,-0.12905593213600142,0.13775376703708092,0.6428559977592666,-0.20075402980735604
Giorgi Mamardashvili,9693,2025-26,Liverpool,28000000.0,17.147715103853763,17.277151529196,27999999.99999999,31869229.119414203,16.449462283338576,18.10452357961091,13928702.70084475,72894486.70228978,-0.12943642534223798,0.1381867542647934,0.6457263845625738,-0.2004508851375501
John Stones,586,2025-26,Manchester City,22000000.0,16.906553056777135,17.03437071008709,22000000.000000007,24999607.184435766,16.20920222288882,17.848527477029556,10953856.364107942,56430901.158374704,-0.12781765330995398,0.13634578111071627,0.6395869276035802,-0.19984406777803335
Issa Diop,3203,2025-26,Fulham,8000000.0,15.894952224644102,16.02453590960765,8000000.000000002,9106835.103321245,15.195148131847658,16.87387630269906,3973460.2803594386,21292729.95464821,-0.12958368496354744,0.13835438791515536,0.6549600760217713,-0.19784974643132291
Virgil van Dijk,833,2025-26,Liverpool,15000000.0,16.52356082573315,16.654348724664747,15000000.00000001,17095890.41824009,15.811768295488424,17.513340754711898,7361454.987201434,40359635.812577136,-0.13078789893159737,0.13972602788267188,0.6638728333750045,-0.19700745738712686
Matt Doherty,6852,2025-26,Wolverhampton,1000000.0,13.815511557963774,13.942992027247188,999999.9999999997,1135962.8178219947,13.09605259159079,14.768387427387113,487015.16356742225,2593158.1187942885,-0.12748046928341417,0.13596281782199504,0.652465700049285,-0.19538263739194986
Jan Paul van Hecke,10807,2025-26,Brighton & Hove Al..,35000000.0,17.370858648025116,17.49711800368972,35000000.000000015,39710173.7475071,16.66312892797614,18.322793298175476,17246656.731551986,90675094.66600522,-0.12625935566460456,0.13457639278591674,0.6475222855914078,-0.19498843279082956
Rúben Dias,8961,2025-26,Manchester City,55000000.0,17.822843761378564,17.947547970893154,55000000.000000075,62304733.17840601,17.117659958632505,18.762905282130127,27170976.518922504,140807641.893649,-0.12470420951459005,0.13281333051647132,0.6418966577572559,-0.1942745892310738
Hee-Chan Hwang,8845,2025-26,Wolverhampton,10000000.0,16.118095750958314,16.24325040905075,9999999.999999996,11333237.305300524,15.411122636531402,17.06798767732224,4931345.5200793315,25854303.859140374,-0.1251546580924341,0.13332373053005286,0.6464301200853799,-0.1936089520022733
Andrew Robertson,1688,2025-26,Liverpool,15000000.0,16.52356082573315,16.64682212853816,15000000.00000001,16967699.57363159,15.829017688783402,17.473801626068493,7489537.13058323,38794987.19694529,-0.12326130280501246,0.1311799715754385,0.6417166467500647,-0.19208057548337246
Giorgi Mamardashvili,9693,2025-26,Liverpool,28000000.0,17.147715103853763,17.271799526443075,27999999.99999999,31699120.528951786,16.441960921910784,18.101582832128624,13824609.36912999,72680437.30797371,-0.12408442258931274,0.13211144746256426,0.6475057197213687,-0.19163448107100597
Rodri,2496,2025-26,Manchester City,50000000.0,17.72753358339242,17.849833292776612,50000000.00000009,56504637.65169307,17.00865867448337,18.681104265241157,24365009.726051044,129747947.04993285,-0.12229970938419044,0.13009275303385934,0.6525089113798859,-0.18742994501877147
Lewis Dunk,6048,2025-26,Brighton & Hove Al..,3500000.0,15.068273812173887,15.187774019394752,3499999.9999999995,3944267.2985030673,14.36049464631278,16.008092424833382,1724579.9412272093,8958311.452283463,-0.11950020722086485,0.1269335138580194,0.642814474082401,-0.185901550196809
Quilindschy Hartman,13727,2025-26,Burnley,16000000.0,16.588099342704055,16.704613372805756,16000000.000000026,17977172.510836124,15.896315913083448,17.536440346142633,8010916.950846483,41302778.096628845,-0.11651403010170114,0.12357328192725595,0.639898729296237,-0.1820819838630461
Cristian Romero,7218,2025-26,Tottenham Hotspur,45000000.0,17.622173069956816,17.739475712936652,44999999.999999985,50600686.085820146,16.913438393344894,18.566398810388197,22152000.096788943,115686997.15914924,-0.11730264297983695,0.12445969079600361,0.6449067211748677,-0.1818908675135828
Jarrod Bowen,1776,2025-26,West Ham United,35000000.0,17.370858648025116,17.483937768767902,35000000.000000015,39190218.4094381,16.66668218201701,18.307020105971805,17308047.491720125,89256079.5729139,-0.11307912074278548,0.11972052598394534,0.639982023313486,-0.1766910891611018
Danny Welbeck,501,2025-26,Brighton & Hove Al..,3000000.0,14.914123179965662,15.03201204849357,3000000.000000001,3375357.3299621386,14.18060314382135,15.899638278198978,1440646.3855476251,8037576.40689063,-0.11788886852790803,0.12511910998737916,0.6706859406100538,-0.175773579539593
Luca Netz,8401,2025-26,Nottingham Forest,8000000.0,15.894952224644102,16.006070426624447,8000000.000000002,8940216.061139321,15.177575301172627,16.820235035856165,3904245.2512289323,20180654.11329591,-0.11111820198034472,0.11752700764241486,0.640887883689102,-0.17338165505754627
Leandro Trossard,7698,2025-26,Arsenal,20000000.0,16.811242881518265,16.921749422672708,20000000.000000015,22336873.206344828,16.095881766097285,17.75421757143419,9780309.266485306,51352159.70430388,-0.11050654115444303,0.11684366031724057,0.6470039426229581,-0.1707973226661476
Hannibal Mejbri,9558,2025-26,Burnley,14000000.0,16.454567959008102,16.56340731538683,14000000.00000001,15609765.209145058,15.74955558044495,17.3921656886263,6917433.905259757,35753747.99597108,-0.1088393563787271,0.11498322922464625,0.6408685217827434,-0.16983102255664229
Leandro Trossard,7698,2025-26,Arsenal,18000000.0,16.705882371415992,16.81307175270278,17999999.999999985,20036610.89361878,16.00033576490108,17.63598734059964,8889093.66548532,45625955.799712315,-0.10718938128678701,0.11314504964548876,0.6381536325927822,-0.1679679873501348
Caoimhin Kelleher,7904,2025-26,Brentford,22000000.0,16.906553056777135,17.01275401265127,22000000.000000007,24464997.286126755,16.196048305513244,17.835475561429273,10810713.736483255,55699155.51520575,-0.10620095587413658,0.11204533118757941,0.6396267238562792,-0.16603583295246963
Daichi Kamada,6145,2025-26,Crystal Palace,12000000.0,16.300417291085605,16.404770307627306,12000000.000000007,13319906.88653501,15.580087617606658,17.227297729157055,5839101.243776161,30319380.79419475,-0.10435301654170104,0.10999224054458343,0.6426632248255616,-0.16237589535331765
Martin Odegaard,2517,2025-26,Arsenal,65000000.0,17.989897843244528,18.09388730409358,65000000.00000007,72123269.55707273,17.269356520696434,18.91859382166399,31621773.9104786,164528409.53289706,-0.10398946084905347,0.10958876241650238,0.6434541379452835,-0.1616113017488999
Nicolás Domínguez,8252,2025-26,Nottingham Forest,15000000.0,16.52356082573315,16.62675380356242,15000000.00000001,16630580.268459028,15.81340914754586,17.45949520113117,7373543.962801645,38243920.90367842,-0.10319297782926995,0.10870535123060115,0.6422246707445316,-0.16068049473969637
Sven Botman,8635,2025-26,Newcastle United,40000000.0,17.50439003707821,17.606805446555335,39999999.999999985,44313743.50296219,16.788231386059408,18.43012918785488,19545024.972394727,100949321.13632709,-0.1024154094771248,0.10784358757405509,0.6405906136301638,-0.1598765378355246
John McGinn,7723,2025-26,Aston Villa,13000000.0,16.380459992348886,16.48307338240385,13000000.000000013,14404818.303417241,15.654341313480415,17.30335905246325,6289179.370822081,32715483.38767547,-0.1026133900549624,0.10806294641670976,0.6433684752771389,-0.15949396651858083
Olivier Boscagli,3645,2025-26,Brighton & Hove Al..,15000000.0,16.52356082573315,16.621964742533955,15000000.00000001,16551125.80781402,15.79933897999016,17.44201813178151,7270523.40750559,37581336.113870405,-0.09840391680080529,0.10340838718760069,0.6408954593232213,-0.1535412919054205
Jaka Bijol,6807,2025-26,Leeds United,18000000.0,16.705882371415992,16.803860234683718,17999999.999999985,19852890.75190199,15.982984017639543,17.62808895283585,8736182.813250652,45267003.738185465,-0.09797786326772595,0.10293837510566711,0.6418418849035566,-0.1526510898902276
Alex Scott,12149,2025-26,Bournemouth,25000000.0,17.034386422832473,17.131740594139387,24999999.999999963,27556267.353874046,16.316019111254924,17.954978318164365,12188689.983720178,62769403.181868516,-0.0973541713069146,0.1022506941549635,0.6394441133429989,-0.1522481312681874
Ayden Heaven,13080,2025-26,Manchester United,10000000.0,16.118095750958314,16.214556359289585,9999999.999999996,11012662.097026663,15.352961384178638,17.061417927632046,4652713.562801566,25685004.28465182,-0.09646060833127024,0.1012662097026667,0.6665586763892976,-0.1447143541117651
Soungoutou Magassa,10770,2025-26,West Ham United,17000000.0,16.648723960844016,16.74091687836945,16999999.999999974,18641798.054606725,15.920522771988828,17.563158498928026,8207202.251965668,42421186.429929554,-0.09219291752543413,0.09657635615333841,0.6408785170064364,-0.14385396776298592
Xavi Simons,8700,2025-26,Tottenham Hotspur,40000000.0,17.50439003707821,17.59635386463529,39999999.999999985,43853006.68049033,16.771968889079083,18.41555806237687,19229744.617899094,99489040.69816433,-0.09196382755708044,0.09632516701225866,0.6412505065341919,-0.1434132630227823
Jayden Bogle,9205,2025-26,Leeds United,15000000.0,16.52356082573315,16.615462968333183,15000000.00000001,16443863.195045196,15.78407980472128,17.443548496539524,7160423.355591433,37638893.2982585,-0.09190214260003415,0.09625754633634569,0.6474459411721135,-0.1419456618009802
Sean Longstaff,7078,2025-26,Leeds United,15000000.0,16.52356082573315,16.614013371547838,15000000.00000001,16420043.491023678,15.795776879479229,17.446737241786714,7244671.14032161,37759105.70507107,-0.09045254581468853,0.09466956606824455,0.6441263947202548,-0.14042670282743533
Kevin,14030,2025-26,Fulham,25000000.0,17.034386422832473,17.1242147201438,24999999.999999963,27349660.773161903,16.314113913983746,17.953786517453135,12165490.229990007,62694639.122100435,-0.08982829731132824,0.09398643092647775,0.6397224468297722,-0.1404176104128971
Nico O'Reilly,11592,2025-26,Manchester City,30000000.0,17.216707972959764,17.306247630381748,30000000.00000005,32810121.23206052,16.48320792238463,18.122242280846937,14406756.457906187,74197592.93404344,-0.08953965742198378,0.09367070773534897,0.6394734339129599,-0.1400209182640904
Alisson,1257,2025-26,Liverpool,15000000.0,16.52356082573315,16.613777753105513,15000000.00000001,16416175.08147001,15.790719285418653,17.448190032102218,7208123.030192352,37814001.63609748,-0.09021692737236364,0.09441167209800004,0.6466664377837638,-0.1395107618102966
Freddie Potts,13724,2025-26,West Ham United,10000000.0,16.118095750958314,16.207901753953877,9999999.999999996,10939620.471562466,15.392079942944605,17.046168782083605,4838327.863546852,25296301.128430672,-0.0898060029955623,0.09396204715624697,0.6453469779325816,-0.13915925241218716
Samuel Chukwueze,7208,2025-26,AC Milan,18000000.0,16.705882371415992,16.794339637736602,17999999.999999985,19664776.273279753,15.979989221900219,17.61603476526215,8710058.864658782,44724622.32330202,-0.08845726632061002,0.09248757073776494,0.6383073400811248,-0.13858099502563712
Kenny Tete,5973,2025-26,Fulham,11000000.0,16.213405921671733,16.301924538667762,11000000.000000013,12018100.610116823,15.48127451430941,17.122573741941405,5289711.816207976,27304817.377929192,-0.08851861699602992,0.09255460091970985,0.6403570783941303,-0.13823321390936202
Dane Scarlett,9332,2025-26,Tottenham Hotspur,1500000.0,14.220976332738882,14.30892243568034,1499999.9999999986,1637893.9949289928,13.483629004661434,15.124328639486672,717571.3118913257,3701794.9046339914,-0.08794610294145855,0.0919293299526629,0.6401231457318237,-0.1373893500459412
Nicolás Domínguez,8252,2025-26,Nottingham Forest,16000000.0,16.588099342704055,16.675872133605004,16000000.000000026,17467840.740941133,15.857694243474548,17.499488098288335,7707420.420373271,39804402.23929639,-0.08777279090094936,0.09174004630881906,0.6405500584502312,-0.13702721550492067
Donyell Malen,9749,2025-26,Aston Villa,25000000.0,17.034386422832473,17.121235664511023,24999999.999999963,27268305.84979054,16.30446925135076,17.940160726588434,12048722.170722144,61846168.73484907,-0.08684924167855002,0.09073223399162321,0.6381691994996975,-0.13609124625042512
Matheus Nunes,11000,2025-26,Manchester City,38000000.0,17.453096744006448,17.53975921653856,37999999.99999996,41440084.3923075,16.715840038319268,18.36468709314129,18180133.379887555,94554512.93160625,-0.08666247253211168,0.09052853663967206,0.643301882416613,-0.13471509240196444
Vitaly Janelt,9680,2025-26,Brentford,18000000.0,16.705882371415992,16.790856258354953,17999999.999999985,19596395.560707327,15.96925858738269,17.618141037102138,8617094.073270973,44818923.815387495,-0.08497388693896113,0.08868864226151907,0.6433156918260887,-0.13208738418576088
Sean Longstaff,7078,2025-26,Leeds United,16000000.0,16.588099342704055,16.671980287815472,16000000.000000026,17399990.711176414,15.845720086500524,17.49925728066694,7615680.894298884,39795215.74186312,-0.0838809451114173,0.0874994194485241,0.6451317522400275,-0.13002141782692567
Jack Hinshelwood,11269,2025-26,Brighton & Hove Al..,22000000.0,16.906553056777135,16.98975279629144,22000000.000000007,23908694.909014214,16.156490953706616,17.80416822773106,10391418.273585757,53982377.528711796,-0.08319973951430626,0.08675885950064571,0.642845489455911,-0.1294241631604579
Dominic Solanke,1679,2025-26,Tottenham Hotspur,28000000.0,17.147715103853763,17.23107347694126,27999999.99999999,30434075.525751967,16.405188427002464,18.06481978670827,13325477.362578522,70057001.26501988,-0.08335837308749561,0.08693126877685639,0.6475094064631913,-0.12873692992788088
Marcus Tavernier,10741,2025-26,Bournemouth,20000000.0,16.811242881518265,16.893552174086835,20000000.000000015,21715831.78916706,16.065174404619906,17.724546422693905,9484546.038219262,49850864.81835979,-0.08230929256857067,0.08579158945835226,0.6474082236643122,-0.12713661884413888
Marc Guehi,7603,2025-26,Manchester City,50000000.0,17.72753358339242,17.808797496503235,50000000.00000009,54232855.78615512,16.979630964719995,18.633195741767334,23667915.734732516,123678465.24937122,-0.08126391311081349,0.08465711572310045,0.645142513771347,-0.12596273129756141
Rúben Dias,8961,2025-26,Manchester City,60000000.0,17.909855136853043,17.989702565150633,60000000.0000001,64987308.162960865,17.162155780351494,18.80388634127743,28407272.524301883,146697959.61486664,-0.07984742829759028,0.08312180271601266,0.6405253641785088,-0.12465927621772915
Marco Bizot,9614,2025-26,Aston Villa,1500000.0,14.220976332738882,14.29994101463664,1499999.9999999986,1623249.2341796514,13.476767026099044,15.115565971539025,712664.2015680575,3669499.002098113,-0.07896468189775874,0.08216615611976859,0.6393815869220795,-0.12350165145963463
Ian Maatsen,11807,2025-26,Aston Villa,25000000.0,17.034386422832473,17.11187242191853,24999999.999999963,27014177.666207716,16.287747495563796,17.929020583575017,11848921.528705785,61161016.989142716,-0.07748599908605769,0.08056710664831024,0.6403468799544385,-0.12100628817239012
Gianluigi Donnarumma,1116,2025-26,Manchester City,45000000.0,17.622173069956816,17.699516233086744,44999999.999999985,48618574.75798182,16.86966941168749,18.51136411508758,21203341.910894144,109492225.63733631,-0.07734316312992817,0.0804127723995964,0.6405113742733765,-0.12075220868274131
James Justin,7753,2025-26,Leeds United,12000000.0,16.300417291085605,16.377183561783283,12000000.000000007,12957476.100713603,15.54836359358314,17.19112962084958,5656768.873722528,29242380.051769838,-0.0767662706976786,0.07978967505946627,0.6409293540113299,-0.11977337317635414
Romaine Mundle,11461,2025-26,Sunderland,7000000.0,15.76142084987672,15.83758949176303,6999999.999999995,7554011.913638175,15.017338384746582,16.665117315911736,3326190.070922566,17280983.894262977,-0.07616864188631034,0.07914455909116865,0.6428851512485485,-0.11847939206308168
Michael Keane,1653,2025-26,Everton,3000000.0,14.914123179965662,14.989822938758083,3000000.000000001,3235916.0999116045,14.149416046007035,15.81314424952139,1396410.1597857587,7371590.983989189,-0.07569975879242108,0.0786386999705345,0.6491078005206019,-0.11662124339240391
Robert Sánchez,9098,2025-26,Chelsea,22000000.0,16.906553056777135,16.98148468089454,22000000.000000007,23711830.024541024,16.153076506589397,17.80676917004433,10355997.827036336,54122965.332326375,-0.07493162411740428,0.07781045566095528,0.6451924089793348,-0.11613841557116693
Crysencio Summerville,9492,2025-26,West Ham United,22000000.0,16.906553056777135,16.978746219549897,22000000.000000007,23646984.920299027,16.1514550762105,17.791156537170778,10339219.901729066,53284525.486740984,-0.07219316277276278,0.07486295092268269,0.6397337056534191,-0.11284877150411393
Gianluigi Donnarumma,1116,2025-26,Manchester City,45000000.0,17.622173069956816,17.692817040520247,44999999.999999985,48293958.1054463,16.864452194013396,18.501260433841935,21093007.52503271,108391521.02848594,-0.07064397056343097,0.07319906900991817,0.6386049080521788,-0.11062234203445681
Danny Welbeck,501,2025-26,Brighton & Hove Al..,4000000.0,15.201805169084134,15.27359884499873,4000000.0000000005,4297734.633054009,14.435219012329034,16.12078993950142,1858385.1584852186,10026978.214004004,-0.07179367591459673,0.07443365826350205,0.6576297948470162,-0.10917035158253137
Robert Sánchez,9098,2025-26,Chelsea,22000000.0,16.906553056777135,16.976608564148727,22000000.000000007,23596489.802933685,16.14473888787901,17.80327855674713,10270012.412364516,53934372.330473624,-0.07005550737159183,0.07256771831516716,0.6470834804994419,-0.10826347678899254
Niclas Füllkrug,6098,2025-26,West Ham United,3500000.0,15.068273812173887,15.137847018953163,3499999.9999999995,3752176.960998404,14.322472688220293,15.97350202162403,1660238.9336314935,8653737.842291674,-0.06957320677927648,0.07205056028525839,0.6441533039693098,-0.10800721870176301
Richarlison,6026,2025-26,Tottenham Hotspur,25000000.0,17.034386422832473,17.10297336250864,24999999.999999963,26774843.38978972,16.26941833884567,17.907280723974534,11633719.035728784,59845733.88225644,-0.06858693967616603,0.07099373559159036,0.639016185528798,-0.10733208521065711
Emiliano Martinez,4401,2025-26,Aston Villa,16000000.0,16.588099342704055,16.657045783984234,16000000.000000026,17142061.286311876,15.84356166723523,17.50270169884072,7599260.786892756,39932523.44646323,-0.06894644128017902,0.0713788303944905,0.6473177135521402,-0.10651097573375073
Jack Grealish,675,2025-26,Manchester City,20000000.0,16.811242881518265,16.878410391452835,20000000.000000015,21389492.2853349,16.054757177732007,17.688938918199106,9386256.202408196,48107030.922183566,-0.06716750993457055,0.0694746142667442,0.6375801726296668,-0.10534755128526282
Conor Bradley,10120,2025-26,Liverpool,25000000.0,17.034386422832473,17.097883609738123,24999999.999999963,26638912.2727143,16.29012671025677,17.918955087661004,11877146.222270627,60548488.88352288,-0.06349718690564998,0.06555649090857352,0.6354915443815039,-0.09991822466725189
Ben Davies,660,2025-26,Tottenham Hotspur,5000000.0,15.424948670398354,15.487288879022595,4999999.999999999,5321621.941689755,14.671366371099491,16.30833201008592,2353386.578993562,12095353.486176154,-0.06234020862424039,0.06432438833795116,0.6386663177349414,-0.09760998332483341
Christian Nørgaard,7083,2025-26,Arsenal,9000000.0,16.012735246411598,16.0745336937674,8999999.999999996,9573731.360970272,15.246720272453874,16.88701101118406,4183756.283690009,21574248.553651866,-0.061798447355801756,0.0637479289966973,0.639963613877799,-0.09656556406596292
Jackson Tchatchoua,12113,2025-26,Wolverhampton,12000000.0,16.300417291085605,16.359593800673775,12000000.000000007,12731549.992161438,15.549470546162631,17.186238133523396,5663034.11674954,29099690.581841156,-0.05917650958816978,0.06096249934678583,0.6385890473882272,-0.09266759245276203
Joe Willock,6630,2025-26,Newcastle United,18000000.0,16.705882371415992,16.765027662479376,17999999.999999985,19096728.776723124,15.938884229602165,17.601434757914017,8359290.474391234,44076386.13549815,-0.059145291063384065,0.06092937648461888,0.6486483275376898,-0.0911823688621897
Emiliano Martinez,4401,2025-26,Aston Villa,12000000.0,16.300417291085605,16.360175440896192,12000000.000000007,12738957.328305734,15.530667235533627,17.236125013398834,5557545.186980192,30588203.336248446,-0.05975814981058747,0.06157977735881053,0.6653887003492669,-0.0898093847689629
Matt O'Riley,13206,2025-26,Brighton & Hove Al..,18000000.0,16.705882371415992,16.762643303635432,17999999.999999985,19051249.561120965,15.945867252944424,17.584102504044807,8417867.887571316,43319025.34835821,-0.05676093221944001,0.05840275339561002,0.6391616601382635,-0.0888052831691461
Jackson Tchatchoua,12113,2025-26,Wolverhampton,12000000.0,16.300417291085605,16.35581243897042,12000000.000000007,12683498.300485095,15.541022587317652,17.18426484814733,5615394.541061108,29042325.203739867,-0.055395147884816254,0.05695819170709059,0.6411151577502543,-0.08640436466859418
Ollie Watkins,8865,2025-26,Aston Villa,35000000.0,17.370858648025116,17.425984367148303,35000000.000000015,36983570.82014851,16.59457223539495,18.25605191658208,16103902.200647574,84820846.74377933,-0.0551257191231862,0.05667345200424277,0.6482305338016978,-0.08504030009183412
Merlin Röhl,11331,2025-26,SC Freiburg,16000000.0,16.588099342704055,16.641907754350513,16000000.000000026,16884518.50277182,15.816219333454693,17.456932308122255,7394294.137222548,38146031.31744778,-0.053808411646457444,0.055282406423237083,0.6401283503053183,-0.08405878543075425
Mason Mount,7768,2025-26,Manchester United,32000000.0,17.281246492014,17.334009686799334,31999999.999999955,33733759.421957,16.51006598706704,18.148729795510114,14798937.113420438,76189162.21446681,-0.05276319478533509,0.05417998193615776,0.6393288628781841,-0.0825290360704213
Rico Henry,9679,2025-26,Brentford,13000000.0,16.380459992348886,16.433280970190868,13000000.000000013,13705131.698919058,15.622476655493317,17.26315120883585,6091936.024251916,31426158.490611594,-0.05282097784198214,0.05424089991684954,0.6401133601273978,-0.08251816183225656
Milos Kerkez,11709,2025-26,Liverpool,35000000.0,17.370858648025116,17.423438877147817,35000000.000000015,36889549.224182144,16.601685900147412,18.241240816318992,16218868.399908582,83573814.42040317,-0.05258022912270022,0.05398712069091795,0.6396765308304709,-0.08219815264198772
Wilson Odobert,10822,2025-26,Tottenham Hotspur,18000000.0,16.705882371415992,16.756491413842678,17999999.999999985,18934408.13354335,15.941459332873402,17.581323465793446,8380844.252904402,43198807.239856295,-0.050609042426685846,0.05191156297463142,0.6397971725332777,-0.0791016975368917
Ilia Gruev,8000,2025-26,,12000000.0,16.300417291085605,16.350483120112415,12000000.000000007,12616083.685025305,15.541359205608824,17.17936923764309,5617285.104093591,28900492.748014145,-0.050065829026809894,0.05134030708544139,0.6390737903453889,-0.07834123349003516
Youri Tielemans,5956,2025-26,Aston Villa,30000000.0,17.216707972959764,17.265329612329513,30000000.00000005,31494691.96591755,16.426930253532333,18.09434845452427,13618370.075227799,72156536.90438896,-0.04862163936974895,0.049823065530583306,0.6505474624446708,-0.07473957270855427
Lisandro Martínez,10802,2025-26,Manchester United,35000000.0,17.370858648025116,17.418049159779283,35000000.000000015,36691259.81656333,16.592396797030794,18.253732878165597,16068907.230313988,84624371.8438157,-0.047190511754166664,0.04832170904466614,0.6481745078751521,-0.07280525719665644
Zian Flemming,13729,2025-26,Burnley,12000000.0,16.300417291085605,16.346940374878457,12000000.000000007,12571467.190238645,15.509039693250044,17.161209146824596,5438639.574718129,28380393.970853146,-0.046523083792852304,0.04762226585321979,0.6445981247608571,-0.07217378085006398
John McGinn,7723,2025-26,Aston Villa,15000000.0,16.52356082573315,16.568859271950362,15000000.00000001,15695101.38968261,15.745622767086923,17.382242206909265,6890282.350855126,35400700.94666562,-0.04529844621721324,0.046340092645506654,0.6385312472483874,-0.07094162801337776
Tomas Soucek,8288,2025-26,West Ham United,15000000.0,16.52356082573315,16.568333426903674,15000000.00000001,15686850.367403455,15.734071291840301,17.38443679381553,6811147.356208052,35478476.174663775,-0.04477260117052495,0.04579002449356302,0.6438943084449418,-0.06953408437272027
Jadon Sancho,6345,2025-26,Manchester United,25000000.0,17.034386422832473,17.07914554308726,24999999.999999963,26144398.128995027,16.252605542545364,17.91135288848192,11439758.746843604,60089932.430641,-0.04475912025478834,0.04577592515980265,0.6471645062371962,-0.06916188978754562
Diogo Dalot,7281,2025-26,Manchester United,28000000.0,17.147715103853763,17.190958328886396,27999999.99999999,29237371.49588623,16.371341766834718,18.017541824492803,12882001.843646996,66821925.42163537,-0.04324322503263289,0.044191839138794306,0.6422691497241952,-0.06732882164930777
Chadi Riad,11167,2025-26,Crystal Palace,15000000.0,16.52356082573315,16.563666097925054,15000000.00000001,15613805.2667914,15.733380600512826,17.381794058413334,6806444.57937881,35384839.72968906,-0.04010527219190507,0.04092035111942599,0.6431327134721658,-0.06235924771324945
Kaoru Mitoma,10806,2025-26,Brighton & Hove Al..,35000000.0,17.370858648025116,17.410484750712143,35000000.000000015,36414759.21085453,16.58715274522492,18.241780226836426,15984861.60550069,83618907.17608292,-0.03962610268702704,0.04042169173870042,0.6455571306665779,-0.061382797593933516
Boubacar Kamara,5789,2025-26,Aston Villa,40000000.0,17.50439003707821,17.541534408147445,39999999.999999985,41513713.81800102,16.723415339321466,18.366553333800155,18318376.324944954,94731139.17225705,-0.037144371069235405,0.03784284545002581,0.6410744779675741,-0.05794080461133907
Jack Harrison,8720,2025-26,Leeds United,6500000.0,15.687312888712007,15.7245129276203,6499999.999999999,6746354.071673925,14.90142747823641,16.549177562855213,2962153.6335476227,15389215.00781754,-0.037200038908292044,0.037900626411373234,0.6428738966949409,-0.057865219134794574
Carlos Alcaraz,11297,2025-26,Everton,15000000.0,16.52356082573315,16.560660140687354,15000000.00000001,15566941.303657962,15.729969531254756,17.395670148633332,6783266.874957252,35879265.386307195,-0.03709931495420449,0.03779608691053016,0.6498773428186868,-0.05708664160115988
Sasa Lukic,1537,2025-26,Fulham,12000000.0,16.300417291085605,16.336409109240613,12000000.000000007,12439768.41386548,15.516161287781829,17.15150059810938,5477509.611735739,28106194.71587234,-0.03599181815500785,0.03664736782212274,0.6380318014621164,-0.056410696257661215
Marco Bizot,9614,2025-26,Aston Villa,2500000.0,14.731801689838349,14.766903104359606,2499999.9999999995,2589311.8882307434,13.94845032940836,15.601282726714278,1142180.2043347035,5964182.526122263,-0.03510141452125737,0.03572475529229754,0.6448567739479217,-0.05443288485032203
Joe Rodon,6377,2025-26,Leeds United,18000000.0,16.705882371415992,16.739006052337785,17999999.999999985,18606210.8310209,15.928897092899623,17.56159591361302,8276220.5932973595,42354951.467773,-0.03312368092179341,0.03367837950116192,0.6370016077068377,-0.0519993678525183
Boubacar Kamara,5789,2025-26,Aston Villa,40000000.0,17.50439003707821,17.536575910902556,39999999.999999985,41308377.67750556,16.717575130913907,18.363096124920396,18211704.978322327,94404199.30860375,-0.032185873824346345,0.03270944193763939,0.6420042113091526,-0.05013343099216441
Gabriel Martinelli,7752,2025-26,Arsenal,45000000.0,17.622173069956816,17.65355693240588,44999999.999999985,46434668.81180908,16.837644584887915,18.47457301794747,20535066.3449534,105537089.51398343,-0.03138386244906499,0.03188152915131318,0.63865180174771,-0.049140803115533566
Beto,9983,2025-26,Everton,20000000.0,16.811242881518265,16.84183933825265,20000000.000000015,20621386.807745375,16.01817432611164,17.660167067329237,9049085.090589998,46742624.93884595,-0.03059645673438638,0.03106934038726797,0.6406276544877672,-0.04776012480892771
Marcos Senesi,10864,2025-26,Bournemouth,22000000.0,16.906553056777135,16.935574214426897,22000000.000000007,22647820.27747887,16.115848505178654,17.76447434785844,9977552.77162252,51881577.755555406,-0.029021157649761875,0.029446376249039195,0.6432155759353068,-0.04511886641980318
Hannibal Mejbri,9558,2025-26,Burnley,15000000.0,16.52356082573315,16.551670074144926,15000000.00000001,15427620.64581673,15.739791813635026,17.37671929134421,6850222.336907586,35205724.772949174,-0.028109248411777088,0.02850804305444805,0.6386514290153261,-0.04401344322538505
Georginio Rutter,6937,2025-26,Brighton & Hove Al..,30000000.0,17.216707972959764,17.243276533108705,30000000.00000005,30807739.55558166,16.422165314065428,18.06290641979615,13553633.716316877,69923084.67156851,-0.0265685601489416,0.026924651852720312,0.6401393257113348,-0.04150433988634915
Dominic Calvert-Lewin,5555,2025-26,Leeds United,22000000.0,16.906553056777135,16.933301158761047,22000000.000000007,22596398.982877687,16.08097710657134,17.779702327774864,9635618.037232334,52677675.49108458,-0.02674810198391242,0.027109044676258135,0.6627619762020696,-0.04035853435224411
Lamare Bogarde,10025,2025-26,Aston Villa,10000000.0,16.118095750958314,16.14254920788536,9999999.999999996,10247548.972309014,15.329892606893768,16.971468862225095,4546609.675640228,23475522.00925953,-0.024453456927044925,0.024754897230901764,0.6404651614573471,-0.03818077609623962
Sasa Lukic,1537,2025-26,Fulham,10000000.0,16.118095750958314,16.141351595898392,9999999.999999996,10235283.729591958,15.31777572679737,16.955267438724142,4491851.359176736,23098249.54691178,-0.023255844940077708,0.023528372959196204,0.638871566433917,-0.03640143991677117
Fabio Carvalho,9501,2025-26,Brentford,12000000.0,16.300417291085605,16.32344118585743,12000000.000000007,12279491.910008844,15.495803010322488,17.15751360236226,5367124.370094889,28275706.517093178,-0.02302389477182487,0.023290992500736362,0.648320624259597,-0.035513130248044936
Mathis Cherki,8094,2025-26,,50000000.0,17.72753358339242,17.750259661792104,50000000.00000009,51149314.17923882,16.922547623398668,18.569733332074943,22354709.63312941,116073401.84274693,-0.02272607839968188,0.02298628358477454,0.6426537039820044,-0.03536286846067607
Enzo Fernández,11356,2025-26,Chelsea,80000000.0,18.197537205138154,18.22003577785408,79999999.99999988,81820285.97503464,17.398233755617834,19.04803422006194,35971363.725747265,187264799.76880452,-0.022498572715925036,0.022753574687934514,0.6436738576115272,-0.03495337343574931
James Justin,7753,2025-26,Leeds United,12000000.0,16.300417291085605,16.322584137352962,12000000.000000007,12268972.297527686,15.49986965124835,17.1324558347063,5388994.981600505,27575983.765021462,-0.022166846267356988,0.02241435812730651,0.63695766199444,-0.03480112979243898
Rodrigo Bentancur,6108,2025-26,Tottenham Hotspur,27000000.0,17.11134746100564,17.13314015156069,26999999.999999993,27594860.93441848,16.311131933022097,17.946065192059947,12129267.002083097,62212417.49614152,-0.021792690555049177,0.022031886459944017,0.6378733795161526,-0.03416460265449489
James Tarkowski,1665,2025-26,Everton,7000000.0,15.76142084987672,15.783010471823529,6999999.999999995,7152770.5706827,14.95502718227557,16.605117319905972,3125256.3266032953,16274617.74382668,-0.021589621946809245,0.021824367240386364,0.6437868743437252,-0.033535355887486296
Lewis Miley,11386,2025-26,Newcastle United,20000000.0,16.811242881518265,16.83186413602899,20000000.000000015,20416706.853412993,16.005482967464253,17.66259310938668,8934965.591101993,46856162.1826262,-0.020621254510725606,0.0208353426706489,0.646525746916791,-0.031895488476779255
Joachim Andersen,6314,2025-26,Fulham,20000000.0,16.811242881518265,16.831608392534473,20000000.000000015,20411486.080817804,16.003360416761495,17.65427618963115,8916020.78425402,46468079.297500536,-0.02036551101620887,0.020574304040889425,0.6441089980373984,-0.031618112894343395
Matthijs de Ligt,7902,2025-26,Manchester United,40000000.0,17.50439003707821,17.52427396143803,39999999.999999985,40803317.075111054,16.70608015955234,18.349812395863,18003560.538756583,93158451.89378831,-0.01988392435982078,0.020082926877776727,0.641306322933425,-0.031005345883491253
Kyle Walker-Peters,885,2025-26,West Ham United,13000000.0,16.380459992348886,16.400020096807815,13000000.000000013,13256784.556858076,15.580380055079988,17.221423993974902,5840809.065786255,30141814.773055166,-0.019560104458928862,0.01975265821985096,0.6402574768424617,-0.030550372571036318
Igor Julio,7943,2025-26,Brighton & Hove Al..,10000000.0,16.118095750958314,16.135677264632395,9999999.999999996,10177369.800237304,15.30758729362025,16.964041745086696,4446318.768325464,23301812.429198433,-0.017581513674080895,0.01773698002373074,0.6462699276136111,-0.027204598145238856
Andy Irving,12774,2025-26,,5000000.0,15.424948670398354,15.440233252493856,4999999.999999999,5077009.959042905,14.605591384155217,16.266304954139514,2203573.5255936556,11597555.115004575,-0.015284582095501875,0.01540199180858117,0.647931633562599,-0.023589806861969147
Randal Kolo Muani,5743,2025-26,PSG,25000000.0,17.034386422832473,17.048142704421053,24999999.999999963,25346283.378567733,16.227150123483057,17.868019412955064,11152229.977046784,57541638.73311304,-0.013756281588580777,0.013851335142710825,0.6401893369248206,-0.02148783304429861
André,13022,2025-26,Wolverhampton,25000000.0,17.034386422832473,17.04709682402826,24999999.999999963,25319788.05459111,16.231184122010333,17.873998731176567,11197308.923454417,57886729.18272513,-0.012710401195786147,0.012791522183645983,0.6409483083634011,-0.01983061821044651
Leon Bailey,5221,2025-26,Aston Villa,22000000.0,16.906553056777135,16.919009796116136,22000000.000000007,22275762.261384793,16.104038410741307,17.7616065694502,9860410.014408475,51733006.02144357,-0.012456739339000933,0.012534648244762959,0.6467044433338124,-0.01926187374681618
Bukayo Saka,7322,2025-26,Arsenal,110000000.0,18.5159909328476,18.527382032973648,110000000.00000012,111260184.84465657,17.693215634823794,19.35659174931005,48313211.63936104,254953503.01726252,-0.011391100126047604,0.011456225860513192,0.648970432088586,-0.01755257183195165
Micky van de Ven,10050,2025-26,Tottenham Hotspur,50000000.0,17.72753358339242,17.738012421800768,50000000.00000009,50526696.69614913,16.915695062486634,18.552887920293223,22202046.28169385,114134474.44043806,-0.010478838408346292,0.010533933922980855,0.638754967736955,-0.016405098883961355
Dan Burn,7382,2025-26,Newcastle United,5000000.0,15.424948670398354,15.434283721235937,4999999.999999999,5046893.800992019,14.61239301090532,16.258462925126558,2218612.503813175,11506962.42299845,-0.009335050837583125,0.009378760198403897,0.6422183739304896,-0.0145356333865862
Emile Smith-Rowe,7230,2025-26,Fulham,20000000.0,16.811242881518265,16.820510383418288,20000000.000000015,20186211.572564725,15.972769686588268,17.672763873593436,8647402.726144018,47335156.91211001,-0.009267501900023234,0.00931057862823549,0.6632570664449952,-0.01397271490780536
Beto,9983,2025-26,Everton,18000000.0,16.705882371415992,16.71459804423993,17999999.999999985,18157567.776699685,15.894930140765725,17.540303405605624,7999823.330901674,41462641.77089891,-0.008715672823939258,0.008753765372205532,0.6419465743981502,-0.013576944206160051
Carlos Alcaraz,11297,2025-26,Everton,15000000.0,16.52356082573315,16.531935905354647,15000000.00000001,15126153.739114037,15.694020166070233,17.3661307217386,6543743.846597678,34834913.142011106,-0.00837507962149786,0.008410249274268493,0.6523781965855279,-0.012837767517878525
Nick Pope,5552,2025-26,Newcastle United,7000000.0,15.76142084987672,15.76934608171414,6999999.999999995,7055697.045261287,14.938308806723189,16.595453689326227,3073441.4381684493,16118103.307323884,-0.007925231837420554,0.007956720751613118,0.646539301081908,-0.012257927436365591
Dennis Cirkin,8537,2025-26,Sunderland,8000000.0,15.894952224644102,15.90057789764372,8000000.000000002,8045132.220149379,15.066964738009426,16.75297139211692,3495421.236739535,18867875.76841195,-0.005625672999617137,0.005641527518672169,0.6577997948216974,-0.008552257151649048
Pape Sarr,9021,2025-26,Tottenham Hotspur,35000000.0,17.370858648025116,17.37473563924472,35000000.000000015,35135958.0804056,16.55960384841393,18.203998128124756,15550506.744158937,80518547.18828204,-0.003876991219602388,0.003884516583016726,0.6415646208539765,-0.006043025275367876
Jean-Clair Todibo,6816,2025-26,West Ham United,22000000.0,16.906553056777135,16.910093743249977,22000000.000000007,22078033.16991617,16.0849852337127,17.742882368813284,9674316.325441342,50773359.16573024,-0.003540686472842225,0.0035469622689165503,0.6468327943118034,-0.005473882128393524
Quilindschy Hartman,13727,2025-26,Burnley,18000000.0,16.705882371415992,16.70770205190382,17999999.999999985,18032784.069820322,15.899501979737902,17.54185113137069,8036480.972114027,41526864.257982045,-0.0018196804878272133,0.0018213372122409459,0.6407667089199756,-0.0028398486726851327
Kristoffer Ajer,9677,2025-26,Brentford,18000000.0,16.705882371415992,16.7072978929654,17999999.999999985,18025497.431129023,15.882903583101992,17.524896324319588,7904189.209615423,40828719.44965297,-0.0014155215494078277,0.001416523951613242,0.6406276544877672,-0.002209585458092111
Konstantinos Mavropanos,6722,2025-26,West Ham United,18000000.0,16.705882371415992,16.70698937402707,17999999.999999985,18019937.08127092,15.888619465425137,17.52980126113499,7949497.997204313,41029473.68464579,-0.0011070026110786557,0.0011076156261629537,0.6403112620302959,-0.0017288507585647912
Rico Henry,9679,2025-26,Brentford,15000000.0,16.52356082573315,16.524526564846173,15000000.00000001,15014493.084804123,15.713054716624672,17.353723395971528,6669494.091659556,34405375.23287057,-0.0009657391130240001,0.0009662056536075964,0.6401110683730077,-0.0015087055368041868
Morato,13068,2025-26,Nottingham Forest,14000000.0,16.454567959008102,16.453892462406237,14000000.00000001,13990546.240249176,15.646259309803597,17.280251944969145,6238555.040512443,31968190.3143065,0.0006754966018647224,-0.0006752685536309806,0.6375063927141149,0.001059591887367385
Ben White,7298,2025-26,Arsenal,38000000.0,17.453096744006448,17.45210610072093,37999999.99999996,37962374.194112666,16.632101271364988,18.274168254887297,16719749.969896888,86371493.52752498,0.0009906432855188996,-0.0009901527865078114,0.6406566203122425,0.0015462936838709026
José Sá,9740,2025-26,Wolverhampton,5000000.0,15.424948670398354,15.423483586844203,4999999.999999999,4992679.94432011,14.597042816513238,16.249781943865145,2184816.4071828276,11407503.01636985,0.0014650835541516471,-0.0014640111359778794,0.644820384437559,0.00227208008541721
Nico González,9802,2025-26,Manchester City,40000000.0,17.50439003707821,17.502623453556705,39999999.999999985,39929399.0369832,16.688313532159004,18.320601796444464,17686522.655568592,90476597.61964697,0.0017665835215048276,-0.0017650240754196428,0.6368414280697047,0.0027739770744177597
James McAtee,10126,2025-26,Nottingham Forest,18000000.0,16.705882371415992,16.703979819208786,17999999.999999985,17965786.615063444,15.879362844099484,17.517469042960798,7876252.023386425,40526596.420595974,0.0019025522072055878,-0.0019007436075856303,0.6391113100781529,0.002976871441960457
Anton Stach,9910,2025-26,Leeds United,28000000.0,17.147715103853763,17.145701093652743,27999999.99999999,27943664.46157449,16.32860240887209,17.971086734844757,12343032.945099054,63788706.540085584,0.002014010201019545,-0.0020119835151963476,0.6408194475333258,0.003142866853950787
Senne Lammens,14056,2025-26,Manchester United,20000000.0,16.811242881518265,16.809079143654735,20000000.000000015,19956772.024434686,15.98664770253012,17.621894516226295,8768248.14064969,44987466.827510014,0.0021637378635297466,-0.002161398778266458,0.6379957136655511,0.003391461442739437
Morato,13068,2025-26,Nottingham Forest,14000000.0,16.454567959008102,16.45141272467835,14000000.00000001,13955896.331522165,15.645586340572617,17.27855449668015,6234358.096616884,31913971.992075372,0.003155234329753398,-0.003150262034131744,0.6371066895975709,0.004952442630521436
Loum Tchaouna,9977,2025-26,Burnley,15000000.0,16.52356082573315,16.51990530940633,15000000.00000001,14945267.350437678,15.703817685540265,17.34549292073561,6608171.41393838,34123364.76784205,0.0036555163268197077,-0.003648843304155392,0.640503778703657,0.00570725177331235
Iyenoma Destiny Udogie,8831,2025-26,Tottenham Hotspur,30000000.0,17.216707972959764,17.212220020795836,30000000.00000005,29865663.104855113,16.385709094150865,18.035830261552036,13068417.737416074,68055237.31566976,0.004487952163927389,-0.004477896504831182,0.6437989806879055,0.006971045774462035
Tyler Adams,7352,2025-26,Bournemouth,20000000.0,16.811242881518265,16.80597014362624,20000000.000000015,19894822.766554818,15.97540475866778,17.616580928404716,8670219.306727828,44749055.93588831,0.005272737892024537,-0.005258861672259863,0.6403090670426185,0.00823467628902651
Omar Marmoush,8393,2025-26,Manchester City,50000000.0,17.72753358339242,17.722200809830287,50000000.00000009,49734071.01630499,16.901061381478804,18.542947651108634,21879514.274990536,113005567.14800067,0.005332773562134463,-0.0053185796739019355,0.6405861143263349,0.008324834776886498
Mats Wieffer,12758,2025-26,Brighton & Hove Al..,25000000.0,17.034386422832473,17.025782457151237,24999999.999999963,24785823.554017484,16.20570403211692,17.840552817663763,10915604.626306484,55982673.54265837,0.008603965681235337,-0.008567057839299156,0.6378404219682585,0.013489213578978074
Jaka Bijol,6807,2025-26,Leeds United,20000000.0,16.811242881518265,16.801077328098884,20000000.000000015,19797718.813499875,15.97835426879009,17.621894300385804,8695829.960159058,44987457.11739395,0.010165553419380302,-0.01011405932500697,0.6412313337738341,0.015853176356110117
Tyrick Mitchell,8214,2025-26,Crystal Palace,25000000.0,17.034386422832473,17.02329535651597,24999999.999999963,24724255.308970973,16.197144671735227,17.838937990454184,10822572.738672648,55892344.14935202,0.011091066316502918,-0.01102978764115961,0.6405498492914662,0.017314915191645304
Lucas Perri,12369,2025-26,Leeds United,10000000.0,16.118095750958314,16.10562833948706,9999999.999999996,9876099.834868332,15.28308390481713,16.943368615381715,4338692.851120041,22825036.226153884,0.012467411471256185,-0.012390016513166395,0.6477643129665583,0.019246832870676887
Mats Wieffer,12758,2025-26,Brighton & Hove Al..,25000000.0,17.034386422832473,17.019273795542002,24999999.999999963,24625024.869058132,16.19863809828428,17.838761440528675,10838747.532550123,55882477.231006846,0.01511262729047047,-0.014999005237673245,0.639898303712065,0.02361723293029809
Frank Onyeka,9681,2025-26,Brentford,8000000.0,15.894952224644102,15.878759800899136,8000000.000000002,7871503.734412038,15.056145096345597,16.694673384080836,3457805.8799665547,17799364.776268844,0.016192423744966433,-0.016062033198495508,0.6392759891284925,0.025329316320860294
Diego Gómez,13364,2025-26,Brighton & Hove Al..,25000000.0,17.034386422832473,17.015726107148605,24999999.999999963,24537817.733932342,16.184531412535975,17.83485209987321,10686922.107620914,55664440.05541514,0.018660315683867168,-0.01848729064270484,0.6438768238996664,0.028981188623703212
Youri Tielemans,5956,2025-26,Aston Villa,35000000.0,17.370858648025116,17.351177750097037,35000000.000000015,34317902.71307006,16.51774022062861,18.182321309690227,14912944.521175994,78791942.49501128,0.019680897928079588,-0.019488493912284494,0.6494405559914233,0.030304386978166332
David Møller Wolfe,13740,2025-26,Wolverhampton,12000000.0,16.300417291085605,16.280493122685883,12000000.000000007,11763276.054182168,15.449163287512217,17.11645690747027,5122550.883078958,27138308.097670536,0.01992416839972222,-0.019726995484819935,0.6504988568366634,0.03062905982127662
Ethan Ampadu,6369,2025-26,Leeds United,20000000.0,16.811242881518265,16.790027977459996,20000000.000000015,19580170.960017048,15.968484640087274,17.608565995975784,8610427.475974916,44391828.75646974,0.021214904058268758,-0.020991451999148338,0.6398819226282666,0.03315440444251049
Amadou Onana,9667,2025-26,Aston Villa,42000000.0,17.553180200057167,17.530457734781997,42000000.00000003,41056417.296444796,16.70502803131038,18.35449249399154,17984628.444447808,93595464.42793725,0.022722465275169412,-0.02246625484655317,0.643542765667028,0.03530839982579514
Noah Okafor,11966,2025-26,Leeds United,18000000.0,16.705882371415992,16.682805879712216,17999999.999999985,17589379.192063328,15.86189971612735,17.503442926968873,7739902.022753087,39962133.52936855,0.023076491703776014,-0.022812267107592085,0.6404522690653983,0.0360315558526339
Gabriel Martinelli,7752,2025-26,Arsenal,45000000.0,17.622173069956816,17.598221532554025,44999999.999999985,43934986.06738071,16.77789825122524,18.419628789492286,19344103.446053647,99894858.86500478,0.02395153740279099,-0.023666976280428312,0.6405253553380859,0.03739358200761428
Joachim Andersen,6314,2025-26,Fulham,25000000.0,17.034386422832473,17.009316391683146,24999999.999999963,24381040.283887193,16.18608292338723,17.823682569964543,10703515.854149118,55046153.82747493,0.025070031149326155,-0.024758388644510843,0.6389136774130211,0.03923852632304789
Olivier Boscagli,3645,2025-26,Brighton & Hove Al..,18000000.0,16.705882371415992,16.677081162581846,17999999.999999985,17488972.63973367,15.8580227417837,17.497059898698947,7709952.711181637,39707866.455203,0.028801208834146053,-0.028390408903684283,0.6394745257365093,0.045038868125316656
Igor Jesus,13778,2025-26,Nottingham Forest,20000000.0,16.811242881518265,16.78200529374341,20000000.000000015,19423713.875294074,15.953746501407828,17.59223479896003,8484456.357118849,43672744.77198733,0.029237587774854745,-0.028814306235297002,0.6392603868566191,0.04573658617988556
Kevin Danso,5261,2025-26,Tottenham Hotspur,20000000.0,16.811242881518265,16.78034120331318,20000000.000000015,19391417.936384864,15.959516431802669,17.629794715730696,8533552.590221612,45344284.40773988,0.03090167820508327,-0.030429103180757516,0.6516633310943887,0.04741969776508322
Georginio Rutter,6937,2025-26,Brighton & Hove Al..,32000000.0,17.281246492014,17.25084757914375,31999999.999999955,31041871.571314394,16.429975202742988,18.066340619194083,13659900.520443697,70163627.28953259,0.030398912870250427,-0.029941513396423817,0.6384321393824258,0.04761494761159141
Joshua Zirkzee,8044,2025-26,Manchester United,28000000.0,17.147715103853763,17.11559705014798,27999999.99999999,27114983.05342051,16.303771927662563,17.94478628382967,12040323.239369905,62132904.37792976,0.03211805370578347,-0.03160774809212425,0.640245935065783,0.0501651817632914
Matt O'Riley,13206,2025-26,Brighton & Hove Al..,20000000.0,16.811242881518265,16.774890135287087,20000000.000000015,19286001.569563065,15.956820602462663,17.59752624905899,8510578.567015123,43904449.413064264,0.036352746231177235,-0.035699921521847484,0.6401254912396424,0.05679003059349801
Brian Brobbey,9789,2025-26,Sunderland,20000000.0,16.811242881518265,16.77344634049751,20000000.000000015,19258176.631125465,15.948018431174297,17.589168634151253,8435995.714967364,43539042.01788744,0.03779654102075369,-0.037091168443727465,0.6402989360450064,0.05902952338827092
Yankuba Minteh,12759,2025-26,Brighton & Hove Al..,35000000.0,17.370858648025116,17.332990209351557,35000000.000000015,33699386.138348944,16.503665551764254,18.14438825378281,14704519.945284495,75859100.7893711,0.03786843867355927,-0.03716039604717342,0.6401321454561107,0.05915722080567759
Jean-Clair Todibo,6816,2025-26,West Ham United,23000000.0,16.951004817371683,16.912577947713796,22999999.999999974,22132947.702175472,16.088294662409982,17.745322708180495,9706385.825416923,50897414.702588245,0.03842686965788644,-0.037697925992369694,0.6464937168938056,0.059438891134959815
Jeremie Frimpong,9328,2025-26,Liverpool,35000000.0,17.370858648025116,17.332075103554885,35000000.000000015,33668561.73977833,16.507172612608834,18.14664281674532,14756180.129685557,76030322.85356921,0.038783544470231135,-0.038041093149190915,0.6396434802139934,0.06063306462102304
Nick Pope,5552,2025-26,Newcastle United,5000000.0,15.424948670398354,15.385567381768379,4999999.999999999,4806920.333570888,14.563748253100593,16.22019973016738,2113271.5026596873,11074986.333218608,0.039381288629975586,-0.03861593328582217,0.6462687671440001,0.06093639462728475
Harry Wilson,5596,2025-26,Fulham,18000000.0,16.705882371415992,16.664689728800546,17999999.999999985,17273596.34737599,15.838598275618512,17.47996798134585,7561636.1248535905,39034949.96462771,0.04119264261544586,-0.04035575847911093,0.6403845756027229,0.06432485132340329
Adama Traoré,900,2025-26,West Ham United,8000000.0,15.894952224644102,15.851312892081596,8000000.000000002,7658393.252122648,14.999014266602664,16.710259422218044,3265795.5805534697,18078959.597836766,0.04363933256250618,-0.04270084348466922,0.6676466605342671,0.06536291595854749
Mathys Tel,9780,2025-26,Tottenham Hotspur,30000000.0,17.216707972959764,17.17238494937522,30000000.00000005,28699346.617536962,16.33289548363148,18.005744792701105,12396136.419615844,66038256.602817096,0.04432302358454265,-0.04335511274876948,0.6526664231085897,0.0679106845629291
Bruno Guimarães,8327,2025-26,Newcastle United,70000000.0,18.064005814299346,18.0199145278265,69999999.99999991,66980662.27247736,17.19826357266727,18.836784433407672,29451739.682069663,151604304.83999267,0.044091286472845326,-0.04313339610746508,0.6392730914675211,0.06897097197009962
Merlin Röhl,11331,2025-26,SC Freiburg,18000000.0,16.705882371415992,16.660967942668773,17999999.999999985,17209427.198318135,15.833064102418948,17.474857957232736,7519904.2974231215,38835989.20403047,0.044914428747219404,-0.04392071120454726,0.6405500584502312,0.07011853040164717
John Victor,14017,2025-26,Nottingham Forest,5000000.0,15.424948670398354,15.378186647397312,4999999.999999999,4771572.331637359,14.546824062170217,16.21403531850605,2077807.0256253143,11006925.545036327,0.04676202300104215,-0.04568553367252798,0.6504667224594564,0.07188995437650053
Daniel James,5595,2025-26,Leeds United,10000000.0,16.118095750958314,16.070855624431747,9999999.999999996,9538583.187878734,15.251146793723603,16.91209516915535,4202316.823298924,22122264.968011864,0.047240126526567394,-0.04614168121212629,0.6480232435065926,0.07289881497296448
Ibrahima Konaté,6326,2025-26,Liverpool,45000000.0,17.622173069956816,17.575324231897586,44999999.999999985,42940423.312962554,16.75089784792703,18.392442745862635,18828792.926166803,97215695.77648284,0.04684883805922979,-0.04576837082305403,0.6404529272894567,0.07314954161815575
Bernd Leno,181,2025-26,Fulham,6000000.0,15.607270193858982,15.558726809009702,6000000.0,5715696.008459858,14.72050749561193,16.40795273504686,2471923.3531425428,13362364.049205068,0.04854338484928,-0.04738399859002372,0.6583610625550814,0.07373368142533285
Joshua King,12410,2025-26,,10000000.0,16.118095750958314,16.068801171834163,9999999.999999996,9519006.735149408,15.246117292681014,16.90556335173303,4181234.3230954097,21978237.259163585,0.04929457912415103,-0.04809932648505887,0.6474371109406639,0.07613801910818913
Diogo Dalot,7281,2025-26,Manchester United,30000000.0,17.216707972959764,17.166442169231722,30000000.00000005,28529298.48417963,16.344948147260602,17.995877341816858,12546446.895449612,65389831.75086378,0.0502658037280419,-0.0490233838606805,0.6441142345426457,0.07803864754476854
Matt Doherty,6852,2025-26,Wolverhampton,1500000.0,14.220976332738882,14.170073254290331,1499999.9999999986,1425556.1165892554,13.322210350117256,14.984270889635805,610606.9322549722,3217999.9110202407,0.05090307844855069,-0.049629255607162186,0.6484571571606841,0.0784987533662724
Ollie Watkins,8865,2025-26,Aston Villa,25000000.0,17.034386422832473,16.980440551776812,24999999.999999963,23687084.732221927,16.146489789681056,17.803554537562977,10288009.9487168,53949259.23698335,0.05394587105566018,-0.052516610711121486,0.6465080363161492,0.08344191877806773
Pascal Struijk,8717,2025-26,Leeds United,20000000.0,16.811242881518265,16.757474540170158,20000000.000000015,18953032.20306427,15.93938952489727,17.582176786779506,8363515.452384521,43235685.42172565,0.05376834134810693,-0.05234838984678719,0.6409376387508233,0.08389012923769078
Ethan Pinnock,9678,2025-26,Brentford,4000000.0,15.201805169084134,15.147168236988152,4000000.0000000005,3787315.3417165275,14.33450525361604,15.96611862956759,1680336.5496635914,8590079.193239767,0.054636932095981194,-0.05317116457086824,0.636578118665503,0.08582910799780534
Dan Ballard,13715,2025-26,Sunderland,20000000.0,16.811242881518265,16.75282557665802,20000000.000000015,18865124.740878537,15.931991978286732,17.576789044174998,8301874.227619374,43003369.06429304,0.05841730486024588,-0.05674376295607384,0.6417217689080669,0.09103213836682973
Bernd Leno,181,2025-26,Fulham,8000000.0,15.894952224644102,15.831774904261756,8000000.000000002,7510215.895848024,15.015064186939398,16.661805263095278,3318634.249455649,17223843.03857357,0.06317732038234602,-0.061223013018997255,0.6424802294705163,0.09833348558353618
Cristian Romero,7218,2025-26,Tottenham Hotspur,55000000.0,17.822843761378564,17.759112539294843,55000000.000000075,51604143.10270332,16.93523117734953,18.587570556930267,22640052.56744154,118162404.84986967,0.06373122208372095,-0.06174285267812276,0.6446644218254216,0.09885953051862335
Amine Adli,8211,2025-26,Bournemouth,20000000.0,16.811242881518265,16.747127569886757,20000000.000000015,18757936.795493882,15.934231711197302,17.57253226143457,8320489.049118673,42820702.12339383,0.06411531163150741,-0.06210316022530659,0.639187136763009,0.10030757495559459
Tyrick Mitchell,8214,2025-26,Crystal Palace,25000000.0,17.034386422832473,16.9696234611999,24999999.999999963,23432240.203458734,16.139820658183286,17.787134815973367,10219626.13463405,53070660.31837458,0.06476296163257089,-0.06271039186164924,0.6427038187312556,0.10076641797526226
Bruno Guimarães,8327,2025-26,Newcastle United,75000000.0,18.132998684833918,18.067708139102706,75000000.00000003,70259643.08487223,17.247200680823145,18.899642145045185,30928871.194049526,161439681.0402959,0.06529054573121229,-0.06320475886837063,0.6447042504085053,0.10127208823246024
Neco Williams,8204,2025-26,Nottingham Forest,24000000.0,16.993564429978885,16.928641796908586,24000000.0,22491359.078288317,16.106162897948227,17.748617114950346,9881380.599445913,51065367.99477678,0.06492263307029944,-0.06286003840465347,0.6408077004416989,0.10131375298010506
Alejandro Jiménez,12168,2025-26,,18000000.0,16.705882371415992,16.640297063613964,17999999.999999985,16857344.653825838,15.800840970396363,17.456040979769586,7281451.870582544,38112045.82566765,0.06558530780202787,-0.06348085256523044,0.6457805038325555,0.10155975197887593
Yehor Yarmolyuk,11772,2025-26,,20000000.0,16.811242881518265,16.74601071751249,20000000.000000015,18736998.642719906,15.920881087961542,17.56389815216991,8210143.550907877,42452575.0056365,0.06523216400577425,-0.06315006786400541,0.6410272967142784,0.10176191301078062
Trevoh Chalobah,6615,2025-26,Chelsea,32000000.0,17.281246492014,17.214456862781255,31999999.999999955,29932542.647846345,16.388375985420115,18.032735351352972,13103316.30390682,67844938.06102297,0.06678962923274412,-0.06460804225480042,0.6415509991544837,0.10410650021707996
Liam Delap,8868,2025-26,Chelsea,35000000.0,17.370858648025116,17.303110414307717,35000000.000000015,32707350.081147023,16.488136005321294,18.131865033028593,14477929.382502709,74915024.28900172,0.06774823371739913,-0.06550428339579975,0.641305071088642,0.1056411944511739
Hamed Junior Traore,6986,2025-26,Bournemouth,15000000.0,16.52356082573315,16.45243245409339,15000000.00000001,13970134.829017956,15.629101789048775,17.309838557037867,6132429.911239397,32928151.767240483,0.07112837163975883,-0.06865767806547018,0.6557437353162546,0.10846976922387945
Enzo Le Fée,8651,2025-26,Sunderland,20000000.0,16.811242881518265,16.741608754238555,20000000.000000015,18654700.328400575,15.923101956245707,17.5648090684447,8228397.462813666,42491263.36628029,0.06963412727970919,-0.06726498357997196,0.6405162155979055,0.10871563527038502
Nathan Aké,579,2025-26,Manchester City,22000000.0,16.906553056777135,16.834797782363985,22000000.000000007,20476690.195516232,16.016611963936306,17.65922310352267,9034958.179310251,46698522.410605885,0.07175527441314955,-0.06924135474926248,0.6408689241880396,0.11196560124062994
Tijjani Reijnders,11965,2025-26,Manchester City,50000000.0,17.72753358339242,17.654371981378063,50000000.00000009,46472530.76929159,16.833865999303807,18.476005276753092,20457619.24790453,105688354.24045174,0.07316160201435906,-0.07054938461416992,0.6406848259721764,0.11419281220425895
Kiernan Dewsbury-Hall,9739,2025-26,Everton,35000000.0,17.370858648025116,17.297306523767205,35000000.000000015,32518070.00734379,16.466300131802342,18.11402899486093,14165217.717158455,73590682.65119573,0.0735521242579118,-0.0709122855044635,0.6428656170491159,0.1144129073126216
Martin Odegaard,2517,2025-26,Arsenal,80000000.0,18.197537205138154,18.122658125926364,79999999.99999988,74228454.0546641,17.292831811499504,18.945504366643416,32372886.06651783,169016070.60891825,0.07487907921179016,-0.0721443243166973,0.644794411120874,0.11612861079491153
Curtis Jones,6665,2025-26,Liverpool,35000000.0,17.370858648025116,17.294357260407043,35000000.000000015,32422306.936650023,16.470270014173593,18.112680408396045,14221563.738766627,73491506.14036302,0.07650138761807312,-0.07364837323857117,0.6407906028724795,0.11938593867503591
Enzo Fernández,11356,2025-26,Chelsea,90000000.0,18.31532023940565,18.233939792114313,90000000.00000004,82965862.00934619,17.412451057826583,19.06361077178378,36486432.25544367,190204575.9723717,0.08138044729133753,-0.07815708878504282,0.6442041722746656,0.12632710372549374
Amine Adli,8211,2025-26,Bournemouth,20000000.0,16.811242881518265,16.730123308925663,20000000.000000015,18441668.501010615,15.912681414306743,17.55310048511135,8143098.295186808,41996652.10563643,0.08111957259260194,-0.07791657494946992,0.640013682963836,0.12674662237992435
Malo Gusto,9017,2025-26,Chelsea,35000000.0,17.370858648025116,17.28839033712757,35000000.000000015,32229421.551090643,16.461618268948936,18.11986167315055,14099053.113496013,74021167.65388162,0.08246831089754636,-0.07915938425455346,0.6469678920844342,0.127468939195492
Florian Wirtz,8397,2025-26,Liverpool,100000000.0,18.420680753952364,18.337857531387865,99999999.99999991,92051385.81222823,17.51552999857455,19.15689970430189,40448089.68799149,208802565.2364925,0.08282322256449959,-0.07948614187771685,0.6403845756027229,0.12933356879582442
Manuel Ugarte,11766,2025-26,Manchester United,25000000.0,17.034386422832473,16.95043327667259,24999999.999999963,22986858.319209777,16.118345251858837,17.782026548077795,10002495.320534144,52800252.40899701,0.0839531461598817,-0.08052566723160756,0.6490894995197056,0.1293398617941022
Micky van de Ven,10050,2025-26,Tottenham Hotspur,55000000.0,17.822843761378564,17.737213716703128,55000000.000000075,50486356.87708635,16.91791940970968,18.55329873045392,22251486.30942037,114181371.67490561,0.08563004467543678,-0.08206623859843126,0.6380474116282011,0.1342063976984434
Reece James,8067,2025-26,Chelsea,60000000.0,17.909855136853043,17.822631528453247,60000000.0000001,54988328.427485175,16.997921483339653,18.64757432254768,24104797.42320924,125469632.42886369,0.08722360839979615,-0.08352785954191522,0.6436162612492791,0.13552113837287522
Kai Havertz,5220,2025-26,Arsenal,55000000.0,17.822843761378564,17.734822825037696,55000000.000000075,50365793.64906048,16.91860965294432,18.55814880689692,22266850.5499179,114736505.1925325,0.08802093634086816,-0.08425829728981069,0.6396703811605482,0.13760358292840225
Malo Gusto,9017,2025-26,Chelsea,35000000.0,17.370858648025116,17.280323137587335,35000000.000000015,31970466.2945605,16.46181575422203,18.114698832685082,14101837.744000701,73639992.98773102,0.09053551043778185,-0.0865581058697004,0.6448765473305966,0.14039200341917338
Jéremy Doku,8981,2025-26,Manchester City,75000000.0,18.132998684833918,18.042187276307146,75000000.00000003,68489243.50009008,17.215301684258137,18.86155651057013,29957840.98836378,155406761.32720575,0.09081140852677194,-0.086810086665466,0.6422905178541579,0.14138681173461148
James Maddison,6818,2025-26,Tottenham Hotspur,35000000.0,17.370858648025116,17.279521888389983,35000000.000000015,31944860.243085794,16.4645249261409,18.113267812489042,14140093.847312039,73534688.03382662,0.09133675963513355,-0.08728970734040627,0.6432612408209364,0.1419901493187568
Jean-Ricner Bellegarde,7762,2025-26,Wolverhampton,16000000.0,16.588099342704055,16.49527240169147,16000000.000000026,14581619.178011753,15.667675746339208,17.313244763757723,6373603.64821027,33040503.099773336,0.0928269410125857,-0.08864880137426695,0.6420229477657972,0.14458508272269413
Issa Diop,3203,2025-26,Fulham,12000000.0,16.300417291085605,16.202010183644404,12000000.000000007,10875358.410610028,15.368331443484088,17.05747277549396,4724778.463759512,25583872.652144004,0.09840710744120074,-0.09372013244916493,0.6590227973976324,0.1493227667233872
Sam Johnstone,978,2025-26,Wolverhampton,5000000.0,15.424948670398354,15.327485502870957,4999999.999999999,4535678.672102021,14.498437499106064,16.165688433680984,1979662.619518916,10487434.018847816,0.09746316752739759,-0.09286426557959562,0.6504822030256018,0.14983218153250785
Amad Diallo Traore,8127,2025-26,Manchester United,40000000.0,17.50439003707821,17.40779051774744,39999999.999999985,36316781.41027026,16.577334881916258,18.228482226838416,15828692.288370192,82514303.72152284,0.09659951933076982,-0.09208046474324319,0.6441993464641093,0.14995283658852912
Rico Lewis,10847,2025-26,Manchester City,28000000.0,17.147715103853763,17.0455837253471,27999999.99999999,25281505.684970744,16.18278266879713,17.901769327727816,10668249.74909249,59516807.57785177,0.10213137850666243,-0.09708908267961593,0.6706670277908335,0.15228328555689036
Jamaal Lascelles,766,2025-26,,3500000.0,15.068273812173887,14.968285406502519,3499999.9999999995,3166967.586624971,14.129815579822855,15.808968932458876,1369306.3415250955,7340876.4163509905,0.09998840567136824,-0.09515211810715099,0.6551259617791039,0.15262470349951182
André,13022,2025-26,Wolverhampton,28000000.0,17.147715103853763,17.049850005970196,27999999.99999999,25389594.09085491,16.234786447012127,17.872069038769727,11237718.012582343,57775133.30652146,0.09786509788356668,-0.09322878246946717,0.6387899776667317,0.15320387185946843
Jacob Ramsey,8941,2025-26,Newcastle United,35000000.0,17.370858648025116,17.272548375274535,35000000.000000015,31722867.26931672,16.449851861170263,18.09243187991469,13934130.07215386,72018375.95610091,0.09831027275058091,-0.09363236373380834,0.6408567823122113,0.15340443522478991
Hamed Junior Traore,6986,2025-26,Bournemouth,15000000.0,16.52356082573315,16.423066560381386,15000000.00000001,13565854.385762284,15.599963842633162,17.2740509180718,5956321.644348199,31770568.063811727,0.10049426535176309,-0.09560970761584832,0.6531493408133271,0.15386108363306883
Kevin,14030,2025-26,Fulham,30000000.0,17.216707972959764,17.11651727526008,30000000.00000005,27139946.426860616,16.306092484796483,17.945150497684608,12068295.943254352,62155538.16443499,0.10019069769968425,-0.0953351191046476,0.6394826627475029,0.15667461142608669
Amadou Onana,9667,2025-26,Aston Villa,45000000.0,17.622173069956816,17.521028654765594,44999999.999999985,40671112.43303963,16.697677733768423,18.344297743511937,17852920.70536393,92646129.35124242,0.10114441519122153,-0.09619750148800797,0.6424329951010553,0.1574396333353199
Facundo Buonanotte,11362,2025-26,Brighton & Hove Al..,12000000.0,16.300417291085605,16.19748982175538,12000000.000000007,10826308.794929504,15.368177570762185,17.029698735804928,4724051.505014027,24883082.071053192,0.10292746933022556,-0.09780760042254186,0.6482467188337336,0.1587782341812748
Florentino Luís,8969,2025-26,Benfica,22000000.0,16.906553056777135,16.804598414465115,22000000.000000007,19867551.16554026,15.986151569783502,17.62835469554476,8763899.004084243,45279034.713150054,0.10195464231201967,-0.09692949247544307,0.6407097365538837,0.1591276618650937
Kyle Walker-Peters,885,2025-26,West Ham United,12000000.0,16.300417291085605,16.19757040941413,12000000.000000007,10827181.297044765,15.367561941048724,17.017114055117293,4721144.132948128,24571898.595360216,0.10284688167147493,-0.0977348919129368,0.6435769630793061,0.1598051011325609
Harvey Barnes,6681,2025-26,Newcastle United,32000000.0,17.281246492014,17.17662710608291,31999999.999999955,28821352.348286774,16.349574076552056,17.997363030978622,12604620.325621368,65487052.91900645,0.10461938593108755,-0.09933273911603706,0.6428890618495441,0.16273318701379885
Ezri Konsa Ngoyo,7726,2025-26,Aston Villa,35000000.0,17.370858648025116,17.263283625769503,35000000.000000015,31430320.121816963,16.4415446246824,18.094377418274632,13818855.419909492,72158626.85860622,0.1075750222556131,-0.10199085366237287,0.6448569285600375,0.16681998361377248
Raúl Jiménez,4105,2025-26,Fulham,4000000.0,15.201805169084134,15.092695981633115,4000000.0000000005,3586529.941171986,14.2658464773802,15.918130412303356,1568838.100499043,8187591.137548438,0.10910918745101839,-0.10336751470700359,0.6446427899509019,0.16925526687319112
Ian Maatsen,11807,2025-26,Aston Villa,30000000.0,17.216707972959764,17.1081528956405,30000000.00000005,26913884.356209163,16.285912641788833,17.927665520521387,11827200.422095997,61078196.079793334,0.10855507731926295,-0.10287052145969602,0.6405340715276633,0.16947588293056895
Malick Thiaw,8378,2025-26,Newcastle United,30000000.0,17.216707972959764,17.107334752703842,30000000.00000005,26891873.95606138,16.289667481808436,17.928054093890523,11871693.150579754,61101934.05228669,0.10937322025592167,-0.10360420146462206,0.6392207140111923,0.1711039987574724
Maxim De Cuyper,13711,2025-26,Brighton & Hove Al..,20000000.0,16.811242881518265,16.701417350884125,20000000.000000015,17919808.786894865,15.879550624121258,17.515820506608573,7877731.165222949,40459841.8902692,0.10982553063414002,-0.1040095606552574,0.6383948665628792,0.17203385613897737
Nico González,9802,2025-26,Manchester City,45000000.0,17.622173069956816,17.509916289308556,44999999.999999985,40221662.010711014,16.69499470631302,18.334134507349912,17805085.027184237,91709313.45332624,0.11225678064825928,-0.10618528865086606,0.6395145726022747,0.1755343591178394
Gabriel Gudmundsson,9944,2025-26,Leeds United,20000000.0,16.811242881518265,16.69839481660285,20000000.000000015,17865727.320216287,15.881406607171428,17.52006947728802,7892365.679099308,40632120.320214406,0.11284806491541488,-0.10671363398918632,0.6393284967877143,0.17651030023284806
Kevin Danso,5261,2025-26,Tottenham Hotspur,22000000.0,16.906553056777135,16.791018218735136,22000000.000000007,19599569.657576542,15.966872341573726,17.642990188206216,8596556.080362255,45946588.783731535,0.11553483804199871,-0.10911047011015747,0.6539416513723577,0.17667453632833763
Brajan Gruda,11310,2025-26,Brighton & Hove Al..,28000000.0,17.147715103853763,17.032114975020328,27999999.99999999,24943278.247063566,16.215562933057708,17.85437965028291,11023752.735653853,56762112.78327935,0.11560012883343518,-0.10916863403344372,0.6393885206293957,0.1807979422583967
Ryan Sessegnon,6837,2025-26,Fulham,18000000.0,16.705882371415992,16.58947544248505,17999999.999999985,16022032.754029177,15.768362799030825,17.41290734573152,7048762.709319612,36503084.37242323,0.1164069289309424,-0.10988706922060053,0.6416232479032006,0.18142567201446588
Max Kilman,7332,2025-26,West Ham United,13000000.0,16.380459992348886,16.25785000272706,13000000.000000013,11499911.708357494,15.432862565592163,17.079021437845377,5039726.472113309,26141153.67334835,0.12260998962182512,-0.1153914070494244,0.6422530811334765,0.19090603567901554
Dominic Solanke,1679,2025-26,Tottenham Hotspur,35000000.0,17.370858648025116,17.24772698832343,35000000.000000015,30945153.57585455,16.426390801017426,18.076804785097373,13611025.591880443,70901685.98595636,0.12313165970168782,-0.11585275497558463,0.6439132238617092,0.19122399593416695
Zeki Amdouni,11701,2025-26,Burnley,7000000.0,15.76142084987672,15.63756831310701,6999999.999999995,6184570.6992401285,14.81188074092712,16.45350110966305,2708431.848577628,13985072.072443187,0.12385253676970898,-0.11648990010855248,0.6404823724146277,0.1933738415044635
Oscar Bobb,11903,2025-26,Fulham,28000000.0,17.147715103853763,17.021121831409765,27999999.99999999,24670574.87616853,16.207257341582313,17.847758088755203,10932573.115091693,56387500.5820311,0.12659327244399776,-0.11890804013683785,0.6400455492071672,0.19778791150225247
Sepp van den Berg,10721,2025-26,Brentford,25000000.0,17.034386422832473,16.906631884697212,24999999.999999963,22001734.282674592,16.088200561207703,17.72954907578032,9705472.48572072,50100876.244913965,0.12775453813526028,-0.119930628693015,0.6403763078196779,0.19949916412465776
Joël Piroe,13835,2025-26,Leeds United,10000000.0,16.118095750958314,15.988454127480495,9999999.999999996,8784101.639435275,15.149553710008014,16.809196636143152,3796360.6670678104,19959116.93310999,0.12964162347781993,-0.12158983605647222,0.6475139191350857,0.20021441956180377
Brenden Aaronson,10751,2025-26,Leeds United,22000000.0,16.906553056777135,16.77750898728776,22000000.000000007,19336574.94917122,15.949754423166624,17.59364812378343,8450653.256718313,43734512.186121255,0.12904406948937464,-0.12106477503767216,0.6413693186441448,0.20120087715167587
Anthony Gordon,8150,2025-26,Newcastle United,60000000.0,17.909855136853043,17.78066094717435,60000000.0000001,52728197.54553064,16.953474169879183,18.596505539907653,23056865.29147124,119222914.69804683,0.12919418967869234,-0.12119670757449076,0.6410328781664667,0.20154066051685812
Oliver Scarles,12358,2025-26,West Ham United,8000000.0,15.894952224644102,15.763722327661148,8000000.000000002,7016128.899825492,14.954677991010382,16.59517399336879,3124165.2045596093,16113595.769107051,0.13122989698295484,-0.12298388752181372,0.6400436980056992,0.20503271478471197
David Raya,9676,2025-26,Arsenal,35000000.0,17.370858648025116,17.236751482083747,35000000.000000015,30607371.892015893,16.40552011639174,18.081928629836256,13329898.015459731,71265907.53227504,0.1341071659413693,-0.1255036602281177,0.6540550557701665,0.20503956778295165
Caoimhin Kelleher,7904,2025-26,Brentford,28000000.0,17.147715103853763,17.01214769483327,27999999.99999999,24450168.217766996,16.192645214625074,17.836026395787265,10773986.420311425,55729844.975954175,0.13556740902049214,-0.1267797065083212,0.6411693578721824,0.21143775409104562
Douglas Luiz,6122,2025-26,Juventus,25000000.0,17.034386422832473,16.896503718263183,24999999.999999963,21780021.712067224,16.064132470965294,17.73043192301555,9474668.916007983,50145127.19641326,0.13788270456928942,-0.12879913151730973,0.6501109796926602,0.21209102580373806
Cristhian Mosquera,10024,2025-26,Arsenal,35000000.0,17.370858648025116,17.234802442987583,35000000.000000015,30547775.02279868,16.419578406304645,18.05999400797164,13518617.025484962,69719736.11116421,0.13605620503753357,-0.12720642792003808,0.640012329470951,0.2125837249885495
Lorenzo Lucca,11936,2025-26,Napoli,20000000.0,16.811242881518265,16.673920089276596,20000000.000000015,17433775.99830193,15.851958551447247,17.50669961903105,7663339.56274143,40092490.04598055,0.13732279224166888,-0.12831120008490413,0.6456014465232738,0.21270521152204144
Josko Gvardiol,9790,2025-26,Manchester City,70000000.0,18.064005814299346,17.92678122315472,69999999.99999991,61024208.66493738,17.101622560408522,18.749483499785924,26738700.290340777,138930378.64909476,0.13722459114462637,-0.1282255905008935,0.6429171469616489,0.213440552632845
Omari Hutchinson,10348,2025-26,Nottingham Forest,30000000.0,17.216707972959764,17.080254233639238,30000000.00000005,26173400.251515295,16.254064197395895,17.88821342171421,11456457.583846234,58715447.16936507,0.13645373932052607,-0.12755332494949156,0.6375674863713137,0.2140224246646364
Guglielmo Vicario,8858,2025-26,Tottenham Hotspur,30000000.0,17.216707972959764,17.07852049454908,30000000.00000005,26128061.716594994,16.267497577109864,17.906191989082906,11611394.877996467,59780613.19858779,0.13818747841068557,-0.12906460944683493,0.6393408029234293,0.21614055880496588
Adam Armstrong,4419,2025-26,Wolverhampton,10000000.0,16.118095750958314,15.97727916324049,9999999.999999996,8686486.047781453,15.150420738050455,16.810322291379432,3799653.6464388464,19981596.668565206,0.1408165877178238,-0.13135139522185443,0.64761482319417,0.2174387964489252
Adrien Truffert,8640,2025-26,Bournemouth,30000000.0,17.216707972959764,17.075117062280384,30000000.00000005,26039287.778561156,16.245055260889508,17.90572082614508,11353710.591361314,59752453.42321924,0.1415909106793798,-0.13202374071462952,0.6479129043952924,0.21853386422597784
Jean-Ricner Bellegarde,7762,2025-26,Wolverhampton,16000000.0,16.588099342704055,16.44683454931165,16000000.000000026,13892149.818838067,15.628330739901662,17.273303370619654,6127703.328063686,31746826.93077219,0.1412647933924056,-0.1317406363226222,0.641790265974013,0.22011052657212726
Kevin Schade,9156,2025-26,Brentford,35000000.0,17.370858648025116,17.229399841418545,35000000.000000015,30383182.57418278,16.407349212228734,18.045347521748365,13354301.9900568,68706028.68957523,0.14145880660657184,-0.13190906930906385,0.6390692167764156,0.22135130732804886
Kai Havertz,5220,2025-26,Arsenal,60000000.0,17.909855136853043,17.768137984684316,60000000.0000001,52072001.62703014,16.9507850239728,18.591435887237886,22994945.307120264,118620025.43601567,0.14171715216872727,-0.1321333062161657,0.6401041173832808,0.22139703263909805
Jack Hinshelwood,11269,2025-26,Brighton & Hove Al..,28000000.0,17.147715103853763,17.00437491064653,27999999.99999999,24260859.01201894,16.173597929729354,17.818192169315047,10570713.258934246,54744756.536321625,0.14334019320723357,-0.13354074957075174,0.6416426357089826,0.2233956804457826
Simon Adingra,11710,2025-26,Sunderland,22000000.0,16.906553056777135,16.761355223636546,22000000.000000007,19026725.82397778,15.93087503617647,17.588031307341822,8292606.690198395,43489552.0454771,0.14519783314058898,-0.1351488261828285,0.6465437443585315,0.22457542031382122
Mohamed Salah,1250,2025-26,Liverpool,45000000.0,17.622173069956816,17.474780603626414,44999999.999999985,38832985.21631924,16.650703327774924,18.305654987356988,17033682.56388426,89134317.5645394,0.14739246633040182,-0.13704477297068327,0.6456836095283306,0.22827351376949379
Marcus Tavernier,10741,2025-26,Bournemouth,25000000.0,17.034386422832473,16.886432604316035,24999999.999999963,21561773.46772301,16.05690587597329,17.7168502433662,9406446.120003534,49468676.197915204,0.14795381851643796,-0.1375290612910784,0.6476315272103742,0.22845369982795355
Conor Bradley,10120,2025-26,Liverpool,30000000.0,17.216707972959764,17.070382984455186,30000000.00000005,25916307.088730626,16.257450215055396,17.89095690600638,11495315.10392559,58876753.24829715,0.14632498850457765,-0.13612309704231387,0.6373168003398166,0.22959537301787325
Romelle Donovan,14217,2025-26,Brentford,3500000.0,15.068273812173887,14.918112365761166,3499999.9999999995,3011991.463561474,14.086239448149906,15.759788111720363,1310918.6190290225,6988580.156616729,0.15016144641272078,-0.13943101041100736,0.652939278050196,0.2299776586593659
Ferdi Kadioglu,13066,2025-26,Brighton & Hove Al..,28000000.0,17.147715103853763,16.99794104133654,27999999.99999999,24105268.869391996,16.172891645025285,17.830979178741078,10563249.961058889,55449272.99681753,0.14977406251722414,-0.13909754037885694,0.6469070788169768,0.23152330129254664
Yeremi Pino,9024,2025-26,,30000000.0,17.216707972959764,17.06772968994326,30000000.00000005,25847634.63511922,16.242202190754185,17.888425033323173,11321363.821638176,58727873.35453942,0.14897828301650407,-0.13841217882936077,0.6422780393152778,0.23195294544918177
Djiamgone Jocelin Ta Bi,14460,2025-26,Sunderland,2500000.0,14.731801689838349,14.57903148205177,2499999.9999999995,2145817.1983215488,13.730990791904896,15.406758377094288,918952.491108043,4909870.739334065,0.15277020778657935,-0.14167312067138033,0.6538049959772902,0.2336632615635225
Curtis Jones,6665,2025-26,Liverpool,40000000.0,17.50439003707821,17.353637040919512,39999999.999999985,34402404.28309646,16.532510599676158,18.175121739262522,15134849.152711987,78226711.50036456,0.15075299615869753,-0.13993989292258813,0.6408689241880396,0.2352321831639703
Jurriën Timber,11707,2025-26,Arsenal,60000000.0,17.909855136853043,17.75902024564411,60000000.0000001,51599380.58762939,16.939269603394347,18.579285574934914,22731667.615210313,117187475.65694495,0.1508348912089339,-0.1400103235395115,0.6398564127582097,0.23573240527313696
Jan Paul van Hecke,10807,2025-26,Brighton & Hove Al..,45000000.0,17.622173069956816,17.464648420712944,44999999.999999985,38441508.9008277,16.632782896583635,18.29194312642035,16731150.458796432,87920461.3162891,0.15752464924387155,-0.1457442466482731,0.6473255939435508,0.24334685777557605
Sander Berge,8285,2025-26,Fulham,25000000.0,17.034386422832473,16.87908500725538,24999999.999999963,21403926.84385682,16.05899977434855,17.692074438127086,9426162.899607604,48258108.2085965,0.15530141557709243,-0.14384292624572598,0.6371482438369696,0.24374455564979977
Josko Gvardiol,9790,2025-26,Manchester City,70000000.0,18.064005814299346,17.903550093141906,69999999.99999991,59622887.475798175,17.073749539500575,18.724889049298486,26003702.795169834,135555138.52848482,0.16045572115744022,-0.14824446463145355,0.6441962895704074,0.2490789278908183
Trai Hume,13713,2025-26,Sunderland,22000000.0,16.906553056777135,16.745678879605187,22000000.000000007,18730782.02748066,15.918165318817438,17.562594113645527,8187876.942836896,42397251.29103341,0.16087417717194796,-0.14860081693269764,0.6415780870149776,0.2507476181433116
Fabian Schär,76,2025-26,Newcastle United,4000000.0,15.201805169084134,15.041871488369177,4000000.0000000005,3408801.069828547,14.239010717852194,15.872773679932465,1527296.9981595143,7824524.706240618,0.15993368071495695,-0.14779973254286333,0.6374167851743087,0.2509091138402032
Pedro Lima,13156,2025-26,Wolverhampton,4000000.0,15.201805169084134,15.029896074954259,4000000.0000000005,3368222.7120436206,14.15855947626794,15.904963467223316,1409236.6977579603,8080492.191797643,0.17190909412987487,-0.15794432198909494,0.681363969784783,0.2523014156210438
Kevin Schade,9156,2025-26,Brentford,35000000.0,17.370858648025116,17.208030023421582,35000000.000000015,29740787.846870195,16.384249945564235,18.027141479938496,13049362.87800231,67466481.7007688,0.16282862460353442,-0.15026320437513765,0.6409783209294452,0.254031406814861
Wilfried Gnonto,11155,2025-26,Leeds United,16000000.0,16.588099342704055,16.422207805077303,16000000.000000026,13554209.636206184,15.599150743192729,17.25358750888749,5951480.530159373,31127040.746770635,0.16589153762675224,-0.1528618977371149,0.6454827223654025,0.25700383895456524
Wilson Odobert,10822,2025-26,Tottenham Hotspur,22000000.0,16.906553056777135,16.73835233819406,22000000.000000007,18594051.661929194,15.925739041374891,17.564741527080574,8250125.086241716,42488393.54523852,0.16820071858307628,-0.1548158335486733,0.6394609986756987,0.26303514824424645
Pedro Porro,6912,2025-26,Tottenham Hotspur,35000000.0,17.370858648025116,17.20116066996674,35000000.000000015,29537187.956682038,16.37734839256612,18.01995498577904,12959612.067839425,66983372.2277924,0.16969797805837672,-0.1560803440947993,0.6408671504088491,0.26479431493737166
Cristhian Mosquera,10024,2025-26,Arsenal,40000000.0,17.50439003707821,17.332582130124347,39999999.999999985,33685636.92406326,16.512730069608146,18.15889426255347,14838415.269259026,76967533.61672194,0.1718079069538625,-0.15785907689841824,0.6422551570150694,0.2675072439314509
Marcos Senesi,10864,2025-26,Bournemouth,25000000.0,17.034386422832473,16.86174491107302,24999999.999999963,21035980.01252895,16.043607998570305,17.686958847703938,9282188.352754742,48011869.851569764,0.1726415117594513,-0.1585607994988408,0.6411575237539046,0.26926536048217115
Milos Kerkez,11709,2025-26,Liverpool,40000000.0,17.50439003707821,17.330655952962484,39999999.999999985,33620814.867035724,16.50648050815937,18.146912539421546,14745970.844422022,76050832.72185726,0.17373408411572555,-0.1594796283241066,0.6400187395194006,0.27145155819372574
Marc Guiu,11633,2025-26,Chelsea,12000000.0,16.300417291085605,16.110909843831557,12000000.000000007,9928398.49055358,15.210270137175257,16.975475704065587,4034003.5974675575,23569773.416222174,0.1895074472540479,-0.1726334591205355,0.6886994525731849,0.275167123403383
Nathan Collins,9733,2025-26,Brentford,30000000.0,17.216707972959764,17.03826615645127,30000000.00000005,25097181.74208466,16.219017270077536,17.858767497782004,11061898.34224003,57011723.508701414,0.17844181650849222,-0.16342727526384604,0.6397527321230027,0.2789231019246104
Lisandro Martínez,10802,2025-26,Manchester United,40000000.0,17.50439003707821,17.322361892666436,39999999.999999985,33343115.014638,16.497052172655877,18.15413068461141,14607594.230183914,76601764.64273405,0.18202814441177395,-0.1664221246340497,0.6465134064045619,0.2815535495606848
Brajan Gruda,11310,2025-26,Brighton & Hove Al..,28000000.0,17.147715103853763,16.967243928476197,27999999.99999999,23376548.70487494,16.14602597371145,17.78095393525967,10283239.311377715,52743648.54283341,0.18047117537756563,-0.16512326054018037,0.6378713126870671,0.28292724847167233
Aaron Wan-Bissaka,5584,2025-26,West Ham United,22000000.0,16.906553056777135,16.723805779799658,22000000.000000007,18325529.957390368,15.913591873892003,17.56856349415169,8150515.634075102,42651093.50899459,0.1827472769774765,-0.16702136557316538,0.6456913972375978,0.28302572677800475
Lewis Miley,11386,2025-26,Newcastle United,25000000.0,17.034386422832473,16.850013772673243,24999999.999999963,20790645.845986355,16.027403270804705,17.688560993412537,9132985.164710885,48088853.51747414,0.18437265015922932,-0.16837416616054457,0.6481049208411035,0.2844796332049948
Justin Kluivert,6963,2025-26,Bournemouth,25000000.0,17.034386422832473,16.84976306355667,24999999.999999963,20785434.094626673,16.025191001893806,17.68266584209917,9112802.87591129,47806196.415393926,0.18462335927580398,-0.16858263621493186,0.6466680348817306,0.28549943605851774
Pascal Struijk,8717,2025-26,Leeds United,22000000.0,16.906553056777135,16.723073918563177,22000000.000000007,18312123.11821608,15.894373478273982,17.54092598565766,7995371.367991474,41488463.6224435,0.18347913821395778,-0.16763076735381488,0.6424066588832571,0.2856121362952761
Harvey Barnes,6681,2025-26,Newcastle United,32000000.0,17.281246492014,17.095749223687275,31999999.999999955,26582115.182835534,16.265521167034592,17.918603241266403,11588468.661460752,60527188.86304629,0.1854972683267242,-0.1693089005363884,0.6449541860371469,0.28761309305780713
Eli Junior Kroupi,11504,2025-26,Bournemouth,22000000.0,16.906553056777135,16.719826290801926,22000000.000000007,18252748.620880865,15.904011100797511,17.540467465365726,8072800.264725758,41469444.68015169,0.18672676597520876,-0.17032960814177917,0.6384676230222054,0.2924608221969535
Ethan Pinnock,9678,2025-26,Brentford,3000000.0,14.914123179965662,14.724689190747295,3000000.000000001,2482281.8300868752,13.891783969972277,15.545581515651607,1079256.615813372,5641053.170385372,0.18943398921836696,-0.17257272330437518,0.645233329046596,0.29358990103359467
Patrick Dorgu,11944,2025-26,Manchester United,30000000.0,17.216707972959764,17.02863882457315,30000000.00000005,24856722.183862925,16.199723943943184,17.83896200133595,10850523.132677259,55893686.18995478,0.1880691483866137,-0.1714425938712372,0.6395529075700389,0.2940634717793349
Riccardo Calafiori,8129,2025-26,Arsenal,55000000.0,17.822843761378564,17.635087807225613,55000000.000000075,45584932.18267156,16.821424855865466,18.454342981740552,20204679.75080828,103423521.2150817,0.18775595415295143,-0.17118305122415453,0.6370871701748221,0.29470999094429984
Evanilson,12963,2025-26,Bournemouth,35000000.0,17.370858648025116,17.180217505804784,35000000.000000015,28925018.517461836,16.35706329044029,18.00239614933721,12699373.400854623,65817487.8738992,0.19064114222033268,-0.17357089950109075,0.6419308099164753,0.29698082608799836
Michael Kayode,11281,2025-26,Brentford,40000000.0,17.50439003707821,17.311917016842443,39999999.999999985,32996662.78323865,16.491631615070293,18.13855988169149,14528627.135248296,75418251.6819131,0.1924730202357665,-0.17508343041903346,0.6425532623078285,0.2995440713264301
Brennan Johnson,10760,2025-26,Crystal Palace,30000000.0,17.216707972959764,17.023741839204533,30000000.00000005,24735296.72611791,16.190314128927355,17.84014342178557,10748900.582307246,55959759.15729786,0.19296613375523108,-0.17549010912940435,0.6436851050907942,0.29978343794053225
Tyler Dibling,10586,2025-26,Everton,17000000.0,16.648723960844016,16.451924516160286,16999999.999999974,13963040.668948805,15.62331520096832,17.284047038624813,6097046.532875082,32089743.100559566,0.19679944468373023,-0.17864466653242198,0.6479387607414825,0.3037315508930483
Marc Guiu,11633,2025-26,Chelsea,12000000.0,16.300417291085605,16.090721128392076,12000000.000000007,9729966.640310623,15.194760723527759,16.95878638816494,3971921.2265410083,23179674.30353451,0.20969616269352898,-0.18916944664078195,0.6882391107007839,0.3046850424992712
Alex Iwobi,500,2025-26,Fulham,20000000.0,16.811242881518265,16.61363410416916,20000000.000000015,16413817.084602877,15.78628118668301,17.42984400080204,7176203.547348226,37126589.681242384,0.1976087773491031,-0.17930914576985674,0.6412402224333928,0.30816653484276585
Rayan,14395,2025-26,Bournemouth,18000000.0,16.705882371415992,16.508029762920888,17999999.999999985,14768833.817226978,15.689365479726423,17.3298997982594,6513355.545693777,33595401.93826004,0.19785260849510422,-0.17950923237627833,0.6400586471589007,0.3091163745280757
Alex Iwobi,500,2025-26,Fulham,25000000.0,17.034386422832473,16.835149749307174,24999999.999999963,20483898.582405474,16.009720978504866,17.651683927853238,8972912.430929577,46347777.862824805,0.1992366735252986,-0.1806440567037798,0.6406160311140306,0.311007942119129
Rodrigo Gomes,12756,2025-26,Wolverhampton,15000000.0,16.52356082573315,16.324159172433394,15000000.00000001,12288311.5869038,15.507812394773978,17.150464789994885,5431968.833761339,28077097.162624717,0.19940165329975557,-0.18077922753974723,0.6408850201790436,0.31113483233552386
Romeo Lavia,10004,2025-26,Chelsea,35000000.0,17.370858648025116,17.163802540961747,35000000.000000015,28454091.0422517,16.318964426306735,18.0158082280073,12224642.438399091,66706183.51870164,0.2070561070633694,-0.18702597022138037,0.6620279355860351,0.3127603775210495
Callum Wilson,468,2025-26,West Ham United,4000000.0,15.201805169084134,15.001068596131548,4000000.0000000005,3272511.4988969956,14.187442450729987,15.822217751188504,1450533.1860572111,7438781.501809392,0.20073657295258585,-0.1818721252757512,0.6378117515736866,0.3147269903028663
Rodrigo Gomes,12756,2025-26,Wolverhampton,15000000.0,16.52356082573315,16.32241231817671,15000000.00000001,12266864.433733141,15.509094548542752,17.146115014363133,5438937.921121655,27955233.317562606,0.20114850755643943,-0.18220903775112443,0.6386877085639971,0.31494031411485063
Jaidon Anthony,10746,2025-26,Burnley,20000000.0,16.811242881518265,16.60915618120259,20000000.000000015,16340481.58952385,15.775549610760468,17.41980068066546,7099603.319143357,36755581.640288554,0.20208670031567522,-0.18297592052380812,0.6415087471830957,0.3150178406811292
James Tarkowski,1665,2025-26,Everton,5000000.0,15.424948670398354,15.222546280295857,4999999.999999999,4083830.8326295246,14.407371414838533,16.04883873092271,1807347.504995039,9330868.205551527,0.20240239010249717,-0.18323383347409491,0.6404226585323155,0.3160450171553135
Sander Berge,8285,2025-26,Fulham,25000000.0,17.034386422832473,16.830943658026218,24999999.999999963,20397922.36962327,16.005940226499142,17.64313308430573,8939052.119532023,45953154.84131848,0.20344276480625467,-0.184083105215068,0.638754967736955,0.31849891598813246
Alejandro Garnacho,10552,2025-26,Chelsea,45000000.0,17.622173069956816,17.414798919834308,44999999.999999985,36572198.009560995,16.5949413214996,18.241481376844956,16109847.024558049,83593921.39977325,0.20737415012250793,-0.18728448867642206,0.6424018006887577,0.32281066133402736
Jarrad Branthwaite,8476,2025-26,Everton,40000000.0,17.50439003707821,17.292323508125886,39999999.999999985,32356435.00022863,16.461731077248054,18.13390463301519,14100643.693523357,75067976.90162739,0.2120665289523238,-0.191089124994284,0.6524027762346916,0.32505460840656547
Ismaila Sarr,5675,2025-26,Crystal Palace,30000000.0,17.216707972959764,17.00648061749374,30000000.00000005,24311999.095180836,16.18662464448225,17.828292940937306,10709315.745839937,55300522.93927629,0.21022735546602433,-0.18960003016064012,0.6405010715364423,0.3282232689505549
David Raya,9676,2025-26,Arsenal,30000000.0,17.216707972959764,17.001004463665385,30000000.00000005,24179226.715573,16.168374649282296,17.849962291425918,10515643.401692675,56511927.143915854,0.21570350929437865,-0.1940257761475679,0.6560757060370732,0.3287783822957008
Gabriel,5613,2025-26,Arsenal,75000000.0,18.132998684833918,17.921118029291772,75000000.00000003,60679593.467641205,17.093765332860553,18.74220365509847,26529431.443059072,137922659.53263992,0.21188065554214575,-0.19093875376478425,0.6431424143568018,0.3294459373419568
Maxence Lacroix,8853,2025-26,Crystal Palace,32000000.0,17.281246492014,17.068563229584825,31999999.999999955,25869188.64587507,16.238361698214625,17.891990821455643,11277967.589295277,58937658.31403557,0.21268326242917368,-0.19158785481640292,0.6451676186028708,0.3296558232258238
Anthony Gordon,8150,2025-26,Newcastle United,65000000.0,17.989897843244528,17.778048004953217,65000000.00000007,52590601.65265161,16.95101386862212,18.593353457061255,23000208.17971122,118847705.84593192,0.211849838291311,-0.19091382072843763,0.6407629778155888,0.33062122130327143
Antonín Kinsky,13348,2025-26,Tottenham Hotspur,13000000.0,16.380459992348886,16.16718733739872,13000000.000000013,10503165.461200451,15.34583718073927,16.99595396467808,4619684.470394905,24057417.408294402,0.2132726549501669,-0.19206419529227378,0.6437972704688891,0.3312730027495093
Amad Diallo Traore,8127,2025-26,Manchester United,45000000.0,17.622173069956816,17.408266194827686,44999999.999999985,36334060.580617934,16.57921785320469,18.22892635357217,15858525.341942614,82550958.66928539,0.21390687512912976,-0.1925764315418234,0.6436379775925564,0.3323403568093052
Yankuba Minteh,12759,2025-26,Brighton & Hove Al..,45000000.0,17.622173069956816,17.409450490895015,44999999.999999985,36377116.35721906,16.58233609905018,18.217435920946222,15908053.305875976,81607841.21938655,0.2127225790618006,-0.19161963650624278,0.6379383644399521,0.3334531843817707
Maxim De Cuyper,13711,2025-26,Brighton & Hove Al..,22000000.0,16.906553056777135,16.693876064826576,22000000.000000007,17785178.655406978,15.872889894945278,17.50495833624165,7825434.086436617,40022738.42760861,0.2126769919505591,-0.19158278839059217,0.6367556635700411,0.3340009427763265
Matheus Nunes,11000,2025-26,Manchester City,50000000.0,17.72753358339242,17.512113482313858,50000000.00000009,40310133.926684536,16.683361888204697,18.335771571545294,17599161.756169934,91859570.44501427,0.21542010107856413,-0.19379732146631073,0.6446918510165803,0.3341442903906411
Neco Williams,8204,2025-26,Nottingham Forest,28000000.0,17.147715103853763,16.93191763971567,27999999.99999999,22565158.049340963,16.10907488655549,17.75274665201181,9910197.006248854,51276680.339383565,0.21579746413809175,-0.1941014982378224,0.6412827300754236,0.3365090840863764
Pedro Lima,13156,2025-26,Wolverhampton,4000000.0,15.201805169084134,14.972480827429067,4000000.0000000005,3180282.263714549,14.109462138391622,15.854839351251565,1341717.9366366153,7685447.942353029,0.229324341655067,-0.2049294340713628,0.6809633696929276,0.33676457774590446
Wilson Isidor,7148,2025-26,Sunderland,15000000.0,16.52356082573315,16.305219373981387,15000000.00000001,12057763.581302058,15.484365707725644,17.13833585361561,5306088.640564324,27738608.72725144,0.2183414517517619,-0.1961490945798633,0.6453006694588459,0.3383561525433791
Mikkel Damsgaard,8859,2025-26,Brentford,30000000.0,17.216707972959764,16.99983155741792,30000000.00000005,24150883.373617303,16.18727441665795,17.823646092930666,10716276.623129407,55044145.943641536,0.21687641554184367,-0.19497055421275789,0.6384345816677915,0.3397002947041095
Justin Devenny,13038,2025-26,Crystal Palace,8000000.0,15.894952224644102,15.675599311914103,8000000.000000002,6424305.928741745,14.855083401812365,16.496780012338846,2828007.754974879,14603619.163387256,0.2193529127299989,-0.1969617589072821,0.6405121183435998,0.34246489090207666
Conor Gallagher,9040,2025-26,Tottenham Hotspur,32000000.0,17.281246492014,17.060561059227908,31999999.999999955,25663005.041737385,16.231233361477855,17.882809900277948,11197860.286607029,58399032.63279788,0.22068543278609098,-0.1980310924457056,0.6443667975498782,0.3424841776845407
Oliver Sonne,13726,2025-26,Burnley,4000000.0,15.201805169084134,14.977397961841834,4000000.0000000005,3195958.6538660745,14.144925779865316,15.8130473316479,1390153.958551057,7370876.5795897,0.22440720724229912,-0.20101033653348147,0.6508218765489382,0.34480587596754664
Oscar Bobb,11903,2025-26,Fulham,30000000.0,17.216707972959764,16.994764047430095,30000000.00000005,24028808.09592119,16.17736476992851,17.824576755714354,10610606.538973298,55095397.32784056,0.22194392552966846,-0.19903973013596168,0.6426639560633001,0.3453498884381308
Tosin Adarabioyo,5590,2025-26,Chelsea,16000000.0,16.588099342704055,16.364512929197154,16000000.000000026,12794332.41860639,15.533564465748832,17.192817503968612,5573670.025120395,29291779.451585926,0.22358641350690078,-0.20035422383710197,0.6473618033708325,0.3453809173520581
Mikkel Damsgaard,8859,2025-26,Brentford,30000000.0,17.216707972959764,16.995699111769525,30000000.00000005,24051287.086439095,16.181987216051485,17.817327584095224,10659767.033989683,54697445.48325866,0.22100886119023855,-0.19829043045203146,0.6380322141327841,0.3463913832166526
Declan Rice,5553,2025-26,Arsenal,120000000.0,18.603002309079653,18.38176308913797,119999999.9999999,96182989.79477912,17.55944851820515,19.193424975657862,42264096.223324075,216570128.2651293,0.22123921994168327,-0.1984750850435066,0.6375000809382041,0.3470418695729217
Bukayo Saka,7322,2025-26,Arsenal,140000000.0,18.757152987716434,18.530829595359528,139999999.99999985,111644423.23875993,17.697866533469902,19.362361456131005,48538434.83375878,256428761.80119976,0.2263233923569068,-0.20253983400885675,0.6494069379505687,0.34850781402359143
Julio Soler,13474,2025-26,Bournemouth,8000000.0,15.894952224644102,15.663072925606789,8000000.000000002,6344334.5005895505,14.817405950477529,16.52065958274875,2723437.9253030852,14956544.420411697,0.2318792990373133,-0.20695818742630637,0.6645287473259804,0.3489379503450832
Angel Gomes,5598,2025-26,Marseille,18000000.0,16.705882371415992,16.480533676630426,17999999.999999985,14368280.717665257,15.659688670263483,17.3015329150314,6322899.939743319,32655794.933281805,0.2253486947855663,-0.2017621823519295,0.6405697182193121,0.3517941738051588
Niclas Füllkrug,6098,2025-26,West Ham United,8000000.0,15.894952224644102,15.667703052816826,8000000.000000002,6373777.691279181,14.842379697764104,16.49566559839627,2792308.8032667493,14587353.750349969,0.22724917182727644,-0.20327778859010254,0.6450337094269302,0.35230588495781456
Oliver Sonne,13726,2025-26,Burnley,4000000.0,15.201805169084134,14.971818393795893,4000000.0000000005,3178176.2347468683,14.138615922074868,15.80624566022754,1381409.8943682162,7320912.4047866715,0.22998677528824096,-0.20545594131328304,0.6506299942072775,0.35348320448775966
Cody Gakpo,11296,2025-26,Liverpool,60000000.0,17.909855136853043,17.680304392377554,60000000.0000001,47693437.673265375,16.849044125320866,18.50511138632405,20770496.021008916,108809736.3761587,0.22955074447548895,-0.20510937211224503,0.6461188642671701,0.3552763387211207
Dan Burn,7382,2025-26,Newcastle United,4000000.0,15.201805169084134,14.970853950683797,4000000.0000000005,3175112.5412203306,14.15348289113242,15.80252311368129,1402100.7111564085,7293710.625233587,0.23095121840033705,-0.20622186469491743,0.6433772472977525,0.35896702808555137
Chimuanya Ugochukwu,9451,2025-26,,22000000.0,16.906553056777135,16.67516923429829,22000000.000000007,17455566.921226677,15.845148712173927,17.495145978893795,7611330.732088802,39631941.4616113,0.23138382247884337,-0.20656513994424225,0.6437506405211925,0.35943082292160633
Tyler Adams,7352,2025-26,Bournemouth,25000000.0,17.034386422832473,16.803453678806477,24999999.999999963,19844821.082576923,15.974581489988232,17.616370293500115,8663084.323311694,44739631.21517206,0.23093274402599562,-0.20620715669692188,0.6405480876719141,0.3605236647654756
Moisés Caicedo,9453,2025-26,Chelsea,100000000.0,18.420680753952364,18.190197811574592,99999999.99999991,79414997.9138569,17.37892015226529,19.008717642123294,35283293.00613742,180045046.6243578,0.23048294237777256,-0.20585002086143034,0.635869646076237,0.36246885474092755
Rio Ngumoha,13692,2025-26,Liverpool,10000000.0,16.118095750958314,15.859264026452044,9999999.999999996,7719528.900675998,14.98793912517624,16.800168165115053,3229825.9734615632,19779727.639175307,0.2588317245062708,-0.2280471099323999,0.7070457804763035,0.3660749157316348
Jacob Ramsey,8941,2025-26,Newcastle United,40000000.0,17.50439003707821,17.26907927787425,39999999.999999985,31613008.21552915,16.44777717280914,18.088475952672745,13905251.060429588,71734039.27519758,0.2353107592039585,-0.20967479461177094,0.6401228121663631,0.36760252053445486
Chris Richards,8430,2025-26,Crystal Palace,22000000.0,16.906553056777135,16.667381594719753,22000000.000000007,17320157.195041455,15.826021067807437,17.490220288123034,7467127.416999171,39437206.76358112,0.2391714620573815,-0.21272012749811595,0.6492915689265331,0.36835756615906956
Matz Sels,6903,2025-26,Nottingham Forest,3500000.0,15.068273812173887,14.832930256112586,3499999.9999999995,2766047.3083511423,14.017595291182154,15.65432639708161,1223950.7130848472,6289085.559599172,0.23534355606130042,-0.20970076904253065,0.6385748140530825,0.36854500190440825
Elliot Anderson,9154,2025-26,Nottingham Forest,45000000.0,17.622173069956816,17.383023542934342,44999999.999999985,35428371.59904066,16.56013850022034,18.209509310057005,15558823.074187301,80963524.60574088,0.23914952702247305,-0.2127028533546518,0.6435062267709667,0.3716351405370159
Alejandro Jiménez,12168,2025-26,,22000000.0,16.906553056777135,16.66763630799509,22000000.000000007,17324569.43116835,15.83599053482833,17.47620866613647,7541943.023694077,38888480.764212646,0.23891674878204583,-0.21251957131052976,0.6399352859069637,0.37334517105653164
Dane Scarlett,9332,2025-26,Tottenham Hotspur,2000000.0,14.508658238524095,14.270750476638694,2000000.0000000016,1576550.581829368,13.444072196470596,15.076712574395827,689740.5191558751,3529660.6497832653,0.23790776188540086,-0.21172470908531668,0.6369788061040268,0.3734939994950907
Moisés Caicedo,9453,2025-26,Chelsea,100000000.0,18.420680753952364,18.182474626716644,99999999.99999991,78804023.56758693,17.3685993506644,19.000575217415697,34921013.85031365,178584995.62442985,0.23820612723572054,-0.21195976432413,0.6367195453752477,0.37411467727967246
Julio Soler,13474,2025-26,Bournemouth,8000000.0,15.894952224644102,15.645699618012797,8000000.000000002,6235064.348856979,14.802505890066765,16.50494322280626,2683159.342639151,14723319.4931444,0.24925260663130544,-0.2206169563928778,0.6642102659824026,0.3752615992206135
Chimuanya Ugochukwu,9451,2025-26,,22000000.0,16.906553056777135,16.664651317392973,22000000.000000007,17272932.856930915,15.83738743178776,17.48009462892792,7552485.70417378,39039893.959849425,0.24190173938416137,-0.2148666883213223,0.6409064012875652,0.3774369219876518
Marc Guehi,7603,2025-26,Manchester City,70000000.0,18.064005814299346,17.81755704555751,69999999.99999991,54709997.87940254,16.989923334876238,18.641031389867027,23912772.611871835,124651372.89154315,0.24644876874183552,-0.21842860172281986,0.6441840173972102,0.38257510600402367
Ibrahima Konaté,6326,2025-26,Liverpool,55000000.0,17.822843761378564,17.57662569612418,55000000.000000075,42996345.121303715,16.750426420216797,18.39191634719863,18819918.602925077,97164535.0302351,0.24621806525438572,-0.2182482705217517,0.6404314802316856,0.38445653103328503
Declan Rice,5553,2025-26,Arsenal,120000000.0,18.603002309079653,18.358071807632335,119999999.9999999,93931072.21852866,17.537903701166695,19.170028389927104,41363262.97055609,211561942.34937975,0.24493050144731754,-0.21724106484559383,0.6367776086615464,0.38464056856857937
Gabriel,5613,2025-26,Arsenal,75000000.0,18.132998684833918,17.88630604426267,75000000.00000003,58603561.38560131,17.059194989682297,18.70057059416203,25627971.52529302,132298406.78924787,0.24669264057124707,-0.21861918152531615,0.6403868770160095,0.3852243845482171
Rodri,2496,2025-26,Manchester City,90000000.0,18.31532023940565,18.06858683872775,90000000.00000004,70321407.33992516,17.247110647296548,18.882023056786714,30926086.68396375,158620172.55690676,0.2467334006779005,-0.21865102955638754,0.6378652450119645,0.38681116835778145
Omar Marmoush,8393,2025-26,Manchester City,65000000.0,17.989897843244528,17.740037586808416,65000000.00000007,50629125.278658465,16.919965784140878,18.56091622420889,22297067.806605097,115054468.75208455,0.24986025643611143,-0.22109038032833211,0.6402209980367565,0.39027188611793456
Igor Jesus,13778,2025-26,Nottingham Forest,25000000.0,17.034386422832473,16.783321834411986,24999999.999999963,19449302.82661369,15.954857621272243,17.593031683285478,8493888.845569335,43707560.76886104,0.25106458842048696,-0.22202788693545122,0.639137787059902,0.3928176263453445
Yasin Ayari,11385,2025-26,Brighton & Hove Al..,28000000.0,17.147715103853763,16.8959153199646,27999999.99999999,21767210.15327969,16.075116217512157,17.70395470307988,9579309.912057975,48834846.450254716,0.2517997838891617,-0.22259963738286798,0.6354954881072619,0.39622591914714234
Morgan Rogers,12412,2025-26,Aston Villa,65000000.0,17.989897843244528,17.733764149832442,65000000.00000007,50312500.84593477,16.91086184970956,18.54525379814418,22094997.965127252,113266475.3346735,0.25613369341208525,-0.22596152544715817,0.6376621858041521,0.4016761525369056
Raúl Jiménez,4105,2025-26,Fulham,3000000.0,14.914123179965662,14.647502772347146,3000000.000000001,2297891.076863922,13.802512926563425,15.499942330163307,987085.4730297008,5389386.662214447,0.26662040761851635,-0.2340363077120262,0.6622564096601311,0.4025939254485215
José Sá,9740,2025-26,Wolverhampton,3500000.0,15.068273812173887,14.807974824495712,3499999.9999999995,2697873.5695121014,13.986852984786838,15.638239226573353,1186896.104848497,6188721.403902839,0.2602989876781745,-0.2291789801393995,0.6442925526848405,0.4040074444341766
Freddie Woodman,852,2025-26,Liverpool,3000000.0,14.914123179965662,14.646414627504994,3000000.000000001,2295391.997379475,13.797225420127244,15.491596403277562,981880.0210087314,5344594.403283923,0.26770855246066816,-0.23486933420684197,0.6610631591238414,0.40496667945538395
Antonee Robinson,8940,2025-26,Fulham,22000000.0,16.906553056777135,16.648080665344366,22000000.000000007,16989067.492656033,15.833158839911185,17.468871387781427,7520616.748140222,38604189.3866059,0.25847239143276823,-0.22776965942472602,0.6381774210410213,0.40501650937624434
Simon Adingra,11710,2025-26,Sunderland,25000000.0,17.034386422832473,16.770076778664148,24999999.999999963,19193394.216270443,15.935882077892714,17.59576262067131,8334232.246323345,43827086.51772177,0.2643096441683248,-0.23226423134918114,0.6476066258743689,0.4081330140985911
Piero Hincapié,9911,2025-26,Bayer Leverkusen,50000000.0,17.72753358339242,17.46300069499783,50000000.00000009,38378219.99213661,16.653670390435213,18.29345419810449,17084297.6222464,88053415.86397971,0.26453288839459077,-0.23243560015726913,0.6397658334318905,0.4134839257913465
Nikola Milenkovic,6174,2025-26,Nottingham Forest,28000000.0,17.147715103853763,16.880741664770852,27999999.99999999,21439415.20969743,16.064518928798094,17.714360023964126,9478331.184020719,49345641.5933219,0.2669734390829106,-0.23430659965366293,0.6436897097912808,0.4147548656160402
Freddie Woodman,852,2025-26,Liverpool,3000000.0,14.914123179965662,14.643513897770125,3000000.000000001,2288743.330313847,13.811855183236476,15.47395027271599,996350.2980214601,5251110.217861864,0.2706092821955366,-0.23708555656205127,0.6484706369160448,0.4173038327263096
Bart Verbruggen,11711,2025-26,Brighton & Hove Al..,35000000.0,17.370858648025116,17.102470584490263,35000000.000000015,26761384.97016738,16.28904861700387,17.92753591887176,11864348.449822214,61070280.75762613,0.26838806353485367,-0.2353890008523609,0.6392599983878469,0.4198417924032521
William Saliba,6888,2025-26,Arsenal,90000000.0,18.31532023940565,18.046681502996556,90000000.00000004,68797742.40340558,17.235312738780937,18.872152149847953,30563367.40242396,157062149.78446367,0.26863873640909475,-0.23558063996216064,0.6386170695903458,0.42065699337072004
Antoni Milambo,13780,2025-26,Brentford,15000000.0,16.52356082573315,16.25074233435935,15000000.00000001,11418463.937329462,15.420133304138698,17.077542518702955,4975981.040342438,26102521.593199704,0.27281849137379766,-0.23876907084470303,0.6466424308705307,0.42190007699698995
Dominik Szoboszlai,9788,2025-26,Liverpool,85000000.0,18.258161826219297,17.984207041167764,85000000.00000004,64631148.385531224,17.15968474528037,18.81697202232608,28337163.811366264,148630217.21887523,0.2739547850515329,-0.2396335484055154,0.6465948566367723,0.4236884692781098
Ezri Konsa Ngoyo,7726,2025-26,Aston Villa,40000000.0,17.50439003707821,17.232019378671136,39999999.999999985,30462876.790820695,16.412840922522893,18.060439635199145,13427841.697820833,69750812.04794304,0.2723706584070733,-0.23842808022948234,0.6428148385456098,0.4237155741820165
Alexis Mac Allister,8379,2025-26,Liverpool,70000000.0,18.064005814299346,17.792265366795203,69999999.99999991,53343641.7170897,16.966735093599947,18.606956942711527,23364656.926830992,120475495.62558126,0.2717404475041434,-0.2379479754701462,0.6399367364174553,0.4246364242587828
Antoine Semenyo,11363,2025-26,Manchester City,55000000.0,17.822843761378564,17.54609908749064,55000000.000000075,41703643.7693665,16.706270272219943,18.37351168651858,18006983.56923749,95392610.5656666,0.2767446738879258,-0.2417519314660646,0.6504784886655366,0.4254478490990077
Benjamin Sesko,11974,2025-26,Manchester United,60000000.0,17.909855136853043,17.636267847752713,60000000.0000001,45638756.00215061,16.8105317365529,18.45280420205811,19985782.156054836,103264497.58295627,0.27358728910033037,-0.2393540666308244,0.6407367896317785,0.42698857553903957
Sebastiaan Bornauw,7791,2025-26,Leeds United,8000000.0,15.894952224644102,15.615955600230137,8000000.000000002,6052339.412421576,14.779626342241757,16.452071664828324,2622466.80373673,13965095.463108554,0.2789966244139652,-0.2434575734473032,0.6525088067522012,0.4275752626277086
Viktor Gyokeres,7254,2025-26,Arsenal,65000000.0,17.989897843244528,17.714372536435334,65000000.00000007,49346259.03311695,16.88821771635929,18.531239332524137,21600298.026095558,111690177.48155874,0.2755253068091932,-0.24082678410589384,0.6410290726717054,0.4298171776528767
Piero Hincapié,9911,2025-26,Bayer Leverkusen,50000000.0,17.72753358339242,17.452415158935217,50000000.00000009,37974108.591212794,16.641284809234055,18.281298127858378,16874003.649232194,86989511.88995498,0.27511842445720447,-0.24051782817574546,0.6398553777161731,0.4299696994642459
Lucas Paquetá,7365,2025-26,Flamengo,32000000.0,17.281246492014,17.003976483814345,31999999.999999955,24251194.759794828,16.175873608425615,17.823011298604836,10594796.200302653,55009215.31954554,0.277270008199654,-0.24215016375641057,0.6426349694429485,0.4314580148665086
Yeremi Pino,9024,2025-26,,35000000.0,17.370858648025116,17.092517846750646,35000000.000000015,26496356.978839252,16.269966947436416,17.90697593436181,11640103.145511314,59827496.30335201,0.2783408012744708,-0.2429612291760217,0.6386832300438511,0.43580414856886146
Pedro Porro,6912,2025-26,Tottenham Hotspur,40000000.0,17.50439003707821,17.224691723797257,39999999.999999985,30240471.186821185,16.400957146186418,18.042107349163373,13269212.641481504,68483769.56915878,0.27969831328095296,-0.2439882203294701,0.6402989360450064,0.4368245791701472
Iyenoma Destiny Udogie,8831,2025-26,Tottenham Hotspur,40000000.0,17.50439003707821,17.222280947303613,39999999.999999985,30167655.973185092,16.395735548277585,18.044853093803198,13200106.721956559,68672066.90501475,0.2821090897745968,-0.2458086006703724,0.6434074150542751,0.43846104843351746
Jeremie Frimpong,9328,2025-26,Liverpool,45000000.0,17.622173069956816,17.340289185023433,44999999.999999985,33946257.00143704,16.512121645030447,18.15637553956978,14829389.957995694,76773917.65313126,0.28188388493338223,-0.2456387333013989,0.6415098492213852,0.4394069479611435
Tim Iroegbunam,9554,2025-26,Everton,18000000.0,16.705882371415992,16.418881863414274,17999999.999999985,13509204.006877847,15.597715659608607,17.252758349994508,5942945.782217322,31101242.18032748,0.28700050800171795,-0.24948866628456343,0.645719125428544,0.44446648194173355
Rodrigo Muniz,10717,2025-26,Fulham,20000000.0,16.811242881518265,16.52298619670939,20000000.000000015,14991383.040083727,15.688920174675928,17.345268389592675,6510455.760820652,34115703.86961276,0.288256684808875,-0.2504308479958142,0.6462284791528802,0.4460600145427532
Trevoh Chalobah,6615,2025-26,Chelsea,40000000.0,17.50439003707821,17.21873589087516,39999999.999999985,30060899.26797767,16.399161436331685,18.038569735832123,13245406.364760889,68241928.49174294,0.28565414620305063,-0.24847751830055798,0.6396193279624042,0.44660024129202197
Chemsdine Talbi,13717,2025-26,Sunderland,20000000.0,16.811242881518265,16.52392598442765,20000000.000000015,15005478.380961008,15.702877496617518,17.344607214517733,6601961.403184297,34093154.87112822,0.2873168970906157,-0.24972608095195015,0.6405250352698746,0.4485646637832969
Evann Guessand,8006,2025-26,Aston Villa,25000000.0,17.034386422832473,16.746128419187066,24999999.999999963,18739204.14874771,15.926291944425746,17.570364946947628,8254687.867396305,42727996.690375805,0.28825800364540655,-0.25043183405009056,0.6414392737395661,0.44939250751653165
Alphonse Areola,2310,2025-26,West Ham United,4000000.0,15.201805169084134,14.896710409265415,4000000.0000000005,2948213.8491481845,14.058584156283219,15.739838630441438,1275161.470479159,6850543.049994753,0.3050947598187186,-0.26294653771295395,0.6559457196981076,0.4651219615536715
Eliezer Mayenda,13718,2025-26,Sunderland,16000000.0,16.588099342704055,16.28932573723772,16000000.000000026,11867636.756723372,15.470654573079129,17.113974193577054,5233832.619054672,27071015.009942763,0.2987736054663337,-0.25827270270479047,0.6411453398220612,0.4659998083262262
Lucas Paquetá,7365,2025-26,Flamengo,35000000.0,17.370858648025116,17.067798904955946,35000000.000000015,25849423.74146342,16.23503221565239,17.886984836141313,11240480.230923133,58643354.51190568,0.30305974306916994,-0.26144503595818835,0.6445135267796511,0.4702147130773583
Dwight McNeil,6756,2025-26,Everton,18000000.0,16.705882371415992,16.403512622744955,17999999.999999985,13303165.16986059,15.577959279062458,17.224494013473876,5826686.873085274,30234492.92428753,0.30236974867103683,-0.2609352683410777,0.6423997247128157,0.4706878553010137
Nathan Patterson,10292,2025-26,Everton,10000000.0,16.118095750958314,15.815663435056162,9999999.999999996,7390184.802689567,15.001181419188695,16.642928191078074,3272880.7345904326,16901756.880440675,0.302432315902152,-0.260981519731043,0.6405316889272282,0.4721582415519052
Mohammed Kudus,12027,2025-26,Tottenham Hotspur,50000000.0,17.72753358339242,17.421859273017226,50000000.00000009,36831324.33651558,16.594109907079115,18.250761336623285,16096458.63102156,84373280.25372641,0.30567431037519555,-0.26337351326968966,0.6463467791128591,0.47292617562780725
Jacob Murphy,6063,2025-26,Newcastle United,12000000.0,16.300417291085605,15.997047025029659,12000000.000000007,8859907.764162533,15.1742416775833,16.814767133228695,3891251.6337753404,20070609.387277063,0.3033702660559463,-0.261674352986456,0.640055189280713,0.47397516829270686
El Hadji Malick Diouf,13723,2025-26,West Ham United,25000000.0,17.034386422832473,16.73142390072598,24999999.999999963,18465669.189313795,15.91359457895907,17.55130649419197,8150537.681799058,41921378.03201131,0.302962522106494,-0.2613732324274471,0.6389574793152428,0.47415130413869244
Jurriën Timber,11707,2025-26,Arsenal,70000000.0,18.064005814299346,17.759587518585935,69999999.99999991,51628659.824493244,16.945055117666087,18.579160181226058,22863563.182344656,117172782.00588037,0.30441829571341117,-0.2624477167929527,0.6375502569388519,0.47748125328197966
Emile Smith-Rowe,7230,2025-26,Fulham,28000000.0,17.147715103853763,16.829742707403938,27999999.99999999,20373440.174755394,15.977268096177944,17.683871239058654,8686389.914417945,47863856.605130054,0.3179723964498251,-0.2723771366158785,0.6658355674303419,0.47755393674293406
Patrick Dorgu,11944,2025-26,Manchester United,35000000.0,17.370858648025116,17.064284536249186,35000000.000000015,25758738.77560324,16.24185416669515,17.88124849935829,11317424.399845662,58307919.47856879,0.3065741117759302,-0.26403603498276496,0.6396138787652221,0.4793112250280952
Conor Gallagher,9040,2025-26,Tottenham Hotspur,35000000.0,17.370858648025116,17.06089698171318,35000000.000000015,25671627.270625718,16.234098010838743,17.886330576622328,11229984.222723555,58604999.08690594,0.3099616663119349,-0.2665249351249798,0.6446227481501249,0.48084196097862275
Jarrad Branthwaite,8476,2025-26,Everton,45000000.0,17.622173069956816,17.3055664957781,44999999.999999985,32787780.73176594,16.4710551880588,18.146863954117286,14232734.524937157,76047137.85872042,0.3166065741787172,-0.2713826504052011,0.6538210627983644,0.4842404018366066
Archie Gray,10184,2025-26,Tottenham Hotspur,35000000.0,17.370858648025116,17.059650903856337,35000000.000000015,25639658.345110178,16.235991483970558,17.877649071099416,11251268.041824304,58098421.56442411,0.3112077441687795,-0.2674383329968524,0.6404968932655214,0.4858848613333815
Oliver Scarles,12358,2025-26,West Ham United,10000000.0,16.118095750958314,15.806650650328589,9999999.999999996,7323877.902704357,14.994971336517139,16.634323763522048,3252618.847557988,16756950.80926964,0.31144510062972586,-0.267612209729564,0.6395975291658181,0.48693918664120184
Evanilson,12963,2025-26,Bournemouth,40000000.0,17.50439003707821,17.189754801081545,39999999.999999985,29202204.67151699,16.366164128166826,18.01166993012214,12815475.859975237,66430703.85797332,0.3146352359966649,-0.269944883212075,0.6419982840916518,0.4900873472611143
Callum Hudson-Odoi,6456,2025-26,Nottingham Forest,30000000.0,17.216707972959764,16.90283530788187,30000000.00000005,21918361.37058032,16.081998933388913,17.721772143784612,9645469.00330202,49712756.27709732,0.3138726650778949,-0.26938795431399054,0.6397616988785841,0.4906087151326366
Keane Lewis-Potter,10809,2025-26,Brentford,25000000.0,17.034386422832473,16.7198619166058,24999999.999999963,18253398.90134235,15.90395798975265,17.543795860169244,8072371.521201237,41607701.32637334,0.3145245062266717,-0.26986404394630487,0.6397869261505965,0.49160821106343966
Calvin Bassey,11728,2025-26,Fulham,28000000.0,17.147715103853763,16.830586601995545,27999999.99999999,20390640.468171723,16.011108482521585,17.650773083294936,8985371.025532953,46305581.460757144,0.3171285018582175,-0.27176284042243815,0.6397193245575088,0.49573068951383326
Keane Lewis-Potter,10809,2025-26,Brentford,25000000.0,17.034386422832473,16.717222688889102,24999999.999999963,18205287.538746294,15.904146359982146,17.541778339436007,8073892.259092012,41523841.54713436,0.31716373394337083,-0.2717884984501472,0.6389262921672432,0.49640113082144244
Hugo Ekitike,8995,2025-26,Liverpool,80000000.0,18.197537205138154,17.879541400023417,79999999.99999988,58208466.97810267,17.062655163237462,18.702288595959903,25716802.354511146,132525891.04491335,0.31799580511473735,-0.27239416277371553,0.6397071642629788,0.4970958946209514
Dean Henderson,7702,2025-26,Crystal Palace,25000000.0,17.034386422832473,16.70839565666953,24999999.999999963,18045296.034161232,15.868060771330178,17.54775707468039,7787735.192634295,41772845.22987515,0.325990766162942,-0.2781881586335496,0.6553377953845783,0.49743928773654456
Toti,10293,2025-26,Wolverhampton,18000000.0,16.705882371415992,16.381131141962822,17999999.999999985,13008727.874179408,15.551343829534996,17.222063224863906,5673652.528813079,30161088.51227639,0.32475122945317025,-0.2772928958789212,0.651835431832121,0.4982104586435082
William Osula,9556,2025-26,Newcastle United,15000000.0,16.52356082573315,16.204259898961435,15000000.00000001,10899852.415192146,15.385973630636311,17.022664025451245,4808873.536637296,24708651.044157766,0.31930092677171373,-0.2733431723205241,0.6385589305196576,0.5000336092893846
Lewis Hall,10216,2025-26,Newcastle United,32000000.0,17.281246492014,16.959407920242096,31999999.999999955,23194085.69338037,16.14096022426344,17.77689382045268,10231278.71324917,52529937.40979497,0.32183857177190234,-0.2751848220818624,0.6382636636062736,0.5042407865637722
Nikola Milenkovic,6174,2025-26,Nottingham Forest,30000000.0,17.216707972959764,16.89089753199956,30000000.00000005,21658260.47491097,16.06823081073572,17.72432770144576,9513579.01146986,49839962.56708731,0.32581044096020406,-0.27805798416963545,0.646130424372845,0.5042487223480402
Viktor Gyokeres,7254,2025-26,Arsenal,70000000.0,18.064005814299346,17.73965160486294,69999999.99999991,50609587.12093024,16.913584147454344,18.557182988188696,22155229.07729422,114625744.0245495,0.32435420943640736,-0.2770058982724242,0.6412542783092163,0.5058121565935222
Daniel Muñoz,12408,2025-26,Crystal Palace,22000000.0,16.906553056777135,16.582738065081475,22000000.000000007,15914449.08868852,15.760449794504092,17.399294186502665,6993205.910672895,36009529.104168504,0.3238149916956594,-0.2766159505141584,0.6393993180127865,0.5064362481681344
Rico Lewis,10847,2025-26,Manchester City,35000000.0,17.370858648025116,17.03193699782148,35000000.000000015,24938839.307119835,16.17315575473896,17.88221146752071,10566040.186692327,58364095.19297774,0.3389216502036376,-0.28746173408229075,0.6667924438304192,0.5082865790390289
Diego Coppola,10169,2025-26,Brighton & Hove Al..,18000000.0,16.705882371415992,16.37130362054957,17999999.999999985,12881510.45246566,15.53052437285254,17.21501525464126,5556751.277743002,29949261.403942756,0.33457875086642375,-0.2843605304185738,0.6572084123868436,0.5090907915364377
Ryan Sessegnon,6837,2025-26,Fulham,22000000.0,16.906553056777135,16.579703060884672,22000000.000000007,15866221.887777511,15.760621376613424,17.402933805481254,6994405.9228129815,36140828.86896156,0.3268499958924629,-0.27880809601011336,0.6407523814395968,0.5101034430150999
Archie Gray,10184,2025-26,Tottenham Hotspur,35000000.0,17.370858648025116,17.04242864026343,35000000.000000015,25201866.081263933,16.21604300712712,17.861949756361916,11029046.22450162,57193438.536929816,0.3284300077616855,-0.2799466833924594,0.6421547146950166,0.5114499671900241
João Gomes,11384,2025-26,Wolverhampton,40000000.0,17.50439003707821,17.17415802180872,39999999.999999985,28750277.778632797,16.36099310943165,18.009795970248817,12749377.83338428,66306331.953089215,0.3302320152694911,-0.2812430555341798,0.6432846400129402,0.5133528685883876
Tom Watson,14029,2025-26,,7000000.0,15.76142084987672,15.428009969024222,6999999.999999995,5015329.94899442,14.594718711237718,16.258809740120864,2179744.557559931,11510953.902564943,0.33341088085249737,-0.28352429300079673,0.6492493577633123,0.5135328620133103
Callum Hudson-Odoi,6456,2025-26,Nottingham Forest,30000000.0,17.216707972959764,16.887665299745205,30000000.00000005,21588368.95725562,16.06399092914171,17.705775182647834,9473327.948853917,48923830.26427425,0.32904267321455904,-0.2803877014248138,0.6405463124755664,0.513690683727276
João Gomes,11384,2025-26,Wolverhampton,40000000.0,17.50439003707821,17.17204026350715,39999999.999999985,28689456.06265549,16.358134129508436,18.005621898968883,12712979.670866622,66030141.41353403,0.3323497735710603,-0.2827635984336125,0.6427715537670974,0.5170573769533745
Marc Cucurella,7134,2025-26,Chelsea,45000000.0,17.622173069956816,17.292919253642246,44999999.999999985,32375716.94489692,16.48091872542,18.110297041055816,14373814.272424825,73316557.44877477,0.3292538163145693,-0.28053962344673483,0.6357061041847042,0.517934017224577
James McAtee,10126,2025-26,Nottingham Forest,25000000.0,17.034386422832473,16.702477596577307,24999999.999999963,17938818.263621233,15.874237945509302,17.513379972675022,7835990.282162829,40361218.6663633,0.33190882625516593,-0.2824472694551496,0.6395154411321134,0.5190004883503649
Nick Woltemade,8117,2025-26,Newcastle United,55000000.0,17.822843761378564,17.486898432661462,55000000.000000075,39306419.40819477,16.656201807110698,18.301626508043107,17127599.8855798,88775964.10043636,0.33594532871710214,-0.2853378289419142,0.641966642320787,0.5233065187041793
Antonín Kinsky,13348,2025-26,Tottenham Hotspur,15000000.0,16.52356082573315,16.181915323287782,15000000.00000001,10659000.7013525,15.355856987528952,17.01055534438873,4666205.502904201,24411265.961176783,0.34164550244536684,-0.28939995324316714,0.6455847828253984,0.5292031527604432
Brennan Johnson,10760,2025-26,Crystal Palace,35000000.0,17.370858648025116,17.0285460983096,35000000.000000015,24854417.419655744,16.196383380743608,17.84629419672499,10814336.746170485,56305015.75703081,0.3423125497155155,-0.2898737880098362,0.6437169115451532,0.5317749830338334
Fabian Schär,76,2025-26,Newcastle United,6000000.0,15.607270193858982,15.265330065913803,6000000.0,4262344.126324954,14.447788647615704,16.094786760530603,1881891.8203069237,9769605.633637903,0.34194012794517903,-0.28960931227917425,0.6425805130174004,0.5321358507115507
Daniel Muñoz,12408,2025-26,Crystal Palace,27000000.0,17.11134746100564,16.76777678507486,26999999.999999993,19149300.257665418,15.942732182742269,17.58353443351571,8391518.602666736,43294424.07443139,0.3435706759307777,-0.29076665712350286,0.6401631816056494,0.5366923400203023
Levi Colwill,10805,2025-26,Chelsea,50000000.0,17.72753358339242,17.380174889170803,50000000.00000009,35327592.04328144,16.551760488416903,18.207001313566614,15429015.586056475,80760722.78709948,0.3473586942216187,-0.2934481591343724,0.6457964282118183,0.5378764561820814
John Victor,14017,2025-26,Nottingham Forest,7000000.0,15.76142084987672,15.411879453557288,6999999.999999995,4935079.059711247,14.584251145719248,16.246756451806668,2157046.929823045,11373041.860824468,0.34954139631943093,-0.2949887057555357,0.6486306839715266,0.5388912442118989
Nathan Collins,9733,2025-26,Brentford,35000000.0,17.370858648025116,17.023671309214794,35000000.000000015,24733552.20734428,16.203598091795925,17.845792307706223,10892641.200578913,56276763.97764087,0.34718733881032193,-0.29332707979016376,0.640706260352814,0.5418822326148933
Levi Colwill,10805,2025-26,Chelsea,50000000.0,17.72753358339242,17.37500977697573,50000000.00000009,35145591.49288541,16.54556692881007,18.205397809892354,15333750.372078927,80631326.4412545,0.35252380641669134,-0.29708817014229305,0.6475872502369328,0.5443649582163846
Martín Zubimendi,7526,2025-26,Arsenal,70000000.0,18.064005814299346,17.7136114628291,69999999.99999991,49308717.18490638,16.893739667246788,18.541788458823167,21719903.74099733,112874647.86016291,0.35039435147024633,-0.29558975450133657,0.6429904379760364,0.5449448868527422
Jamie Bynoe-Gittens,10542,2025-26,Chelsea,30000000.0,17.216707972959764,16.86275305420608,30000000.00000005,21057197.985913906,16.04429717556883,17.68302071830206,9288587.629016321,47823164.707850896,0.3539549187536828,-0.2980934004695376,0.6393521683637905,0.5536149500509443
Xavi Simons,8700,2025-26,Tottenham Hotspur,60000000.0,17.909855136853043,17.552865796575627,60000000.0000001,41986797.12908403,16.730133809921945,18.372827584547164,18441862.15793028,95327374.60860361,0.3569893402774156,-0.3002200478486007,0.6409011644591388,0.5570115332504997
Calvin Bassey,11728,2025-26,Fulham,28000000.0,17.147715103853763,16.78692347533564,27999999.99999999,19519478.53320172,15.95991141206288,17.60515337652968,8536923.841184162,44240594.5341911,0.36079162851812185,-0.30287576667136684,0.6418953472228169,0.5620723535060655
Noni Madueke,11357,2025-26,Arsenal,50000000.0,17.72753358339242,17.365842463333845,50000000.00000009,34824873.132358864,16.537892989907668,18.186324290403835,15216530.445432326,79107977.24370362,0.36169112005857684,-0.30350253735282395,0.6431396748063545,0.562383466962258
Noni Madueke,11357,2025-26,Arsenal,50000000.0,17.72753358339242,17.365526405193563,50000000.00000009,34813868.186597995,16.537211532615864,18.184703068218084,15206164.56147761,78979829.54032314,0.3620071781988585,-0.30372263626804136,0.6427730231369126,0.563195973023513
Alphonse Areola,2310,2025-26,West Ham United,7000000.0,15.76142084987672,15.38607704872471,6999999.999999995,4809370.886966292,14.547243233748276,16.236743650823335,2078678.1662602618,11259734.056978088,0.3753438011520096,-0.3129470161476721,0.6591628953513556,0.5694249536784666
Noah Okafor,11966,2025-26,Leeds United,25000000.0,17.034386422832473,16.66760889712302,24999999.999999963,17324094.556093026,15.841177759188039,17.48593542904623,7581166.421786778,39268585.40330542,0.3667775257094519,-0.30703621775627793,0.6417063984464869,0.5715659476006271
Cody Gakpo,11296,2025-26,Liverpool,70000000.0,18.064005814299346,17.693233238378458,69999999.99999991,48314062.13112654,16.862658011773036,18.515472705495803,21055196.753591664,109943009.75901045,0.3707725759208884,-0.30979911241247715,0.6448498668498176,0.57497503679758
Omari Hutchinson,10348,2025-26,Nottingham Forest,35000000.0,17.370858648025116,17.00029922334114,35000000.000000015,24162180.560703304,16.176939292299352,17.80755194754176,10606092.923123073,54165348.15846268,0.3705594246839752,-0.3096519839799059,0.6361876849293469,0.58246871711314
William Saliba,6888,2025-26,Arsenal,100000000.0,18.420680753952364,18.04854151536272,99999999.99999991,68925826.13863888,17.23659950200548,18.869120007149274,30602720.53455397,156586636.20755216,0.37213923858964293,-0.31074173861361054,0.6369320374327162,0.584268362586416
Harvey Elliott,7546,2025-26,Liverpool,35000000.0,17.370858648025116,16.9934672542696,35000000.000000015,23997667.896193724,16.170155659274045,17.820444659305018,10534388.557141382,54868207.53855273,0.37739139375551645,-0.3143523458230367,0.643864461016337,0.58613484142269
Sepp van den Berg,10721,2025-26,Brentford,32000000.0,17.281246492014,16.904380059956733,31999999.999999955,21952245.97124536,16.083101324975107,17.72726782022144,9656107.951344522,49986713.60678037,0.3768664320572661,-0.3139923133985816,0.6414757501643835,0.5874991096088837
Romelle Donovan,14217,2025-26,Brentford,3500000.0,15.068273812173887,14.676653232233061,3499999.9999999995,2365861.5600060644,13.823765085560144,15.531877816340993,1008287.6901426518,5564277.1196823185,0.39162057994082566,-0.3240395542839815,0.6664245369984976,0.5876442990899486
Hugo Ekitike,8995,2025-26,Liverpool,85000000.0,18.258161826219297,17.88055721928939,85000000.00000004,58267626.30382186,17.06297618488853,18.702093389202986,25725059.330447316,132500023.62014991,0.37760460692990705,-0.31449851407268437,0.6395057564334032,0.5904631868145349
Lucas Bergvall,12912,2025-26,Tottenham Hotspur,35000000.0,17.370858648025116,16.988469274381576,35000000.000000015,23878027.25948896,16.159950616618254,17.81773635089074,10427431.342063705,54719808.55350943,0.38238937364354086,-0.3177706497288872,0.6467893309946888,0.5912116284532234
Florian Wirtz,8397,2025-26,Liverpool,130000000.0,18.683045016112164,18.30264215373019,129999999.99999997,88866174.82982174,17.48197874218927,19.12425070590289,39113518.88072994,202095456.5562687,0.38040286238197396,-0.3164140397706019,0.6407365938565104,0.5936961709840521
Ferdi Kadioglu,13066,2025-26,Brighton & Hove Al..,35000000.0,17.370858648025116,16.985931943175117,35000000.000000015,23817517.59223466,16.16134028653879,17.822357017078325,10441932.104440896,54973235.577243686,0.3849267048499989,-0.31949949736472427,0.6480499124261778,0.5939769413885193
Wilfried Gnonto,11155,2025-26,Leeds United,20000000.0,16.811242881518265,16.427038189726332,20000000.000000015,13619840.069701497,15.59822868747187,17.252720241452067,5945995.461724883,31100056.97986505,0.3842046917919326,-0.3190079965149257,0.6455040981546553,0.595201010946768
Ben Doak,11231,2025-26,Bournemouth,15000000.0,16.52356082573315,16.135371114956897,15000000.00000001,10174254.478371102,15.304038682974053,16.96975565574659,4430568.473020131,23435338.02271538,0.38818971077625264,-0.3217163681085936,0.6498837239173407,0.5973217923297719
Tijjani Reijnders,11965,2025-26,Manchester City,70000000.0,18.064005814299346,17.68145718376549,69999999.99999991,47748449.961382754,16.86190972156267,18.502900175369376,21039447.248570483,108569400.90703423,0.38254863053385435,-0.3178792862659598,0.6402366094989289,0.5975113338695986
Dango Ouattara,9662,2025-26,Brentford,35000000.0,17.370858648025116,16.983287836423063,35000000.000000015,23754624.714890487,16.168528475326664,17.8136417454718,10517261.106094314,54496210.609863676,0.3875708116020533,-0.3212964367174149,0.6418451368050935,0.603838510845873
Dango Ouattara,9662,2025-26,Brentford,35000000.0,17.370858648025116,16.980171256818593,35000000.000000015,23680706.778273303,16.167338637582937,17.812540918128963,10504754.712444872,54436252.697752,0.39068739120652296,-0.3234083777636202,0.6418798644399465,0.6086612353035966
El Hadji Malick Diouf,13723,2025-26,West Ham United,28000000.0,17.147715103853763,16.75833475055316,27999999.99999999,18969342.81328731,15.94124911925745,17.580010695393874,8379082.670279864,43142134.33050016,0.38938035330060217,-0.32252347095402434,0.6393670071930181,0.6090091432932704
Mohammed Kudus,12027,2025-26,Tottenham Hotspur,55000000.0,17.822843761378564,17.425777823901605,55000000.000000075,36975932.90195766,16.600617722439665,18.254191754118626,16201553.014771348,84663212.84447294,0.3970659374769596,-0.327710310873498,0.6451461244894701,0.6154666708897519
João Pedro,8272,2025-26,Chelsea,65000000.0,17.989897843244528,17.590825663151254,65000000.00000007,43611247.281386696,16.756959895075468,18.41324645574066,18943280.62701245,99259326.7755486,0.39907218009327394,-0.32905773413251305,0.6462044245894387,0.6175633668042765
Tosin Adarabioyo,5590,2025-26,Chelsea,20000000.0,16.811242881518265,16.411160217710258,20000000.000000015,13405292.41262941,15.58213835677805,17.237351474057075,5851088.006133893,30625741.580357455,0.40008266380800706,-0.32973537936853,0.6457856179154249,0.6195286062570748
Crysencio Summerville,9492,2025-26,West Ham United,35000000.0,17.370858648025116,16.97419459455114,35000000.000000015,23539597.28755413,16.143425015259435,17.784001444304646,10256527.783421539,52904630.46422022,0.3966640534739767,-0.3274400774984537,0.6400750766826153,0.619714886462709
Justin Kluivert,6963,2025-26,Bournemouth,32000000.0,17.281246492014,16.87614793058979,31999999.999999955,21341154.096146278,16.051424667409123,17.705542163287603,9355028.465665735,48912431.3925435,0.4050985614242073,-0.33308893449542787,0.6453581584325546,0.6277112269071028
Walter Benítez,5652,2025-26,Crystal Palace,6000000.0,15.607270193858982,15.201016770562505,6000000.0,3996847.6479432243,14.378621184068553,16.03742475525778,1756125.6664134436,9224971.393001111,0.4062534232964765,-0.3338587253427959,0.6471864426628802,0.6277223942221766
Jota Silva,12766,2025-26,Nottingham Forest,10000000.0,16.118095750958314,15.716581537550132,9999999.999999996,6693057.734460703,14.899339794847341,16.529658520799327,2955976.043193406,15091744.863922002,0.4015142134081824,-0.33069422655392944,0.6360730076672723,0.6312391951368783
Jacob Murphy,6063,2025-26,Newcastle United,15000000.0,16.52356082573315,16.120540358040092,15000000.00000001,10024475.978147887,15.303041837663839,16.938147384650602,4426154.081217807,22706172.01910734,0.4030204676930573,-0.331701601456808,0.6379405980986941,0.6317523432341692
Charalampos Kostoulas,14118,2025-26,,25000000.0,17.034386422832473,16.612467456304728,24999999.999999963,16394679.104599696,15.76661325727207,17.461119049287852,7036441.384341702,38306073.675440505,0.42191896652774474,-0.3442128358160112,0.6611157551464173,0.6381922730525494
Manuel Ugarte,11766,2025-26,Manchester United,35000000.0,17.370858648025116,16.95562477094043,35000000.000000015,23106504.770813,16.123303669210905,17.790770192369806,10052215.035535712,53263943.26313411,0.4152338770846846,-0.33981414940534316,0.6505663154613165,0.6382652578472993
Wilson Isidor,7148,2025-26,Sunderland,18000000.0,16.705882371415992,16.29358555888204,17999999.999999985,11918298.60551693,15.470897609224295,17.124759030329074,5235104.784386707,27364551.52485506,0.41229681253395256,-0.3378722996935034,0.6452582502066945,0.6389640309161212
Bart Verbruggen,11711,2025-26,Brighton & Hove Al..,40000000.0,17.50439003707821,17.094245546482895,39999999.999999985,26542174.29731246,16.278740440092292,17.918508083081672,11742676.820478126,60521429.47956263,0.41014449059531444,-0.33644564256718823,0.6397595267408138,0.6410916499903511
Enzo Le Fée,8651,2025-26,Sunderland,28000000.0,17.147715103853763,16.73348150592513,27999999.99999999,18503703.364540603,15.912850440590514,17.55539200600628,8144474.809329312,42092998.66165801,0.41423359792863224,-0.3391534512664068,0.6408417796479908,0.6463898127181523
Pedro Neto,6382,2025-26,Chelsea,55000000.0,17.822843761378564,17.39764622731465,55000000.000000075,35950235.7381198,16.55224464021775,18.235986433026913,15436487.380817415,83135837.21870723,0.4251975340639156,-0.34635935021600445,0.6569161534115571,0.6472630210959813
Jean-Philippe Mateta,5735,2025-26,Crystal Palace,30000000.0,17.216707972959764,16.798290179878062,30000000.00000005,19742616.458830718,15.962363541080764,17.615999415557553,8557883.1692968,44723041.349023014,0.41841779308170146,-0.3419127847056438,0.6451702526147202,0.6485385700688377
Pablo,14290,2025-26,West Ham United,18000000.0,16.705882371415992,16.288201244306286,17999999.999999985,11854299.182362579,15.46791006360227,17.117019583966734,5219488.006553382,27153582.483219463,0.41768112710970584,-0.34142782320207843,0.6434042840171915,0.6491736805074577
Murillo,12123,2025-26,Nottingham Forest,50000000.0,17.72753358339242,17.30522947954322,50000000.00000009,32776732.57882477,16.481437986127734,18.132566262185154,14381279.968069466,74967575.3120003,0.4223041038491999,-0.3444653484235058,0.6441919066979128,0.6555563636524157
Martín Zubimendi,7526,2025-26,Arsenal,75000000.0,18.132998684833918,17.705584890772663,75000000.00000003,48914521.34241661,16.884239562489032,18.533630337372987,21514539.40651759,111957548.75550526,0.42741379406125546,-0.34780638210111214,0.6435140161850708,0.664187233395603
Alexander Isak,5232,2025-26,Liverpool,85000000.0,18.258161826219297,17.832005509554595,85000000.00000004,55506211.509184405,17.010215175588797,18.653888881011213,24402963.422002196,126264424.50412452,0.4261563166647022,-0.34698574695077206,0.6412834869581426,0.6645365510441062
Eliezer Mayenda,13718,2025-26,Sunderland,18000000.0,16.705882371415992,16.276930106115508,17999999.999999985,11721437.882427417,15.453996365633786,17.10598153464568,5147368.500945835,26855507.996339105,0.42895226530048447,-0.34880900653180963,0.6445262256688745,0.6655311269224579
Jack Harrison,8720,2025-26,Leeds United,12000000.0,16.300417291085605,15.869748978987767,12000000.000000007,7800893.612457359,15.049463630622407,16.705767814942735,3434779.6718918774,17997938.101470977,0.43066831209783807,-0.34992553229522044,0.6462113005034249,0.6664512238679978
Walter Benítez,5652,2025-26,Crystal Palace,4000000.0,15.201805169084134,14.765955730525388,4000000.0000000005,2586860.0025613764,13.945829466359625,15.593845608027696,1139190.6231739675,5919990.718917435,0.4358494385587459,-0.35328499935965596,0.6429776995310644,0.6778608945172111
Jaydee Canvot,13091,2025-26,Crystal Palace,20000000.0,16.811242881518265,16.373683563565233,20000000.000000015,12912204.225906238,15.554970925621642,17.199581403974783,5694268.781286776,29490577.693354104,0.43755931795303127,-0.35438978870468857,0.6416489713055052,0.6819294310762609
Bafode Diakite,7268,2025-26,Bournemouth,25000000.0,17.034386422832473,16.594599301380217,24999999.999999963,16104338.074553013,15.763750116277011,17.413508396988476,7016323.871073105,36525031.19269039,0.4397871214522553,-0.3558264770178785,0.643657399520684,0.6832627447144305
Dominik Szoboszlai,9788,2025-26,Liverpool,100000000.0,18.420680753952364,17.976839255943236,99999999.99999991,64156709.88474224,17.1530585436102,18.81210673425391,28150016.764350984,147908844.65664068,0.4438414980091281,-0.35843290115257703,0.6472818815667392,0.6857004817357382
Dwight McNeil,6756,2025-26,Everton,22000000.0,16.906553056777135,16.4656819416698,22000000.000000007,14156463.62484774,15.644057222247701,17.287885871212886,6224832.308762627,32213167.0062403,0.4408711151073348,-0.3565243806887393,0.6413439385764055,0.6874176063563315
Rayan Ait Nouri,6674,2025-26,Manchester City,40000000.0,17.50439003707821,17.0539328071197,39999999.999999985,25493466.66010997,16.228289101265815,17.899140103588422,11164939.356834482,59360530.08234751,0.45045722995850923,-0.3626633334972505,0.6518867786362634,0.6910053167527933
Tolu Arokodare,8875,2025-26,,20000000.0,16.811242881518265,16.367898321379247,20000000.000000015,12837719.654904125,15.543393252483117,17.18707941870773,5628722.555548431,29124182.021935944,0.4433445601390176,-0.3581140172547942,0.6412883485718901,0.691334188631867
Bryan Mbeumo,6552,2025-26,Manchester United,70000000.0,18.064005814299346,17.622804011640934,69999999.99999991,45028401.33526722,16.804285434909232,18.439983491409766,19861334.000860482,101949023.99819383,0.44120180265841213,-0.356737123781896,0.6381717671961818,0.6913527444136859
Stefanos Tzimas,14028,2025-26,Brighton & Hove Al..,18000000.0,16.705882371415992,16.25588321429416,17999999.999999985,11477316.040795926,15.42522626625788,17.092042159578796,5001388.172241743,26483755.998547927,0.4499991571218338,-0.36237133106689245,0.6503124705711504,0.6919737472151084
Christantus Uche,12726,2025-26,Getafe,12000000.0,16.300417291085605,15.854151890967598,12000000.000000007,7680166.317102514,15.033241491442162,16.679496317754154,3379509.6924832575,17531262.272334293,0.44626540011800664,-0.35998614024145753,0.6422905178541579,0.6948030333826883
Mateus Fernandes,12948,2025-26,West Ham United,32000000.0,17.281246492014,16.82900575725186,31999999.999999955,20358431.49518692,15.990163510488895,17.65601352446685,8799129.876077985,46548880.08083363,0.4522407347621389,-0.3637990157754078,0.6499356302828433,0.6958238842288578
Rayan Ait Nouri,6674,2025-26,Manchester City,40000000.0,17.50439003707821,17.05033245920997,39999999.999999985,25401846.33859366,16.224700479858775,17.893750659733527,11124944.419128336,59041470.38233864,0.45405757786824097,-0.3649538415351582,0.6511841831667715,0.6972798013307313
Daniel James,5595,2025-26,Leeds United,16000000.0,16.588099342704055,16.136709882440556,16000000.000000026,10187884.562496936,15.319923165697226,16.97659572923988,4501507.70215767,23596186.946068678,0.45138946026349913,-0.3632572148439425,0.6463550245962518,0.698361493430737
Sandro Tonali,7958,2025-26,Newcastle United,75000000.0,18.132998684833918,17.68359302871245,75000000.00000003,47850542.23691852,16.854053941125326,18.502592729231267,20874813.472678207,108536026.79433504,0.449405656121467,-0.36199277017442005,0.6431816113713634,0.698722799557755
Lewis Hall,10216,2025-26,Newcastle United,40000000.0,17.50439003707821,17.056759278959817,39999999.999999985,25565625.15749946,16.23474640959475,17.87614579942916,11237268.092342742,58011149.46496881,0.44763075811839315,-0.3608593710625133,0.6403961569327813,0.6989903878598359
Brian Brobbey,9789,2025-26,Sunderland,30000000.0,17.216707972959764,16.769221702058527,30000000.00000005,19176989.407722116,15.945931929159993,17.585973100996416,8418412.341080526,43400133.62378775,0.44748627090123705,-0.3607670197425972,0.6398662447178894,0.6993434559101164
Jair,13779,2025-26,Nottingham Forest,12000000.0,16.300417291085605,15.850919906659708,12000000.000000007,7655384.206120826,15.032757080736223,16.67994175375896,3377873.0177663662,17539073.067681123,0.4494973844258965,-0.3620513161565982,0.642653299919136,0.6994399382722473
Matz Sels,6903,2025-26,Nottingham Forest,6000000.0,15.607270193858982,15.157569425435028,6000000.0,3826913.509705938,14.334757559971319,15.981832811773174,1680760.5629947647,8726131.45389715,0.4497007684239538,-0.36218108171567703,0.6426106089508232,0.6998029011039372
Alexis Mac Allister,8379,2025-26,Liverpool,85000000.0,18.258161826219297,17.80954935939874,85000000.00000004,54273646.79159003,16.98510411326739,18.62402463022554,23797808.89686542,122549381.62984478,0.4486124668205562,-0.3614865083342353,0.6394290183598579,0.7015829027766864
Noah Sadiki,13716,2025-26,Sunderland,35000000.0,17.370858648025116,16.92135404667385,35000000.000000015,22328043.488038544,16.10666879264069,17.748494821984696,9886380.802632757,51059123.4412007,0.4495046013512649,-0.36205590034175616,0.6405626114252297,0.7017340589878212
Yoane Wissa,5786,2025-26,Newcastle United,25000000.0,17.034386422832473,16.582830783846696,24999999.999999963,15915924.725258445,15.757550029878479,17.40487261291897,6972956.629916809,36210966.948861666,0.4515556389857771,-0.36336301098966123,0.6427071058641852,0.7025838595305626
James Garner,7438,2025-26,Everton,45000000.0,17.622173069956816,17.16729637960883,44999999.999999985,28553678.91937848,16.33484091861979,17.98091431201155,12420275.77222908,64418685.498881906,0.4548766903479873,-0.36547380179158906,0.6422197313377392,0.7082882511262653
Yasin Ayari,11385,2025-26,Brighton & Hove Al..,35000000.0,17.370858648025116,16.91745091335187,35000000.000000015,22241064.01025533,16.09869016959761,17.730181456169646,9807814.929493707,50132569.077078305,0.45340773467324524,-0.36454102827841944,0.6365304851828005,0.7123111072096325
Thierno Barry,12916,2025-26,Everton,30000000.0,17.216707972959764,16.76034783606875,30000000.00000005,19007568.187122196,15.939796732903137,17.57446891337422,8366921.836747545,42903711.27512754,0.4563601368910142,-0.3664143937625945,0.6377715190476695,0.7155542749423153
Ethan Ampadu,6369,2025-26,Leeds United,30000000.0,17.216707972959764,16.753737990065027,30000000.00000005,18882345.389510065,15.93080323671185,17.579718953586873,8292011.306780289,43129549.80178682,0.46296998289473734,-0.3705884870163322,0.6433286710916561,0.719647675750452
Marc Cucurella,7134,2025-26,Chelsea,50000000.0,17.72753358339242,17.267697338709933,50000000.00000009,31569351.132656433,16.45325865553221,18.087579392116304,13981681.744722743,71669754.1861764,0.4598362446824886,-0.3686129773468725,0.6376344023191034,0.7211597163045856
Callum Wilson,468,2025-26,West Ham United,7000000.0,15.76142084987672,15.297456708883573,6999999.999999995,4401502.340741858,14.471263416207018,16.1143157685094,1926591.4225070567,9962271.523143906,0.46396414099314676,-0.37121395132259133,0.6410410644541306,0.7237666457268676
Zeki Amdouni,11701,2025-26,Burnley,10000000.0,16.118095750958314,15.650382714061005,9999999.999999996,6264332.237428748,14.828305064346837,16.471845253346697,2753283.345134784,14243983.758456552,0.4677130368973099,-0.373566776257125,0.6412313951854626,0.7293982178805107
Lucas Perri,12369,2025-26,Leeds United,16000000.0,16.588099342704055,16.11424338669564,16000000.000000026,9961550.461885698,15.29024387084272,16.953840144867442,4369869.2294059,23065305.072121672,0.4738559560084141,-0.3774030961321449,0.6490563278938478,0.7300690797454371
Evann Guessand,8006,2025-26,Aston Villa,30000000.0,17.216707972959764,16.74604144071156,30000000.00000005,18737574.31213308,15.924037412827396,17.57607728961776,8236098.373684761,42972772.10972585,0.47066653224820243,-0.37541418959556494,0.6445475700481312,0.7302277661415365
Thierno Barry,12916,2025-26,Everton,30000000.0,17.216707972959764,16.748205120175196,30000000.00000005,18778160.310746472,15.926356360746258,17.562190500226738,8255219.6212067455,42380142.64396095,0.4685028527845674,-0.3740613229751186,0.6382248603177714,0.7340717698638383
Harry Wilson,5596,2025-26,Fulham,25000000.0,17.034386422832473,16.56371701224256,24999999.999999963,15614600.253319057,15.733105987618888,17.37569871760364,6804575.698281996,35169813.06209923,0.4706694105899132,-0.3754159898672368,0.6408617416350327,0.7344320623495058
Habib Diarra,9767,2025-26,Sunderland,32000000.0,17.281246492014,16.81032928444052,31999999.999999955,19981736.401586927,15.981984213753757,17.625333589636945,8727452.707651192,45142448.37563862,0.47091720757347844,-0.37557073745040764,0.6411569489614874,0.7344803925719678
Ryan Gravenberch,10697,2025-26,Liverpool,80000000.0,18.197537205138154,17.727705093663285,79999999.99999988,50008576.24915116,16.89723599885981,18.53679091503139,21795976.641122866,112311959.06157519,0.4698321114748687,-0.37489279688560956,0.6396765308304709,0.7344838974550171
Matheus Cunha,7080,2025-26,Manchester United,70000000.0,18.064005814299346,17.58825365249537,69999999.99999991,43499222.811910965,16.76118722558984,18.404104047471474,19023529.639520034,98355993.09115627,0.4757521618039746,-0.378582531258414,0.6409881869149211,0.7422167389601544
Cole Palmer,8497,2025-26,Chelsea,100000000.0,18.420680753952364,17.94201672725609,99999999.99999991,61961061.855041325,17.116689280960056,18.76682329311143,27144615.054018833,141360409.95330185,0.4786640266962756,-0.3803893814495862,0.6438039920999464,0.7434934119233702
Igor Julio,7943,2025-26,Brighton & Hove Al..,18000000.0,16.705882371415992,16.221550201166686,17999999.999999985,11089952.886102982,15.3939993295064,17.058207652944184,4847623.404963964,25602680.57389271,0.4843321702493064,-0.3838915063276116,0.649295120532864,0.7459353303807741
Djed Spence,10764,2025-26,Tottenham Hotspur,30000000.0,17.216707972959764,16.73827401827808,30000000.00000005,18592595.434313573,15.917412920485257,17.55805086438736,8181718.714139614,42205066.90736802,0.4784339546816838,-0.38024681885621525,0.6400990768608735,0.7474373452122196
Benjamin Sesko,11974,2025-26,Manchester United,75000000.0,18.132998684833918,17.653117255805206,75000000.00000003,46414257.06164608,16.82594867778289,18.47015247579506,20296289.184573557,105071587.99929519,0.4798814290287119,-0.3811432391780525,0.6414903039335847,0.7480727706811845
Joël Piroe,13835,2025-26,Leeds United,15000000.0,16.52356082573315,16.035740652629222,15000000.00000001,9209448.667346012,15.19738926509645,16.866698276641152,3982375.3227151143,21140437.410829306,0.4878201731039269,-0.3860367555102663,0.6512851670027316,0.7490116431622661
Marshall Munetsi,7908,2025-26,Wolverhampton,12000000.0,16.300417291085605,15.811122261729546,12000000.000000007,7356700.773975679,14.973045524167926,16.643991104171967,3182078.6664658682,16919731.531255167,0.4892950293560592,-0.38694160216869383,0.6519236783598147,0.7505403555629157
Max Kilman,7332,2025-26,West Ham United,22000000.0,16.906553056777135,16.422239737747642,22000000.000000007,13554642.465256793,15.612303566369757,17.25440305502088,6030276.372307516,31152436.639664564,0.4843133190294928,-0.38387988794287325,0.6406693022711261,0.7559490010097836
Erling Haaland,8260,2025-26,Manchester City,200000000.0,19.11382792951231,18.61567674117863,200000000.0000001,121530611.18845676,17.781502863553154,19.467293680386767,52772608.97224138,284798843.5358986,0.4981511883336829,-0.3923469440577165,0.6577155853589844,0.7573960529790236
Erling Haaland,8260,2025-26,Manchester City,200000000.0,19.11382792951231,18.615391659227853,200000000.0000001,121495969.94248681,17.780831288904174,19.467495683410554,52737180.12311356,284856379.57469726,0.4984362702844578,-0.39252015028756626,0.6580564139153291,0.757436991334592
Jean-Philippe Mateta,5735,2025-26,Crystal Palace,35000000.0,17.370858648025116,16.88296703978849,35000000.000000015,21487179.07747054,16.051677270711416,17.69833150235859,9357391.87549181,48561008.9440499,0.4878916082366267,-0.38608059778655623,0.6424463468640225,0.7594277882007971
Djed Spence,10764,2025-26,Tottenham Hotspur,30000000.0,17.216707972959764,16.73003147555739,30000000.00000005,18439975.018144064,15.911667297057472,17.553141846642838,8134844.423633168,41998389.18745014,0.4866764974023745,-0.38533416606186555,0.640425480701247,0.7599268175111928
Antonee Robinson,8940,2025-26,Fulham,30000000.0,17.216707972959764,16.730643460094534,30000000.00000005,18451263.452153694,15.907327735831927,17.546450131226297,8099619.25003514,41718286.14252325,0.4860645128652301,-0.3849578849282112,0.6395077817464673,0.7600603569479789
Jhon Arias,13741,2025-26,,15000000.0,16.52356082573315,16.03580848460167,15000000.00000001,9210073.383669738,15.225778849929704,16.86172453705501,4097053.4634246505,21035551.429438926,0.48775234113147903,-0.3859951077553512,0.638268380915808,0.7641806420547361
Souza,14410,2025-26,Tottenham Hotspur,12000000.0,16.300417291085605,15.79828023470721,12000000.000000007,7262829.847563385,14.957528395917201,16.63035893698965,3133083.046931655,16690643.936619295,0.5021370563783947,-0.3947641793697183,0.6526591007266397,0.7693711093882535
Dário Essugo,13094,2025-26,Chelsea,15000000.0,16.52356082573315,16.029022223283867,15000000.00000001,9147783.010576922,15.215880422490757,16.858284710259653,4056699.118869614,20963317.080586866,0.49453860244928194,-0.3901477992948722,0.6407882204240551,0.7717660635553047
Alysson Edward,14446,2025-26,Aston Villa,5000000.0,15.424948670398354,14.926542003102469,4999999.999999999,3037488.7832994484,14.110096079543338,15.760990297844716,1342568.777147497,6996986.784065086,0.49840666729588534,-0.3925022433401102,0.6441005884676283,0.773802533672013
Chemsdine Talbi,13717,2025-26,Sunderland,25000000.0,17.034386422832473,16.536214475216404,24999999.999999963,15191010.697478652,15.714959994845517,17.3616247876964,6682213.448510824,34678302.42029065,0.4981719476160684,-0.39235957210085304,0.6424504673445761,0.7754246793144219
Habib Diarra,9767,2025-26,Sunderland,35000000.0,17.370858648025116,16.871680623092985,35000000.000000015,21246029.228211813,16.04318107654013,17.680865208134797,9278226.42740857,47720192.40672728,0.4991780249321316,-0.39297059347966273,0.6389466394579485,0.7812515069421292
Nick Woltemade,8117,2025-26,Newcastle United,65000000.0,17.989897843244528,17.48726995540878,65000000.00000007,39321025.350544,16.657563818756742,18.30413011785474,17150943.771168053,88998502.93666534,0.5026278878357466,-0.39506114845316986,0.6424120397557637,0.7824073285221101
Odsonne Edouard,3697,2025-26,,6000000.0,15.607270193858982,15.055242990615332,6000000.0,3454687.979115542,14.147812198696222,15.951159174898903,1394172.3245550592,8462532.669783873,0.5520272032436502,-0.42421867014740966,0.703580420663525,0.784597164774782
Dean Henderson,7702,2025-26,Crystal Palace,28000000.0,17.147715103853763,16.639476978842154,27999999.99999999,16843525.868424207,15.81078285963671,17.469707788714466,7354204.317672434,38636491.474329524,0.5082381250116086,-0.3984455046991352,0.6472337907525091,0.7852465867406326
Nathan Patterson,10292,2025-26,Everton,13000000.0,16.380459992348886,15.874099065454143,13000000.000000013,7834902.094826843,15.058329209163077,16.71061071560711,3465366.373773658,18085311.732842166,0.5063609268947431,-0.39731522347485887,0.6446418424735804,0.7854918708840957
Rodrigo Muniz,10717,2025-26,Fulham,25000000.0,17.034386422832473,16.52418621614378,24999999.999999963,15009383.790745372,15.690475849195803,17.349080373140723,6520591.794656787,34246000.56194876,0.5102002066886939,-0.39962464837018424,0.6471087838730131,0.7884303526759332
Malick Thiaw,8378,2025-26,Newcastle United,45000000.0,17.622173069956816,17.117780777129795,44999999.999999985,27174259.4739131,16.29707666562502,17.93603587253446,11959979.3753097,61591587.72660978,0.5043922928270206,-0.3961275672463754,0.6394441133429989,0.7887980861846854
Zach Abbott,13306,2025-26,Nottingham Forest,4000000.0,15.201805169084134,14.675003008944586,4000000.0000000005,2361960.5781430444,13.822362723407048,15.52973564771634,1006874.6952410563,5552370.255484213,0.5268021601395478,-0.40950985546423896,0.6661358996173742,0.7908328622464889
Dan Ndoye,8662,2025-26,Nottingham Forest,32000000.0,17.281246492014,16.769345225749802,31999999.999999955,19179358.3666731,15.950287695796721,17.606038182360365,8455160.96115071,44279756.1937501,0.5119012662641964,-0.40064505104146475,0.6459952739119207,0.7924226181475013
Sandro Tonali,7958,2025-26,Newcastle United,80000000.0,18.197537205138154,17.684046667337128,79999999.99999988,47872254.01582099,16.84875329107961,18.504379371592254,20764456.127613794,108730115.19093221,0.5134905378010259,-0.40159682480223674,0.6459467365739314,0.7949425374057211
Murillo,12123,2025-26,Nottingham Forest,55000000.0,17.822843761378564,17.312133608826763,55000000.000000075,33003810.370150454,16.48981478594979,18.13571629315053,14502255.064598398,75204097.8298315,0.5107101525518019,-0.39993072054271983,0.6421526695020641,0.7953095530192456
Pedro Neto,6382,2025-26,Chelsea,60000000.0,17.909855136853043,17.388472678705245,60000000.0000001,35621952.55693506,16.547187230209698,18.22540275666652,15358615.810200626,82260594.22728474,0.5213824581477979,-0.40630079071775,0.6547600665041633,0.7962954444236601
Chris Richards,8430,2025-26,Crystal Palace,28000000.0,17.147715103853763,16.63004971052322,27999999.99999999,16685483.545368986,15.785694033837144,17.447650173527528,7171991.255176424,37793592.931933664,0.5176653933305424,-0.40408987337967883,0.6484164253015425,0.7983533006428777
Adam Wharton,12409,2025-26,Crystal Palace,60000000.0,17.909855136853043,17.395388830009804,60000000.0000001,35869173.30008664,16.57221272240372,18.221479830973,15747822.4872943,81938524.1661995,0.5144663068432394,-0.402180444998557,0.6434657674570948,0.7995239729323177
Facundo Buonanotte,11362,2025-26,Brighton & Hove Al..,18000000.0,16.705882371415992,16.18789193731748,17999999.999999985,10722896.189604139,15.362513565978258,17.019251399942867,4697370.0822097175,24624473.38302553,0.5179904340985111,-0.40428354502199176,0.6463804900177945,0.8013707747958962
Bryan Mbeumo,6552,2025-26,Manchester United,75000000.0,18.132998684833918,17.620394354770745,75000000.00000003,44920028.958785385,16.80087187848794,18.44006730317548,19793651.797464326,101957568.88406758,0.5126043300631729,-0.4010662805495284,0.6395362743113961,0.8015250278259917
Donyell Malen,9749,2025-26,Aston Villa,45000000.0,17.622173069956816,17.103342200578723,44999999.999999985,26784720.793190483,16.28348941569373,17.921836878332524,11798575.13575571,60723228.61758128,0.5188308693780925,-0.4047839823735446,0.6392054397560745,0.8116809355941687
Lorenzo Lucca,11936,2025-26,Napoli,30000000.0,17.216707972959764,16.680330210544696,30000000.00000005,17545887.56350111,15.860856354322769,17.51048867341209,7731830.714947321,40244690.84127561,0.5363777624150678,-0.4151370812166307,0.6436082552726474,0.8333916757917372
Ola Aina,725,2025-26,Nottingham Forest,20000000.0,16.811242881518265,16.271759010595762,20000000.000000015,11660981.649532786,15.458157658709101,17.091056081312523,5168832.842740967,26457653.812876444,0.5394838709225027,-0.41695091752336116,0.6370794828931456,0.8468077930756214
Mathis Cherki,8094,2025-26,,90000000.0,18.31532023940565,17.76990574637448,90000000.00000004,52164133.92838809,16.94139748326754,18.590233181920468,22780089.374914028,118477446.25702392,0.5454144930311706,-0.4203985119067993,0.6432974517782871,0.8478418366549788
Ismaila Sarr,5675,2025-26,Crystal Palace,40000000.0,17.50439003707821,16.95787670449774,39999999.999999985,23158597.719465494,16.133297383600922,17.784857737254523,10153177.66713724,52949951.728529125,0.5465133325804707,-0.4210350570133624,0.6443604828737078,0.8481484310507993
Iliman Ndiaye,9307,2025-26,,35000000.0,17.370858648025116,16.821802202654585,35000000.000000015,20212305.360874016,15.976729528540673,17.634676657769724,8681712.96492662,45566193.81459565,0.5490564453705318,-0.4225055611178855,0.6468522996484923,0.8488126975337275
Kobbie Mainoo,11174,2025-26,Manchester United,45000000.0,17.622173069956816,17.061608256278262,44999999.999999985,25689893.34218479,16.22166283470945,17.909458573223795,11091202.057246214,59976210.89910649,0.5605648136785533,-0.42911348128478227,0.6584978106645648,0.8512781737464301
Lucas Bergvall,12912,2025-26,Tottenham Hotspur,40000000.0,17.50439003707821,16.952826424268814,39999999.999999985,23041935.143533,16.123258203508662,17.774397713306573,10051758.014864018,52398980.56429905,0.5515636128093959,-0.4239516214116748,0.6441962895704074,0.8562042683872254
Antoni Milambo,13780,2025-26,Brentford,20000000.0,16.811242881518265,16.25763004353455,20000000.000000015,11497382.47501849,15.431261191267627,17.087790120730148,5031662.440426736,26371385.10693412,0.5536128379837137,-0.4251308762490759,0.6462989853936721,0.8565893657507421
Jørgen Strand Larsen,11070,2025-26,Crystal Palace,40000000.0,17.50439003707821,16.95421018900704,39999999.999999985,23073841.8328534,16.136199085627148,17.77876284654581,10182681.951867828,52628209.04286918,0.5501798480711706,-0.4231539541786648,0.6408504392800368,0.8585152078373699
Lamare Bogarde,10025,2025-26,Aston Villa,18000000.0,16.705882371415992,16.155447266519417,17999999.999999985,10380578.540062562,15.340404815863058,16.98322142343467,4594656.694859427,23753047.151594546,0.5504351048965752,-0.4233011922187461,0.640949088046355,0.8587813215778637
Jørgen Strand Larsen,11070,2025-26,Crystal Palace,40000000.0,17.50439003707821,16.9520365411663,39999999.999999985,23023741.893740255,16.135336387070147,17.775260324818383,10173901.154114228,52444200.02961521,0.552353495911909,-0.4244064526564934,0.639820505539478,0.863294457007408
Andrey Santos,11808,2025-26,Chelsea,40000000.0,17.50439003707821,16.94934219752199,39999999.999999985,22961791.513689954,16.12314888907659,17.769803120723765,10050659.272591257,52158780.82478463,0.5550478395562202,-0.42595521215775095,0.6424463468640225,0.8639598345691882
Yehor Yarmolyuk,11772,2025-26,,32000000.0,17.281246492014,16.725811818566232,31999999.999999955,18362328.580300603,15.90455826872761,17.54622319261464,8077218.651373382,41708819.72654668,0.5554346734477669,-0.42617723186560535,0.6404997557204283,0.8671895164472296
Matheus Cunha,7080,2025-26,Manchester United,75000000.0,18.132998684833918,17.57630590997001,75000000.00000003,42982597.68337159,16.75030511089091,18.39351630225496,18817635.70963571,97320118.3509235,0.5566927748639081,-0.4268986975550457,0.6411030359190235,0.8683358893565166
Alex Tóth,14374,2025-26,Bournemouth,12000000.0,16.300417291085605,15.717525102610352,12000000.000000007,6699376.051231241,14.858448522127727,16.575435726431728,2837540.3748991066,15798659.666035134,0.5828921884752525,-0.44171866239739693,0.6698869354703293,0.8701351789552403
Stefan Ortega Moreno,8786,2025-26,Nottingham Forest,6000000.0,15.607270193858982,15.027168849348417,6000000.0,3359049.3207295635,14.17732795597484,15.885772884876188,1435935.7131188104,7926901.28492427,0.5801013445105649,-0.44015844654507275,0.6665541449421978,0.870298908066756
Alex Scott,12149,2025-26,Bournemouth,50000000.0,17.72753358339242,17.166898818889248,50000000.00000009,28542329.354063224,16.347636919105057,17.98901252358479,12580226.824208505,64942479.68692083,0.560634764503174,-0.42915341291873654,0.6403868770160095,0.8754626064724281
Mads Hermansen,12910,2025-26,West Ham United,15000000.0,16.52356082573315,15.959666964212474,15000000.00000001,8534837.263297787,15.128944273846473,16.777571234492974,3718920.533420919,19337778.6344451,0.5638938615206754,-0.4310108491134812,0.6432160121128716,0.8766788309083998
Ola Aina,725,2025-26,Nottingham Forest,18000000.0,16.705882371415992,16.144320468020307,17999999.999999985,10265716.133690465,15.335052905518666,16.96637384677025,4570132.183843287,23356218.042579815,0.5615619033956847,-0.4296824370171959,0.6364640245217057,0.882315231905984
Senne Lammens,14056,2025-26,Manchester United,35000000.0,17.370858648025116,16.80542016421361,35000000.000000015,19883884.031380635,15.982075044074975,17.617891433912135,8728245.461077353,44807738.26481369,0.565438483811505,-0.4318890276748393,0.6382179352491749,0.8859645782137803
Morgan Gibbs-White,6857,2025-26,Nottingham Forest,65000000.0,17.989897843244528,17.413975498615255,65000000.00000007,36542096.079853736,16.590516434654837,18.239887244491502,16038720.249980535,83460767.7839653,0.5759223446292729,-0.43781390646378926,0.6435062267709667,0.8949755583860918
Adam Wharton,12409,2025-26,Crystal Palace,70000000.0,18.064005814299346,17.49102005960621,69999999.99999991,39468760.133787505,16.675726381339796,18.314820875606905,17465294.94897107,89955068.47713526,0.5729857546931356,-0.43616056951732063,0.6394968960505283,0.895994582978965
Thiago,13222,2025-26,Brentford,65000000.0,17.989897843244528,17.415299088068682,65000000.00000007,36590494.83713134,16.588772227807127,18.22866472445839,16010769.785329755,82529363.75991713,0.5745987551758454,-0.43706931019798,0.6398082387153305,0.8980796438782671
Dilane Bakwa,8920,2025-26,Nottingham Forest,28000000.0,17.147715103853763,16.568481803271577,27999999.99999999,15689178.098119034,15.73563822595766,17.387229767119194,6821828.342961653,35577705.12166259,0.5792333005821853,-0.43967221078146285,0.6443726507594456,0.8989104362196497
Maxime Estève,9487,2025-26,Burnley,24000000.0,16.993564429978885,16.414501909322855,24000000.0,13450163.700437754,15.58736955575485,17.23767937425381,5881776.41556049,30635785.41397218,0.5790625206560307,-0.4395765124817602,0.6438725833947008,0.8993433415087022
Abduqodir Khusanov,11763,2025-26,,35000000.0,17.370858648025116,16.791025937422297,35000000.000000015,19599720.9411148,15.964466801765715,17.614302660778932,8575901.572673816,44647221.65510709,0.5798327106028189,-0.440007973111006,0.6436876668929099,0.9007982293674822
Jhon Arias,13741,2025-26,,15000000.0,16.52356082573315,15.946055951282995,15000000.00000001,8419456.475321926,15.132237404628217,16.77152754757063,3731187.6158648394,19221259.605492756,0.5775048744501543,-0.43870290164520526,0.6395732288800337,0.9029534826863092
Morgan Rogers,12412,2025-26,Aston Villa,90000000.0,18.31532023940565,17.735298557139437,90000000.00000004,50389759.97472796,16.91335242477987,18.543774604277914,22150095.802898116,113099056.11089635,0.5800216822662136,-0.44011377805857854,0.6361133703320371,0.9118212402349839
Ben Doak,11231,2025-26,Bournemouth,18000000.0,16.705882371415992,16.10676929994127,17999999.999999985,9887374.506116632,15.272764960981501,16.938213616036123,4294152.313826286,22707675.93020878,0.5991130714747221,-0.4507014163268533,0.649779039075581,0.9220258510140007
João Pedro,8272,2025-26,Chelsea,80000000.0,18.197537205138154,17.591002699340635,79999999.99999988,43618968.7340647,16.755417821810056,18.41416337682817,18914091.21074983,99350381.48493038,0.6065345057975193,-0.45476289082419047,0.6471638075057995,0.9372194470131643
Myles Lewis-Skelly,12272,2025-26,Arsenal,40000000.0,17.50439003707821,16.902250071564094,39999999.999999985,21905537.701699287,16.074770074622936,17.72131012996829,9575994.67550801,49689793.601333074,0.602139965514116,-0.4523615574575176,0.6424018006887577,0.9373260860547485
Jorrel Hato,13776,2025-26,Chelsea,40000000.0,17.50439003707821,16.893325912221815,39999999.999999985,21710918.88016266,16.0787474800361,17.72555956650104,9614158.138014015,49901396.50795579,0.6110641248563944,-0.4572270279959333,0.6425079343236474,0.9510608230848493
Vitalii Mykolenko,10291,2025-26,,25000000.0,17.034386422832473,16.42087768288395,24999999.999999963,13536192.864735706,15.59492842878277,17.24225307061314,5926404.480671044,30776225.118223093,0.6135087399485215,-0.45855228541057097,0.642707909106304,0.9545685236729319
Ryan Gravenberch,10697,2025-26,Liverpool,90000000.0,18.31532023940565,17.69724008582731,90000000.00000004,48508037.567197695,16.860489278833995,18.508777898017755,21009583.132445034,109209420.82673661,0.6180801535783402,-0.46102180480891475,0.6430840073285317,0.9611188375620454
Arnaud Kalimuendo Muinga,8056,2025-26,Nottingham Forest,25000000.0,17.034386422832473,16.414801724745285,24999999.999999963,13454196.87182245,15.595862376400511,17.242000690545154,5931942.018434069,30768458.792257253,0.6195846980871877,-0.4618321251271012,0.6422450603350018,0.9647169536251564
Anthony Elanga,9524,2025-26,Newcastle United,32000000.0,17.281246492014,16.66125806309902,31999999.999999955,17214420.729358993,15.845891416537324,17.486849201837686,7616985.801139765,39304484.368370555,0.6199884289149793,-0.4620493522075307,0.6402238637978861,0.9683931886530006
Harrison Armstrong,12757,2025-26,Everton,12000000.0,16.300417291085605,15.676277308158955,12000000.000000007,6428663.06160816,14.845832691290102,16.491918069632597,2801967.296701013,14532789.523200694,0.6241399829266499,-0.4642780781993203,0.642224407296826,0.9718409575146872
Stefan Ortega Moreno,8786,2025-26,Nottingham Forest,4000000.0,15.201805169084134,14.560587956264124,4000000.0000000005,2106603.4762760056,13.727098275458147,15.40453996761774,915382.4023524434,4898990.705985463,0.6412172128200098,-0.4733491309309987,0.6544581530800958,0.9797680872370986
Toti,10293,2025-26,Wolverhampton,25000000.0,17.034386422832473,16.39185422016148,24999999.999999963,13148972.072090864,15.560007133325573,17.232041719390182,5723018.640993897,30463557.36101692,0.6425322026709921,-0.47404111711636465,0.652348556850926,0.9849522865087336
Andrey Santos,11808,2025-26,Chelsea,40000000.0,17.50439003707821,16.87321772734443,39999999.999999985,21278711.703352764,16.041668133425535,17.680466928394264,9264199.610670146,47701190.20482625,0.6311723097337811,-0.4680322074161807,0.6393815282153363,0.9871606886979218
Robin Roefs,13712,2025-26,Sunderland,28000000.0,17.147715103853763,16.509248258348524,27999999.99999999,14786840.543252023,15.68179366467595,17.338274440903724,6464223.857336855,33877932.82871689,0.6384668455052385,-0.47189855202671327,0.6462801982863617,0.9879102704959232
Justin Devenny,13038,2025-26,Crystal Palace,12000000.0,16.300417291085605,15.669370333682489,12000000.000000007,6384413.434454871,14.85127416464827,16.48809108488882,2817255.6905081137,14477279.042215463,0.6310469574031163,-0.46796554712876104,0.638608294737056,0.9881596631358303
Melker Ellborg,14425,2025-26,Sunderland,3000000.0,14.914123179965662,14.264018734778622,3000000.000000001,1565973.2853099513,13.423018651600339,15.101693323437727,675370.812544123,3618944.7910135994,0.6501044451870399,-0.4780089048966831,0.6549392032450503,0.9926180047948643
Vitalii Mykolenko,10291,2025-26,,25000000.0,17.034386422832473,16.39649451402867,24999999.999999963,13210128.954412665,15.571739813798409,17.216118768312274,5790560.450222908,29982329.066395476,0.6378919088038018,-0.4715948418234926,0.6415586416893079,0.9942846489046564
Antoine Semenyo,11363,2025-26,Manchester City,80000000.0,18.197537205138154,17.548110142432588,79999999.99999988,41787596.478738315,16.709112445859724,18.37598623433669,18058235.344834145,95628956.44847147,0.6494270627055663,-0.4776550440157703,0.6503350585138957,0.9986038030759031
Tolu Arokodare,8875,2025-26,,25000000.0,17.034386422832473,16.395472807677645,24999999.999999963,13196638.973313551,15.569950778569636,17.2097774146077,5780210.193042071,29792802.070532493,0.6389136151548271,-0.47213444106745717,0.6397825430291695,0.9986418387250326
Joshua King,12410,2025-26,,25000000.0,17.034386422832473,16.38903777807487,24999999.999999963,13111990.853111323,15.555087095706684,17.19931163112362,5694930.323516481,29482623.008884776,0.645348644757604,-0.4755203658755463,0.6414983946849272,1.0060019636909112
Maxence Lacroix,8853,2025-26,Crystal Palace,50000000.0,17.72753358339242,17.06890120348864,50000000.00000009,25877933.234526347,16.23976566000087,17.894272008988807,11293812.546475638,59072259.634753965,0.6586323799037821,-0.482441335309474,0.645509870464647,1.0203289059386331
Jair,13779,2025-26,Nottingham Forest,15000000.0,16.52356082573315,15.868364272968224,15000000.00000001,7790099.142038538,15.04850668886042,16.693291593239366,3431494.3590009417,17774786.76040448,0.6551965527649255,-0.4806600571974311,0.6417170240641975,1.021005409230626
Stefanos Tzimas,14028,2025-26,Brighton & Hove Al..,22000000.0,16.906553056777135,16.24211682698337,22000000.000000007,11320397.4284943,15.40883236580432,17.07593754013424,4920064.324925952,26060661.2053468,0.6644362297937647,-0.4854364805229865,0.6504253342943781,1.0215411281828166
Cole Palmer,8497,2025-26,Chelsea,120000000.0,18.603002309079653,17.94523610124356,119999999.9999999,62160859.127539404,17.11968826072639,18.769213111842245,27226143.39815233,141698639.704115,0.6577662078360937,-0.48199284060383785,0.6435663263687929,1.0220643636646143
Jorrel Hato,13776,2025-26,Chelsea,40000000.0,17.50439003707821,16.84105825654292,39999999.999999985,20605286.107699182,16.012757411854082,17.668153948346617,9000199.491215415,47117447.570037514,0.663331780535291,-0.48486784730752025,0.64585717938923,1.0270564479326314
Morgan Gibbs-White,6857,2025-26,Nottingham Forest,70000000.0,18.064005814299346,17.40166372272181,69999999.99999991,36094956.161267065,16.57682021714929,18.229576670581977,15820547.91361867,82604660.42222333,0.6623420915775355,-0.4843577691247556,0.6448271442521506,1.027162236393907
Myles Lewis-Skelly,12272,2025-26,Arsenal,45000000.0,17.622173069956816,16.96570867744548,44999999.999999985,23340687.367966905,16.147848388487716,17.78155871851075,10301996.727173515,52775556.6664546,0.6564643925113351,-0.48131805848962417,0.6373962506429852,1.0299156793738817
Carlos Baleba,10527,2025-26,Brighton & Hove Al..,55000000.0,17.822843761378564,17.154536290911263,55000000.000000075,28191646.128391683,16.32302834180651,17.979825959943902,12274423.44072831,64348613.42669481,0.6683074704673011,-0.48742461584742464,0.6464038149652347,1.0338854056782516
James Hill,10747,2025-26,Bournemouth,23000000.0,16.951004817371683,16.249483351842738,22999999.999999974,11404097.33515491,15.391096675765095,17.090701294903695,4833572.831688135,26448268.661499906,0.7015214655289448,-0.5041696810802208,0.6631050755485938,1.0579340912879738
Christantus Uche,12726,2025-26,Getafe,15000000.0,16.52356082573315,15.839604676923436,15000000.00000001,7569249.99698619,15.019851189040057,16.66422855552701,3334558.648021338,17265632.062540375,0.6839561488097132,-0.49538333353425434,0.6415580221165593,1.06608619210041
Josh Acheampong,12535,2025-26,Chelsea,15000000.0,16.52356082573315,15.794507700289572,15000000.00000001,7235482.185653717,14.904988170738031,16.657020771516553,2972719.755532024,17141632.526395146,0.7290531254435777,-0.5176345209564192,0.6835599862582505,1.0665532507751847
Dan Ndoye,8662,2025-26,Nottingham Forest,40000000.0,17.50439003707821,16.787724831685264,39999999.999999985,19535126.861173064,15.97084741157911,17.62390460818978,8630796.004523803,45077986.72122447,0.7166652053929461,-0.5116218284706733,0.6449444799698293,1.1112044953489204
Leny Yoro,10564,2025-26,Manchester United,50000000.0,17.72753358339242,17.020417865539475,50000000.00000009,24653213.74429043,16.211730376709603,17.84111768381657,10981584.436102102,56014305.19363456,0.7071157178529468,-0.5069357251141923,0.635709612230099,1.112325036855038
Nico O'Reilly,11592,2025-26,Manchester City,70000000.0,18.064005814299346,17.349589973296126,69999999.99999991,34263456.777133904,16.523746745740084,18.16770520797757,15002789.059552902,77648686.75859241,0.7144158410032198,-0.5105220460409436,0.6413945855555715,1.1138476330984268
Jota Silva,12766,2025-26,Nottingham Forest,14000000.0,16.454567959008102,15.735885565898275,14000000.00000001,6823515.862513124,14.91690997440022,16.548605753031552,3008372.046258163,15380417.818325209,0.7186823931098267,-0.5126060098204914,0.6366102682811176,1.1289205168655359
Jaydee Canvot,13091,2025-26,Crystal Palace,28000000.0,17.147715103853763,16.419337355269075,27999999.99999999,13515358.741332611,15.601125526515673,17.24776014051809,5963245.028976744,30946179.492648456,0.7283777485846876,-0.517308616380978,0.6424386929899012,1.1337700492397604
Maxime Estève,9487,2025-26,Burnley,28000000.0,17.147715103853763,16.40589793272143,27999999.99999999,13334935.220490111,15.576267905764883,17.231473152316706,5816840.098436711,30446241.707813546,0.7418171711323325,-0.5237523135539244,0.6457825471311393,1.1487104667473949
Elliot Anderson,9154,2025-26,Nottingham Forest,75000000.0,18.132998684833918,17.38952705020299,75000000.00000003,35659531.13686993,16.56621603321571,18.213631482115723,15653670.267397758,81297959.01328589,0.7434716346309287,-0.5245395848417345,0.642743337716052,1.1567162053718183
Mads Hermansen,12910,2025-26,West Ham United,18000000.0,16.705882371415992,15.963129382265468,17999999.999999985,8564439.659742318,15.135869231849796,16.779759085710783,3744763.2855700636,19380133.13494595,0.7427529891505245,-0.524197796680982,0.6413678178225536,1.1580764867064486
Mateus Fernandes,12948,2025-26,West Ham United,50000000.0,17.72753358339242,16.981668981468,50000000.00000009,23716200.531327765,16.14699405626601,17.796954588095083,10293199.157126125,53594369.26177048,0.7458646019244206,-0.5256759893734455,0.6437363083098878,1.1586492672483673
Valentín Castellanos,10948,2025-26,,28000000.0,17.147715103853763,16.382553864841903,27999999.99999999,13027248.862369193,15.545303510045324,17.20463644533288,5639485.143670865,29640031.216940463,0.7651612390118601,-0.5347411120582429,0.6473929754155346,1.1819115561467668
Emmanuel Agbadou,10856,2025-26,,18000000.0,16.705882371415992,15.92853854799414,17999999.999999985,8273253.728117417,15.093648675766278,16.771474448719452,3589948.4362896103,19220239.00573297,0.7773438234218517,-0.5403747928823653,0.6546080031809816,1.187495141587716
Fernando López,13200,2025-26,,18000000.0,16.705882371415992,15.916502805864795,17999999.999999985,8174275.798874009,15.07080798287043,16.7563866069186,3508880.8480117205,18932423.78035162,0.7893795655511973,-0.5458735667292213,0.6576327978027269,1.2003348497651893
Bafode Diakite,7268,2025-26,Bournemouth,35000000.0,17.370858648025116,16.592528074498894,35000000.000000015,16071016.854371613,15.765156370973532,17.41465573514106,7026197.551703105,36566961.805345535,0.7783305735262225,-0.5408280898750969,0.6435563825709214,1.2094209530125337
Emmanuel Agbadou,10856,2025-26,,16000000.0,16.588099342704055,15.797536348244156,16000000.000000026,7257429.135019955,14.971864206963344,16.639892525024436,3178321.8404480186,16850526.58617057,0.7905629944598989,-0.5464106790612536,0.6507855011747852,1.214782740292754
Dilane Bakwa,8920,2025-26,Nottingham Forest,35000000.0,17.370858648025116,16.573517163388836,35000000.000000015,15768377.99748777,15.741506210160212,17.396053825344918,6861976.408684112,35893034.066440456,0.7973414846362807,-0.5494749143574925,0.6455259705765307,1.235181109637093
Alex Murphy,12199,2025-26,Newcastle United,1500000.0,14.220976332738882,13.362341951665426,1499999.9999999986,635609.9565804095,12.486928948284966,14.252029212805482,264851.65945491305,1547310.107066343,0.8586343810734558,-0.5762600289463933,0.6886583685851181,1.2468219660752278
Leny Yoro,10564,2025-26,Manchester United,55000000.0,17.822843761378564,17.02977486182569,55000000.000000075,24884976.393254366,16.22508413228647,17.85385295216523,11129213.35028688,56732224.156626716,0.7930688995528747,-0.5475458837590121,0.6354683078610907,1.2480070048217646
Arnaud Kalimuendo Muinga,8056,2025-26,Nottingham Forest,30000000.0,17.216707972959764,16.417828505145607,30000000.00000005,13494981.466111263,15.598827230449299,17.239023942515107,5949555.461450999,30677005.025124837,0.7988794678141566,-0.5501672844629586,0.6399269291349571,1.2483917013682626
Jonah Kusi-Asare,13262,2025-26,FC Bayern,3000000.0,14.914123179965662,14.086628135608944,3000000.000000001,1311428.256083096,13.251393287165135,14.931676019155432,568861.0763570534,3053123.4044640525,0.8274950443567182,-0.5628572479723015,0.6555665920136935,1.2622593256543393
Yoane Wissa,5786,2025-26,Newcastle United,42000000.0,17.553180200057167,16.744293493987296,42000000.00000003,18704850.636697974,15.929818467551444,17.56788131971302,8283849.608137011,42622007.944381595,0.8088867060698703,-0.5546464134119533,0.6390943982527317,1.2656764138151524
Carlos Baleba,10527,2025-26,Brighton & Hove Al..,60000000.0,17.909855136853043,17.08677811820812,60000000.0000001,26344710.69724601,16.257577932244374,17.907657261684967,11496783.347142743,59868272.30126428,0.8230770186449234,-0.560921488379234,0.6437826575009145,1.2785013840540653
Dário Essugo,13094,2025-26,Chelsea,20000000.0,16.811242881518265,15.988104161643799,20000000.000000015,8781028.041463954,15.171440130625115,16.81090312119423,3880365.363115107,19993205.947419662,0.823138719874466,-0.5609485979268026,0.6396406658222913,1.2868767791933278
Jamie Bynoe-Gittens,10542,2025-26,Chelsea,45000000.0,17.622173069956816,16.793733288137396,44999999.999999985,19652856.15770549,15.977847997725092,17.619523452621493,8691428.626785694,44880925.03846554,0.8284397818194194,-0.5632698631621,0.6405038644205847,1.2934188657375956
Mateus Mané,13484,2025-26,Wolverhampton,20000000.0,16.811242881518265,15.92735338567557,20000000.000000015,8263454.3864140045,15.06097677673279,16.793152701621914,3474553.3242192226,19641449.28550753,0.8838894958426948,-0.5868272806793001,0.6758128535324893,1.307890921610301
Marshall Munetsi,7908,2025-26,Wolverhampton,15000000.0,16.52356082573315,15.657597215305834,15000000.00000001,6309689.69635602,14.813436168409124,16.48462516914821,2712647.897492635,14427188.863747591,0.8659636104273147,-0.5793540202429324,0.6520186495802291,1.3281270573852815
Tom Watson,14029,2025-26,,10000000.0,16.118095750958314,15.2559401325081,9999999.999999996,4222508.309964084,14.419714295622311,16.075320849584283,1829793.6320969681,9581270.34687653,0.862155618450215,-0.5777491690035914,0.6459391182404011,1.334732011275007
Ethan Nwaneri,11132,2025-26,Arsenal,35000000.0,17.370858648025116,16.493962479367024,35000000.000000015,14562530.89302877,15.649946211912082,17.329783741579682,6261598.439206853,33591503.193583265,0.8768961686580923,-0.5839276887706067,0.6553928951923841,1.3379702085429048
James Trafford,9077,2025-26,Manchester City,25000000.0,17.034386422832473,16.163219257278346,24999999.999999963,10461570.635543345,15.335305980798786,16.99325852937895,4571288.917943206,23992659.508083295,0.8711671655541267,-0.5815371745782656,0.646854414022146,1.3467747095319365
Luis Guilherme,13026,2025-26,,12000000.0,16.300417291085605,15.414851980335978,12000000.000000007,4949770.5419381615,14.565385894721972,16.248555956786824,2116735.120976035,11393526.133339535,0.8855653107496266,-0.5875191215051535,0.6566930912039529,1.348522350259646
Ayden Heaven,13080,2025-26,Manchester United,30000000.0,17.216707972959764,16.31258131182787,30000000.00000005,12146859.65218222,15.445048513747249,17.15436262032006,5101516.047454694,28186750.493494134,0.9041266611318939,-0.5951046782605934,0.666893256826816,1.3557291993532399
Chris Rigg,13719,2025-26,Sunderland,25000000.0,17.034386422832473,16.146494573136135,24999999.999999963,10288059.161072731,15.321988851632582,16.979756101668094,4510816.016088259,23670877.65091929,0.8878918496963379,-0.5884776335570902,0.6467821193225048,1.372783543593308
Alexander Isak,5232,2025-26,Liverpool,140000000.0,18.757152987716434,17.830859032393974,139999999.99999985,55442611.36929035,17.006686821957686,18.65608715661085,24317012.85504,126542293.81457688,0.9262939553224605,-0.6039813473622113,0.6435177459534024,1.4394225507334093
Tyler Dibling,10586,2025-26,Everton,35000000.0,17.370858648025116,16.422237899454085,35000000.000000015,13554617.547865953,15.588725711305681,17.25335947790126,5889758.431855855,31119943.625955112,0.948620748571031,-0.6127252129181158,0.6494611082656074,1.4606274902346845
William Osula,9556,2025-26,Newcastle United,28000000.0,17.147715103853763,16.210628022368574,27999999.99999999,10969485.507603614,15.394567754529012,17.027622784686237,4850379.699275084,24831479.587564077,0.9370870814851884,-0.608232660442728,0.637140583729556,1.470769725575901
Charalampos Kostoulas,14118,2025-26,,25000000.0,17.034386422832473,15.992458865937541,24999999.999999963,8819350.20662286,15.11484339950137,16.920877901358775,3666848.481715697,22317414.62490325,1.0419275568949313,-0.6472259917350851,0.7046289656499574,1.4786896475847344
Mamadou Sarr,11253,2025-26,Chelsea,22000000.0,16.906553056777135,15.938262612688867,22000000.000000007,8354095.812139793,15.110730058196232,16.787203937627183,3651796.456564044,19524953.7789254,0.968290444088268,-0.620268372175464,0.6540805584764351,1.480384077373786
Abduqodir Khusanov,11763,2025-26,,50000000.0,17.72753358339242,16.764226187758588,50000000.00000009,19081429.362423245,15.945036029601038,17.583403503794184,8410873.665733343,43288755.91848595,0.9633073956338336,-0.6183714127515357,0.639213247315027,1.50702038745308
Luis Guilherme,13026,2025-26,,12000000.0,16.300417291085605,15.306640549393787,12000000.000000007,4442111.232800054,14.454063887052229,16.14262388863128,1893738.2791563522,10248314.295561913,0.9937767416918177,-0.629824063933329,0.6587959898478609,1.5084741816982152
Treymaurice Nyoni,12203,2025-26,,8000000.0,15.894952224644102,14.906962560047218,8000000.000000002,2978594.8615756896,14.073366148928631,15.740216055960115,1294150.9178990466,6853129.1081275055,0.9879896645968849,-0.627675642303039,0.6503257411070515,1.5192227558377545
Iliman Ndiaye,9307,2025-26,,55000000.0,17.822843761378564,16.787193910295098,55000000.000000075,19524757.996701483,15.942363582678661,17.598377249624154,8388426.057998524,43941828.027534164,1.0356498510834662,-0.6450044000599736,0.6460979544089159,1.6029300882571786
James Trafford,9077,2025-26,Manchester City,30000000.0,17.216707972959764,16.17481076571137,30000000.00000005,10583541.579294853,15.345046980812047,17.003556655713624,4616035.437195163,24241015.56324466,1.0418972072483932,-0.6472152806901721,0.6470717782769213,1.6101725376168423
Kobbie Mainoo,11174,2025-26,Manchester United,70000000.0,18.064005814299346,16.997935034604513,69999999.99999991,24105124.075930353,16.159247241926938,17.850672287108793,10420099.528867086,56552064.61595884,1.066070779694833,-0.6556410846295659,0.6599137939143441,1.6154697621507932
Tyler Fredricson,13467,2025-26,Manchester United,3000000.0,14.914123179965662,13.85245580777892,3000000.000000001,1037635.2085081827,13.012847387493595,14.695136824564045,448132.91650244384,2409997.8410245487,1.0616673721867418,-0.6541215971639391,0.6563495131171043,1.6175335716251558
Kaye Furo,14356,2025-26,Brentford,2500000.0,14.731801689838349,13.547086239408516,2499999.9999999995,764582.2853875438,12.631323127282277,14.466910489003302,305993.72042796045,1918223.3319982565,1.1847154504298327,-0.6941670858449823,0.7161590892751063,1.654262953820774
Mamadou Sarr,11253,2025-26,Chelsea,25000000.0,17.034386422832473,15.932604648326922,24999999.999999963,8306962.096281936,15.099775245342993,16.7762574809019,3612010.0232050368,19312390.23770724,1.1017817745055503,-0.667721516148722,0.6540838186410626,1.684465726112341
Alysson Edward,14446,2025-26,Aston Villa,10000000.0,16.118095750958314,15.024665630906185,9999999.999999996,3350651.399319388,14.201497881179042,15.860905937330166,1471065.0223085154,7732214.0919208545,1.0934301200521297,-0.6649348600680611,0.647422284011987,1.688897875550859
Josh Acheampong,12535,2025-26,Chelsea,25000000.0,17.034386422832473,15.864448466456105,24999999.999999963,7759654.264200043,14.97336504397232,16.73205720251547,3183095.566389646,18477367.235094536,1.1699379563763674,-0.6896138294319978,0.6861582296996411,1.7050556354741908
Tyler Fredricson,13467,2025-26,Manchester United,3000000.0,14.914123179965662,13.790126310716904,3000000.000000001,974934.2238703594,12.951042639264186,14.633265887465118,421274.6458974052,2265408.0292598535,1.1239968692487583,-0.6750219253765469,0.6563236893609037,1.7125648326715925
Nilson Angulo,14424,2025-26,Sunderland,17000000.0,16.648723960844016,15.486743875380103,16999999.999999974,5318722.4279971,14.639568832210605,16.342249608149476,2279731.870968247,12512635.456361653,1.161980085463913,-0.6871339748236994,0.6643052459673331,1.749165903050919
Djordje Petrovic,12032,2025-26,,28000000.0,17.147715103853763,16.004154096841948,27999999.99999999,8923100.06211035,15.164892977527257,16.833820999754938,3855042.9956223974,20456698.68493505,1.1435610070118152,-0.6813178549246303,0.6511365230493076,1.756253821635526
Djordje Petrovic,12032,2025-26,,28000000.0,17.147715103853763,15.995333482352999,27999999.99999999,8844738.932315787,15.157453183826528,16.830328202819196,3826468.688861582,20385372.223895416,1.1523816215007638,-0.6841164667030075,0.6526764539006158,1.7656246285793529
Chris Wood,4456,2025-26,Nottingham Forest,5000000.0,15.424948670398354,14.277218187330421,4999999.999999999,1586780.3071429308,13.450078439981613,15.104521551272711,693895.7408245619,3629194.4816310303,1.1477304830679333,-0.6826439385714137,0.6454851981159915,1.7780895463100768
Odsonne Edouard,3697,2025-26,,12000000.0,16.300417291085605,15.048208499698703,12000000.000000007,3430471.276819991,14.139775669673497,15.943406245496007,1383012.9117037596,8397176.920294497,1.2522087913869022,-0.7141273935983342,0.7036910677782802,1.7794865513078386
Anthony Elanga,9524,2025-26,Newcastle United,55000000.0,17.822843761378564,16.667116082942872,55000000.000000075,17315559.0995145,15.85021459377471,17.49457582089545,7649986.667995678,39609351.43318146,1.1557276784356922,-0.6851716527361005,0.6415517253016808,1.8014567381799609
Eberechi Eze,8706,2025-26,,65000000.0,17.989897843244528,16.80894767023612,65000000.00000007,19954148.411732063,15.973683658107324,17.636482879504847,8655309.819742238,45648570.839246996,1.1809501730084087,-0.6930131013579686,0.6487453557791434,1.8203601189407932
Romain Esse,13387,2025-26,Crystal Palace,10000000.0,16.118095750958314,14.91560037583918,9999999.999999996,3004434.8638726105,14.07943662224652,15.767817424413213,1302030.926077041,7044919.540585599,1.2024953751191347,-0.6995565136127389,0.6587260747402336,1.8254862244421322
Romain Esse,13387,2025-26,Crystal Palace,10000000.0,16.118095750958314,14.876833034736574,9999999.999999996,2890189.6730223256,14.037402947395533,15.725752370885763,1248436.0256171878,6754720.98011698,1.2412627162217404,-0.7109810326977672,0.6587138322696072,1.8843732367740835
Eberechi Eze,8706,2025-26,,65000000.0,17.989897843244528,16.771647807430927,65000000.00000007,19223571.290606562,15.947483186798298,17.601909764345045,8431481.603353923,44097327.676133476,1.2182500358136004,-0.7042527493752839,0.645478747433478,1.887358864497938
Valentino Livramento,9512,2025-26,,40000000.0,17.50439003707821,16.27326674663823,39999999.999999985,11678576.594297126,15.435205891898068,17.09105003825207,5051550.04590861,26457493.928152088,1.231123290439978,-0.7080355851425717,0.6460318155179287,1.9056697532039921
Veljko Milosavljevic,14027,2025-26,Bournemouth,20000000.0,16.811242881518265,15.583683654586709,20000000.000000015,5860136.670793536,14.77400385172902,16.41051617263317,2607763.3770629475,13396661.579021366,1.2275592269315556,-0.7069931664603234,0.6384894545293391,1.922599062871677
Rio Ngumoha,13692,2025-26,Liverpool,30000000.0,17.216707972959764,15.853932353613231,30000000.00000005,7678480.418554248,14.983479078299307,16.793526586049403,3215452.8699391107,19648794.29090859,1.3627756193465324,-0.7440506527148587,0.7061946501307383,1.9297450343106404
Max Dowman,13872,2025-26,,20000000.0,16.811242881518265,15.396112636782147,20000000.000000015,4857878.757427796,14.518766409048562,16.29014279492248,2020318.871459274,11877337.263749694,1.4151302447361171,-0.7571060621286103,0.6911070133330418,2.0476282506688603
Rayan,14395,2025-26,Bournemouth,60000000.0,17.909855136853043,16.581338549458742,60000000.0000001,15892192.145264998,15.75473711923561,17.408927426303435,6953369.883985345,36358093.75064545,1.3285165873943008,-0.7351301309122504,0.6453865659037202,2.058481935603988
Eli Junior Kroupi,11504,2025-26,Bournemouth,70000000.0,18.064005814299346,16.73868199405786,69999999.99999991,18600182.310867697,15.923523267470845,17.558628814457606,8231864.909836839,42229466.3794889,1.3253238202414863,-0.7342831098447469,0.6379405980986934,2.077503492004518
Tyrique George,12573,2025-26,Chelsea,20000000.0,16.811242881518265,15.423949316222433,20000000.000000015,4995005.72406195,14.5648920813442,16.26209060081834,2115690.1064046053,11548781.762132319,1.3872935652958311,-0.7502497137969026,0.6621663296298,2.095083218851419
Chris Wood,4456,2025-26,Nottingham Forest,8000000.0,15.894952224644102,14.538423093029749,8000000.000000002,2060424.5416105883,13.720261669563524,15.372355754235356,909145.6302563007,4743830.755010376,1.3565291316143533,-0.7424469322986765,0.6445687193912966,2.1045531543873275
Tyrique George,12573,2025-26,Chelsea,20000000.0,16.811242881518265,15.404933867181617,20000000.000000015,4900920.796787893,14.5437095456553,16.24622386579921,2071345.7253508833,11366986.350017857,1.4063090143366477,-0.7549539601606056,0.6642403028145248,2.117169055201593
Estêvão,13775,2025-26,Chelsea,80000000.0,18.197537205138154,16.83353744361293,79999999.99999988,20450898.884417553,16.02700005023081,17.665941568466916,9129303.299140045,47013321.100962535,1.3639997615252248,-0.7443637639447802,0.6394372120619974,2.13312540433286
Valentino Livramento,9512,2025-26,,45000000.0,17.622173069956816,16.232625091216928,44999999.999999985,11213455.532840379,15.392532844318817,17.053362398630455,4840519.645631135,25478929.116299704,1.3895479787398877,-0.7508120992702138,0.64797688514363,2.144440659224876
Treymaurice Nyoni,12203,2025-26,,6000000.0,15.607270193858982,14.061683499374237,6000000.0,1279119.7673634214,13.16616044607796,15.000124109373962,522384.1583742262,3269422.1133492813,1.5455866944847454,-0.7868133721060964,0.7155255991947259,2.160071835618733
Chris Rigg,13719,2025-26,Sunderland,25000000.0,17.034386422832473,15.571076410284023,24999999.999999963,5786720.2453501085,14.710506612288631,16.44532870138154,2447325.1330881463,13871246.095147364,1.4633100125484493,-0.7685311901859954,0.6768452612433812,2.1619565007522006
Veljko Milosavljevic,14027,2025-26,Bournemouth,15000000.0,16.52356082573315,14.945827713017989,15000000.00000001,3096637.4589366606,14.070696829486696,15.830285503401123,1290701.0195126522,7499038.49821888,1.5777331127151601,-0.7935575027375562,0.6865080074575426,2.2982005971907555
Jonah Kusi-Asare,13262,2025-26,FC Bayern,4000000.0,15.201805169084134,13.570548396032645,4000000.0000000005,782733.1548300144,12.641345756570491,14.43890034507727,309076.0126087971,1865239.1043965803,1.6312567730514882,-0.8043167112924965,0.7013205058354256,2.3259790060014085
Kaye Furo,14356,2025-26,Brentford,8000000.0,15.894952224644102,14.00903007017611,8000000.000000002,1213512.0646444755,13.09026063522202,14.959785213428013,484202.5403554777,3140161.8306286307,1.885922154467993,-0.8483109919194406,0.729399780814636,2.585580917451998
Ethan Nwaneri,11132,2025-26,Arsenal,45000000.0,17.622173069956816,15.973511295743718,44999999.999999985,8653818.098473592,15.14788232406262,16.780427060579207,3790020.781207788,19393082.902072776,1.6486617742130978,-0.8076929311450312,0.6369414913645927,2.588403796212084
Max Dowman,13872,2025-26,,30000000.0,17.216707972959764,15.396112636782147,30000000.00000005,4857878.757427796,14.518766409048562,16.29014279492248,2020318.871459274,11877337.263749694,1.8205953361776164,-0.8380707080857404,0.6911070133330418,2.634317552931963
Estêvão,13775,2025-26,Chelsea,80000000.0,18.197537205138154,16.415836306341987,79999999.99999988,13468123.540234236,15.581836603473263,17.26326433049544,5849322.687048524,31429713.67100781,1.781700898796167,-0.8316484557470718,0.6560133147447135,2.7159523423537726
